longitude,latitude,housing_median_age,total_rooms,total_bedrooms,population,households,median_income,median_house_value,ocean_proximity
-118.39,34.12,29.0,6447.0,1012.0,2184.0,960.0,8.2816,483102.52,<1H OCEAN
-120.42,34.89,24.0,2020.0,307.0,855.0,283.0,5.0099,218965.06,<1H OCEAN
-118.45,34.25,36.0,1453.0,270.0,808.0,275.0,4.3839,204277.0,<1H OCEAN
-118.1,33.91,35.0,1653.0,325.0,1072.0,301.0,3.2708,167198.0,<1H OCEAN
-117.07,32.77,38.0,3779.0,614.0,1495.0,614.0,4.3529,208725.0,NEAR OCEAN
-118.04,33.93,35.0,1805.0,387.0,1505.0,366.0,4.1667,164633.0,<1H OCEAN
-122.27,37.83,49.0,1655.0,366.0,754.0,329.0,1.375,115452.0,NEAR BAY
-122.26,37.46,26.0,5067.0,750.0,1996.0,728.0,7.0001,434810.29,NEAR OCEAN
-122.03,37.36,16.0,2697.0,803.0,1369.0,723.0,4.4699,286438.01,<1H OCEAN
-117.61,33.43,24.0,2303.0,399.0,851.0,379.0,3.9875,255629.07,NEAR OCEAN
-118.32,34.06,36.0,3239.0,722.0,1383.0,612.0,4.5918,404021.28,<1H OCEAN
-121.23,37.96,44.0,2204.0,473.0,1277.0,435.0,1.5539,70897.0,INLAND
-121.2,37.81,26.0,395.0,74.0,193.0,72.0,7.3718,270757.02,INLAND
-121.91,37.24,24.0,5046.0,1001.0,2449.0,968.0,4.7118,273718.01,<1H OCEAN
-118.48,34.28,35.0,2132.0,368.0,1128.0,341.0,5.3107,236916.0,<1H OCEAN
-117.65,34.1,44.0,1526.0,337.0,831.0,326.0,3.0284,126286.0,INLAND
-121.59,39.82,12.0,1958.0,369.0,875.0,354.0,2.3507,95768.0,INLAND
-118.97,35.41,36.0,1896.0,315.0,937.0,303.0,3.996,96253.0,INLAND
-118.06,33.88,17.0,7187.0,1073.0,3844.0,1068.0,6.5901,344772.04,<1H OCEAN
-118.39,33.85,24.0,4373.0,871.0,1830.0,824.0,5.7128,375669.08,<1H OCEAN
-117.98,33.73,18.0,3833.0,,2192.0,996.0,3.4679,197168.0,<1H OCEAN
-118.32,33.79,35.0,2924.0,658.0,1675.0,602.0,3.8287,297125.0,<1H OCEAN
-120.27,34.72,14.0,1289.0,277.0,693.0,237.0,3.2569,199021.0,<1H OCEAN
-119.65,36.33,52.0,1257.0,257.0,624.0,243.0,2.3523,65540.0,INLAND
-119.86,36.82,12.0,1488.0,253.0,675.0,223.0,4.7622,113740.0,INLAND
-119.23,35.78,8.0,1612.0,343.0,1230.0,330.0,2.1806,63552.0,INLAND
-118.35,34.16,45.0,1390.0,281.0,538.0,270.0,4.2212,316206.04,<1H OCEAN
-120.94,37.68,4.0,13315.0,2424.0,6420.0,2289.0,4.2471,168877.0,INLAND
-118.99,35.24,40.0,282.0,59.0,213.0,71.0,2.35,75077.0,INLAND
-121.11,37.47,12.0,2263.0,410.0,913.0,330.0,3.5795,135989.0,INLAND
-118.02,34.08,28.0,2769.0,631.0,2452.0,581.0,2.6071,174469.0,INLAND
-120.17,39.33,10.0,614.0,141.0,195.0,95.0,0.9283,103168.0,INLAND
-118.35,34.02,34.0,3978.0,1073.0,2725.0,1035.0,1.7622,138583.0,<1H OCEAN
-123.34,39.5,15.0,2342.0,535.0,1064.0,433.0,1.8967,86196.0,INLAND
-122.24,40.18,39.0,2191.0,493.0,1307.0,499.0,1.6483,61106.0,INLAND
-122.03,37.36,28.0,2490.0,345.0,948.0,361.0,6.4913,364669.04,<1H OCEAN
-117.09,32.58,12.0,2565.0,567.0,1785.0,545.0,3.0273,132124.0,NEAR OCEAN
-118.33,34.18,45.0,1552.0,315.0,785.0,316.0,3.7411,229877.01,<1H OCEAN
-121.44,38.53,37.0,1951.0,432.0,1089.0,411.0,2.3272,87289.0,INLAND
-119.7,34.43,35.0,1402.0,369.0,654.0,385.0,2.6205,320063.06,<1H OCEAN
-117.15,34.22,10.0,1039.0,174.0,317.0,109.0,7.2371,245326.0,INLAND
-118.37,33.87,18.0,2516.0,485.0,1128.0,433.0,5.0114,328204.0,<1H OCEAN
-118.01,33.85,29.0,3061.0,612.0,2396.0,640.0,4.6326,200621.0,<1H OCEAN
-122.32,37.94,47.0,1911.0,283.0,697.0,275.0,6.2712,336742.07,NEAR BAY
-117.96,33.94,34.0,2228.0,399.0,1159.0,378.0,4.8906,209587.0,<1H OCEAN
-117.96,34.14,33.0,1994.0,405.0,993.0,403.0,3.766,170365.0,INLAND
-117.55,34.0,17.0,3583.0,700.0,1587.0,719.0,2.6979,114071.0,INLAND
-122.28,37.86,41.0,2214.0,550.0,1213.0,568.0,2.2845,164993.0,NEAR BAY
-117.43,34.07,18.0,2453.0,537.0,1503.0,500.0,2.3768,110977.0,INLAND
-117.21,33.34,10.0,5294.0,817.0,2312.0,810.0,5.4563,316026.05,<1H OCEAN
-120.68,37.47,33.0,1028.0,226.0,658.0,197.0,2.3043,106874.0,INLAND
-122.83,38.96,15.0,1318.0,296.0,567.0,276.0,1.8692,86953.0,INLAND
-122.22,37.37,26.0,440.0,202.0,322.0,218.0,5.1831,400206.3,NEAR OCEAN
-116.87,32.75,15.0,2053.0,321.0,993.0,309.0,5.5164,196490.0,<1H OCEAN
-118.39,33.79,30.0,4402.0,563.0,1582.0,551.0,10.898,500001.0,NEAR OCEAN
-117.13,32.74,46.0,3355.0,768.0,1457.0,708.0,2.6604,177459.0,NEAR OCEAN
-122.45,37.74,38.0,5688.0,930.0,2263.0,908.0,6.203,411751.16,NEAR BAY
-122.47,38.29,14.0,3732.0,846.0,1277.0,775.0,2.5658,195152.0,NEAR BAY
-122.54,37.95,38.0,2310.0,400.0,971.0,386.0,5.697,394462.04,NEAR BAY
-123.1,38.79,20.0,3109.0,712.0,1643.0,638.0,2.8344,146267.0,<1H OCEAN
-117.07,32.56,9.0,3648.0,895.0,3293.0,840.0,3.0992,160881.0,NEAR OCEAN
-118.43,34.08,46.0,778.0,90.0,238.0,93.0,15.0001,481124.77,<1H OCEAN
-122.05,36.97,16.0,3363.0,611.0,1603.0,556.0,4.2542,283547.02,NEAR OCEAN
-122.25,37.49,43.0,2607.0,477.0,1225.0,461.0,4.224,341726.0,NEAR OCEAN
-117.87,34.14,30.0,2495.0,586.0,1139.0,559.0,2.9375,172143.0,INLAND
-118.2,34.05,42.0,1703.0,586.0,2490.0,581.0,2.02,142198.0,<1H OCEAN
-121.32,37.94,36.0,40.0,10.0,64.0,14.0,2.625,170630.16,INLAND
-120.96,38.66,11.0,2339.0,436.0,1062.0,380.0,3.9036,157222.0,INLAND
-120.43,34.96,24.0,2739.0,414.0,1171.0,413.0,4.8155,207149.0,<1H OCEAN
-122.28,37.9,52.0,2003.0,250.0,658.0,244.0,10.0825,492621.92,NEAR BAY
-122.0,37.08,17.0,4154.0,739.0,2149.0,693.0,5.5919,302542.02,NEAR OCEAN
-118.34,33.87,34.0,1069.0,217.0,601.0,212.0,4.6406,279790.0,<1H OCEAN
-118.52,34.21,36.0,1328.0,287.0,823.0,273.0,4.5648,206783.0,<1H OCEAN
-118.22,34.09,42.0,1706.0,488.0,1941.0,447.0,2.5213,149746.0,<1H OCEAN
-118.27,34.1,51.0,3149.0,519.0,1082.0,510.0,6.4459,465999.45,<1H OCEAN
-117.58,34.02,4.0,5998.0,1092.0,3182.0,1042.0,5.2692,177740.0,INLAND
-118.22,34.08,31.0,394.0,117.0,573.0,131.0,1.8173,144671.0,<1H OCEAN
-121.78,36.93,21.0,2794.0,662.0,2236.0,565.0,2.4053,160537.0,<1H OCEAN
-117.36,33.18,39.0,1546.0,291.0,833.0,308.0,2.8893,237680.0,NEAR OCEAN
-119.01,35.36,24.0,1941.0,484.0,1277.0,435.0,1.056,55955.0,INLAND
-117.81,34.11,21.0,3481.0,808.0,1866.0,746.0,3.6201,171405.0,INLAND
-118.1,34.02,33.0,1143.0,172.0,508.0,174.0,4.9107,200693.0,<1H OCEAN
-117.03,32.96,16.0,3424.0,698.0,1940.0,645.0,4.121,175767.0,<1H OCEAN
-122.23,39.75,16.0,2026.0,396.0,1031.0,382.0,1.9375,82070.0,INLAND
-121.96,37.1,20.0,922.0,155.0,361.0,135.0,6.3617,316215.0,<1H OCEAN
-121.06,39.04,15.0,1999.0,287.0,585.0,246.0,5.5161,198712.0,INLAND
-118.1,34.09,46.0,2822.0,525.0,1434.0,520.0,3.8906,242541.02,<1H OCEAN
-118.32,33.95,44.0,2131.0,360.0,1040.0,330.0,5.0912,229580.02,<1H OCEAN
-122.21,37.44,35.0,1140.0,193.0,486.0,199.0,4.6908,329327.17,NEAR OCEAN
-118.19,34.1,39.0,2054.0,423.0,1205.0,403.0,4.239,217698.0,<1H OCEAN
-122.38,40.09,16.0,2077.0,388.0,1155.0,389.0,3.1361,106167.0,INLAND
-117.3,33.06,31.0,2128.0,520.0,1049.0,485.0,4.027,341085.2,NEAR OCEAN
-122.13,37.71,44.0,1421.0,298.0,609.0,270.0,3.5781,191262.0,NEAR BAY
-118.29,33.98,44.0,2261.0,555.0,1348.0,455.0,1.9125,106362.0,<1H OCEAN
-121.53,39.52,30.0,1030.0,161.0,448.0,159.0,2.4821,70981.0,INLAND
-120.47,34.65,16.0,2549.0,428.0,1486.0,432.0,4.2875,178828.0,NEAR OCEAN
-118.3,34.0,52.0,1718.0,354.0,1026.0,312.0,2.0,114587.0,<1H OCEAN
-118.22,33.8,33.0,1984.0,477.0,1764.0,440.0,3.875,172044.0,NEAR OCEAN
-118.27,33.97,39.0,2569.0,688.0,2601.0,630.0,2.0754,112155.0,<1H OCEAN
-118.34,34.06,52.0,1311.0,310.0,707.0,290.0,3.4812,398014.12,<1H OCEAN
-119.21,34.18,13.0,6103.0,1319.0,2986.0,1212.0,3.9718,251282.06,NEAR OCEAN
-117.83,33.81,24.0,3550.0,895.0,2828.0,834.0,2.8403,175914.0,<1H OCEAN
-118.85,34.18,11.0,5873.0,1455.0,3089.0,1365.0,3.5504,234161.01,<1H OCEAN
-118.37,36.19,10.0,443.0,111.0,48.0,21.0,3.125,87687.0,INLAND
-121.85,37.39,15.0,8748.0,1547.0,4784.0,1524.0,5.8322,267399.0,<1H OCEAN
-118.37,33.85,25.0,5622.0,998.0,2537.0,1009.0,5.785,331697.02,<1H OCEAN
-118.96,35.37,32.0,1025.0,259.0,874.0,236.0,1.9612,57760.0,INLAND
-120.64,35.65,9.0,3466.0,673.0,2356.0,619.0,2.9926,168732.0,<1H OCEAN
-118.41,34.19,42.0,779.0,145.0,450.0,148.0,3.9792,208416.0,<1H OCEAN
-122.53,37.95,22.0,7446.0,1979.0,2980.0,1888.0,3.5838,268151.01,NEAR BAY
-117.33,34.15,28.0,1473.0,333.0,1196.0,312.0,1.6993,74426.0,INLAND
-117.23,33.57,6.0,13724.0,2269.0,5860.0,1986.0,3.9617,174941.0,<1H OCEAN
-120.44,37.28,12.0,2855.0,598.0,1658.0,586.0,2.3929,100336.0,INLAND
-117.2,33.7,23.0,6323.0,1196.0,1984.0,1124.0,2.3276,131652.0,<1H OCEAN
-121.34,38.64,12.0,2772.0,578.0,1335.0,565.0,3.8068,137092.0,INLAND
-117.28,34.12,36.0,2991.0,822.0,2378.0,751.0,1.3571,73873.0,INLAND
-119.48,36.5,32.0,3451.0,625.0,1968.0,574.0,2.9554,77323.0,INLAND
-122.04,37.04,17.0,4977.0,994.0,1987.0,947.0,3.8854,267095.04,NEAR OCEAN
-118.45,34.03,39.0,1657.0,402.0,931.0,363.0,3.7813,401807.36,<1H OCEAN
-117.47,33.92,18.0,3869.0,773.0,2500.0,726.0,3.6583,126385.0,INLAND
-121.94,37.75,16.0,5121.0,735.0,2464.0,761.0,6.6204,313691.0,<1H OCEAN
-117.28,34.51,10.0,4676.0,884.0,2845.0,812.0,3.0181,100154.0,INLAND
-120.95,35.44,30.0,6346.0,1410.0,1769.0,887.0,2.6864,239055.0,NEAR OCEAN
-117.9,33.97,23.0,7353.0,1255.0,4014.0,1124.0,5.4155,270214.0,<1H OCEAN
-120.77,38.38,15.0,4221.0,816.0,1737.0,743.0,2.3125,113937.0,INLAND
-116.93,32.8,19.0,1867.0,538.0,1219.0,468.0,2.0685,128784.0,<1H OCEAN
-118.13,33.81,34.0,1903.0,343.0,928.0,349.0,5.395,254990.0,<1H OCEAN
-117.4,33.95,46.0,2189.0,423.0,866.0,389.0,3.1384,122684.0,INLAND
-122.07,37.96,34.0,1692.0,290.0,836.0,289.0,5.0172,213611.01,NEAR BAY
-123.71,39.88,42.0,1518.0,383.0,656.0,303.0,1.4952,96690.0,NEAR OCEAN
-122.72,38.58,4.0,7042.0,1100.0,2936.0,1043.0,5.0555,222066.01,<1H OCEAN
-117.77,33.72,9.0,2153.0,316.0,954.0,324.0,7.8139,346262.01,<1H OCEAN
-117.93,34.07,34.0,1409.0,305.0,819.0,273.0,3.3977,190053.0,<1H OCEAN
-118.41,34.07,52.0,1202.0,142.0,408.0,138.0,15.0001,499831.99,<1H OCEAN
-120.07,36.97,28.0,1563.0,403.0,1564.0,408.0,1.5662,52381.0,INLAND
-119.27,36.05,29.0,1016.0,174.0,481.0,140.0,2.2917,65089.99,INLAND
-120.82,37.05,15.0,1385.0,288.0,775.0,255.0,1.933,87442.0,INLAND
-121.43,38.54,42.0,3321.0,688.0,1346.0,658.0,2.4618,104045.0,INLAND
-120.44,34.96,30.0,1685.0,315.0,1290.0,368.0,3.4722,158730.0,<1H OCEAN
-120.35,37.95,13.0,2104.0,407.0,960.0,401.0,2.4,110414.0,INLAND
-118.17,33.95,23.0,1991.0,584.0,1380.0,535.0,1.9107,152494.0,<1H OCEAN
-121.57,39.5,31.0,2023.0,469.0,1073.0,436.0,1.5714,56847.0,INLAND
-117.82,33.88,18.0,1982.0,300.0,1027.0,324.0,7.0526,281564.0,<1H OCEAN
-121.9,37.44,4.0,1646.0,408.0,853.0,410.0,5.0821,242720.01,<1H OCEAN
-121.45,38.54,38.0,1865.0,384.0,1052.0,354.0,1.7891,65271.0,INLAND
-119.81,36.83,19.0,6789.0,1200.0,2325.0,1109.0,4.049,118030.0,INLAND
-118.36,33.8,34.0,2629.0,369.0,966.0,375.0,10.1241,498570.98,NEAR OCEAN
-117.68,33.59,8.0,2327.0,263.0,899.0,236.0,14.9009,487966.42,<1H OCEAN
-118.04,33.88,17.0,4807.0,838.0,3059.0,853.0,5.7619,283755.0,<1H OCEAN
-118.43,34.01,41.0,1527.0,279.0,746.0,285.0,6.4232,440052.29,<1H OCEAN
-122.71,38.5,15.0,5645.0,830.0,2324.0,769.0,6.6104,324391.01,<1H OCEAN
-121.83,36.6,30.0,2748.0,502.0,1491.0,535.0,4.3472,228757.01,<1H OCEAN
-120.82,35.31,16.0,3924.0,699.0,1325.0,638.0,2.5172,217020.01,NEAR OCEAN
-120.06,36.95,24.0,646.0,134.0,454.0,149.0,2.125,74568.0,INLAND
-122.14,37.68,31.0,3184.0,716.0,1561.0,628.0,2.7955,167899.0,NEAR BAY
-116.46,33.78,25.0,1137.0,414.0,604.0,240.0,1.3801,80547.0,INLAND
-121.09,38.19,23.0,762.0,140.0,358.0,141.0,2.4545,120486.0,INLAND
-121.32,38.57,15.0,3369.0,499.0,1733.0,470.0,5.31,181733.0,INLAND
-120.99,37.66,30.0,1718.0,395.0,914.0,400.0,1.933,89414.0,INLAND
-122.22,37.79,37.0,2343.0,574.0,1608.0,523.0,2.1494,126405.0,NEAR BAY
-122.47,37.78,52.0,2169.0,522.0,1220.0,505.0,3.1989,422536.02,NEAR BAY
-117.91,33.61,40.0,2790.0,531.0,952.0,424.0,4.8,438007.45,<1H OCEAN
-121.53,39.06,20.0,561.0,109.0,308.0,114.0,3.3021,114467.0,INLAND
-117.04,32.83,8.0,2205.0,348.0,777.0,341.0,6.0266,282624.03,<1H OCEAN
-118.13,34.11,52.0,2568.0,345.0,1102.0,345.0,9.1373,486512.79,<1H OCEAN
-122.32,38.06,4.0,7999.0,1611.0,3596.0,1396.0,5.0969,198509.0,NEAR BAY
-121.73,37.68,17.0,20354.0,3493.0,8768.0,3293.0,5.4496,229201.0,INLAND
-118.98,35.4,36.0,1864.0,331.0,1052.0,325.0,3.4205,83204.0,INLAND
-121.9,37.25,28.0,2714.0,502.0,1389.0,490.0,5.7385,296147.02,<1H OCEAN
-121.3,38.69,13.0,2135.0,429.0,779.0,432.0,3.6995,129766.0,INLAND
-115.64,32.75,19.0,377.0,69.0,198.0,55.0,1.625,71686.0,INLAND
-117.89,33.76,34.0,1050.0,210.0,723.0,201.0,4.8,191495.0,<1H OCEAN
-118.36,33.92,46.0,1231.0,231.0,793.0,256.0,4.1023,211108.0,<1H OCEAN
-117.06,32.58,11.0,2879.0,679.0,2098.0,673.0,3.5125,133714.0,NEAR OCEAN
-115.49,32.67,25.0,2322.0,573.0,2185.0,602.0,1.375,69085.0,INLAND
-117.31,34.09,34.0,1336.0,345.0,1009.0,311.0,1.608,71972.0,INLAND
-121.03,39.21,28.0,2843.0,535.0,1310.0,525.0,3.2337,146508.0,INLAND
-117.05,32.72,35.0,1777.0,369.0,1158.0,353.0,3.4107,128432.0,NEAR OCEAN
-117.95,33.92,18.0,2825.0,660.0,1590.0,643.0,3.6106,183333.0,<1H OCEAN
-119.01,35.31,19.0,7092.0,1517.0,4101.0,1436.0,2.1006,73839.0,INLAND
-119.17,34.27,18.0,8010.0,1539.0,3982.0,1483.0,4.0905,235613.02,NEAR OCEAN
-118.07,34.14,42.0,3200.0,685.0,1668.0,628.0,3.375,237317.0,INLAND
-122.23,38.1,46.0,4143.0,895.0,2240.0,847.0,2.4201,123567.0,NEAR BAY
-117.75,34.06,52.0,62.0,9.0,44.0,16.0,0.4999,308703.4,INLAND
-118.27,33.81,42.0,865.0,208.0,811.0,218.0,3.8621,175516.0,<1H OCEAN
-121.32,38.0,21.0,1795.0,482.0,1114.0,472.0,2.0091,96243.0,INLAND
-118.99,36.06,19.0,2153.0,458.0,1317.0,386.0,1.7564,58123.0,INLAND
-122.37,40.54,28.0,2213.0,390.0,1096.0,378.0,3.6923,105632.0,INLAND
-120.39,37.98,52.0,1056.0,274.0,584.0,255.0,2.1513,99326.0,INLAND
-118.33,34.11,48.0,1601.0,464.0,784.0,461.0,3.0642,309989.05,<1H OCEAN
-118.08,33.89,37.0,1152.0,259.0,981.0,225.0,3.2857,158601.0,<1H OCEAN
-117.25,33.36,6.0,3725.0,960.0,2833.0,915.0,2.3214,155310.0,<1H OCEAN
-119.15,36.29,18.0,1435.0,,657.0,254.0,2.4281,80506.0,INLAND
-117.63,33.94,36.0,447.0,95.0,2886.0,85.0,4.2578,184158.03,INLAND
-118.55,34.19,18.0,5862.0,,3161.0,1280.0,3.1106,218394.02,<1H OCEAN
-117.89,33.71,16.0,1591.0,225.0,926.0,239.0,6.2452,260374.0,<1H OCEAN
-117.69,33.66,5.0,4246.0,689.0,1933.0,722.0,6.9501,312212.02,<1H OCEAN
-118.35,33.88,25.0,1459.0,362.0,1150.0,354.0,3.35,242675.0,<1H OCEAN
-118.09,34.16,45.0,2199.0,358.0,942.0,353.0,5.0393,344642.0,INLAND
-121.05,39.11,7.0,2767.0,423.0,1143.0,382.0,3.6333,173464.0,INLAND
-118.21,34.1,40.0,1684.0,316.0,795.0,330.0,5.2723,332813.03,<1H OCEAN
-119.04,36.07,17.0,2623.0,659.0,1912.0,618.0,1.5893,61700.0,INLAND
-117.3,34.15,33.0,1607.0,282.0,608.0,260.0,4.3438,139866.0,INLAND
-117.75,34.06,44.0,477.0,135.0,502.0,117.0,2.0156,100584.0,INLAND
-114.61,33.62,16.0,1187.0,261.0,1115.0,242.0,2.1759,63806.0,INLAND
-117.61,34.13,21.0,8416.0,1386.0,4308.0,1341.0,4.4611,179688.0,INLAND
-118.11,34.05,23.0,3436.0,565.0,1729.0,529.0,5.9941,289765.01,<1H OCEAN
-118.95,35.26,24.0,1341.0,214.0,667.0,184.0,4.0,98505.0,INLAND
-118.35,33.9,25.0,3309.0,902.0,2299.0,837.0,3.0417,217860.0,<1H OCEAN
-122.89,38.93,20.0,1214.0,247.0,504.0,223.0,2.7188,177947.0,<1H OCEAN
-121.89,36.6,40.0,626.0,164.0,337.0,150.0,2.7917,219716.0,<1H OCEAN
-118.31,34.26,34.0,1797.0,363.0,948.0,363.0,4.1339,234464.01,<1H OCEAN
-122.01,37.25,31.0,1574.0,193.0,551.0,191.0,10.2311,499093.98,<1H OCEAN
-118.37,34.04,43.0,888.0,170.0,514.0,161.0,3.1827,264489.01,<1H OCEAN
-117.19,32.76,52.0,1294.0,175.0,434.0,180.0,5.7914,348299.12,NEAR OCEAN
-119.71,36.8,17.0,2056.0,366.0,1259.0,367.0,3.9338,90178.0,INLAND
-117.28,34.68,28.0,1932.0,421.0,1156.0,404.0,1.8958,81074.0,INLAND
-120.84,35.32,15.0,2419.0,538.0,1279.0,522.0,3.4762,214304.0,NEAR OCEAN
-118.13,34.02,43.0,396.0,91.0,261.0,73.0,2.9044,177287.0,<1H OCEAN
-117.02,33.6,7.0,1972.0,352.0,964.0,317.0,3.244,140768.0,INLAND
-116.97,32.76,33.0,3071.0,466.0,1348.0,513.0,6.1768,346572.04,<1H OCEAN
-117.71,33.61,26.0,3046.0,726.0,888.0,663.0,2.6848,123362.0,<1H OCEAN
-121.58,39.79,19.0,2636.0,523.0,1184.0,465.0,2.7863,100832.0,INLAND
-118.24,34.15,19.0,4852.0,1465.0,3171.0,1332.0,2.5924,224074.0,<1H OCEAN
-122.68,38.44,29.0,2796.0,588.0,1346.0,562.0,2.9107,178120.0,<1H OCEAN
-118.14,33.84,43.0,2107.0,439.0,876.0,429.0,3.2024,220056.0,<1H OCEAN
-117.88,34.1,32.0,3357.0,621.0,1696.0,604.0,4.2685,188913.0,<1H OCEAN
-117.67,33.44,25.0,2994.0,519.0,903.0,410.0,6.6852,318701.09,<1H OCEAN
-120.47,34.64,16.0,1912.0,406.0,1009.0,417.0,3.4063,189577.0,NEAR OCEAN
-122.22,37.47,23.0,7740.0,1943.0,4124.0,1743.0,3.3268,309927.15,NEAR OCEAN
-122.25,37.86,52.0,1709.0,318.0,719.0,295.0,5.0463,303954.04,NEAR BAY
-118.11,34.06,30.0,1547.0,436.0,1700.0,410.0,2.5488,177579.0,<1H OCEAN
-122.2,39.52,39.0,2551.0,482.0,1181.0,437.0,2.0625,65684.0,INLAND
-119.9,36.58,20.0,1935.0,363.0,1319.0,359.0,2.4814,70766.0,INLAND
-118.26,33.79,42.0,1162.0,264.0,1044.0,241.0,3.5488,168078.0,<1H OCEAN
-122.51,37.53,17.0,1574.0,262.0,672.0,241.0,7.2929,385251.19,NEAR OCEAN
-118.37,33.93,46.0,442.0,88.0,255.0,94.0,4.4474,234434.0,<1H OCEAN
-118.31,33.99,48.0,2235.0,433.0,1363.0,433.0,1.6559,109647.0,<1H OCEAN
-117.94,33.65,15.0,2016.0,443.0,1015.0,419.0,5.2732,255541.03,<1H OCEAN
-118.46,34.0,44.0,941.0,230.0,493.0,206.0,3.6458,348860.05,<1H OCEAN
-122.33,37.95,46.0,1543.0,339.0,777.0,322.0,4.0927,147132.0,NEAR BAY
-117.67,34.05,6.0,2833.0,628.0,1717.0,589.0,3.2062,133002.0,INLAND
-118.05,33.94,34.0,495.0,120.0,527.0,130.0,1.9453,147018.0,<1H OCEAN
-118.27,33.89,32.0,1969.0,397.0,1349.0,370.0,4.4659,175552.0,<1H OCEAN
-117.16,33.57,2.0,20391.0,3245.0,7132.0,2716.0,3.9443,199545.01,<1H OCEAN
-118.46,34.03,27.0,1965.0,631.0,1042.0,596.0,2.75,338679.02,<1H OCEAN
-122.44,37.77,52.0,5604.0,1268.0,2023.0,1196.0,4.4085,442825.42,NEAR BAY
-122.03,37.6,24.0,2077.0,383.0,1488.0,389.0,4.5721,206833.0,NEAR BAY
-117.96,34.71,32.0,3511.0,646.0,1733.0,510.0,3.46,97876.0,INLAND
-117.83,34.01,16.0,9446.0,1650.0,4911.0,1534.0,5.0111,245820.0,<1H OCEAN
-118.62,34.2,29.0,2421.0,402.0,1120.0,388.0,5.0309,244865.01,<1H OCEAN
-121.45,38.62,37.0,1534.0,315.0,1147.0,322.0,2.5643,87483.0,INLAND
-122.48,37.71,39.0,3615.0,632.0,1571.0,615.0,5.1149,334032.02,NEAR OCEAN
-123.22,39.15,45.0,1348.0,265.0,639.0,270.0,3.3667,125966.0,<1H OCEAN
-122.11,37.39,36.0,1660.0,261.0,655.0,249.0,6.3967,397301.11,NEAR BAY
-117.71,33.47,17.0,2681.0,454.0,830.0,410.0,5.5507,286330.08,<1H OCEAN
-118.07,33.87,18.0,3405.0,556.0,1945.0,509.0,5.7652,287675.0,<1H OCEAN
-122.11,37.66,29.0,2544.0,643.0,2332.0,603.0,3.2091,189090.0,NEAR BAY
-117.93,34.04,30.0,1336.0,239.0,905.0,253.0,4.8854,181942.0,<1H OCEAN
-122.03,37.39,34.0,2600.0,650.0,1994.0,650.0,4.0223,244731.01,<1H OCEAN
-118.35,33.9,31.0,1547.0,,956.0,287.0,3.4698,230291.0,<1H OCEAN
-117.13,32.72,9.0,2436.0,720.0,1780.0,653.0,1.8299,135147.0,NEAR OCEAN
-121.66,36.82,17.0,3921.0,654.0,1895.0,641.0,5.0092,256921.0,<1H OCEAN
-118.13,34.05,35.0,3229.0,616.0,1879.0,595.0,3.9531,254649.0,<1H OCEAN
-118.28,34.05,41.0,1788.0,774.0,2931.0,702.0,1.4413,186448.0,<1H OCEAN
-118.17,34.1,25.0,4444.0,647.0,1922.0,652.0,8.058,456613.51,<1H OCEAN
-121.33,37.97,36.0,1953.0,492.0,999.0,371.0,2.0043,81053.0,INLAND
-117.23,32.74,16.0,1953.0,404.0,798.0,385.0,4.8167,237233.0,NEAR OCEAN
-121.29,38.6,29.0,1276.0,225.0,600.0,223.0,4.0938,145357.0,INLAND
-117.95,34.04,36.0,1044.0,200.0,982.0,205.0,4.7679,167150.0,<1H OCEAN
-121.83,36.61,26.0,3723.0,789.0,2563.0,747.0,3.4531,204286.02,<1H OCEAN
-119.21,34.26,26.0,2406.0,411.0,1313.0,391.0,4.9079,238705.02,NEAR OCEAN
-118.29,33.91,28.0,1501.0,446.0,1028.0,418.0,2.3043,145072.0,<1H OCEAN
-118.74,34.26,27.0,3467.0,545.0,1798.0,493.0,4.8717,225276.0,<1H OCEAN
-118.2,33.96,44.0,2144.0,477.0,1760.0,452.0,2.3221,154165.0,<1H OCEAN
-117.93,33.65,29.0,1253.0,375.0,1198.0,362.0,3.5179,267313.04,<1H OCEAN
-124.09,40.88,31.0,1982.0,495.0,1052.0,467.0,1.5326,73460.0,NEAR OCEAN
-121.39,38.56,19.0,8507.0,1470.0,3517.0,1453.0,4.3644,163692.0,INLAND
-117.33,34.13,30.0,2335.0,363.0,1214.0,311.0,2.2449,83712.0,INLAND
-118.75,34.33,27.0,534.0,85.0,243.0,77.0,8.2787,450972.63,<1H OCEAN
-118.1,33.93,36.0,1124.0,217.0,707.0,234.0,4.375,176229.0,<1H OCEAN
-118.49,34.25,33.0,2088.0,383.0,960.0,362.0,4.3333,250598.02,<1H OCEAN
-117.69,34.06,29.0,873.0,226.0,649.0,198.0,2.7986,132322.0,INLAND
-117.06,32.57,18.0,1384.0,311.0,1429.0,287.0,1.3362,108840.0,NEAR OCEAN
-118.46,34.29,24.0,3668.0,890.0,3151.0,810.0,3.0526,185923.0,<1H OCEAN
-121.74,38.55,33.0,6861.0,1820.0,3717.0,1767.0,1.7311,109296.0,INLAND
-116.89,33.73,15.0,2094.0,316.0,937.0,277.0,5.3623,165225.0,INLAND
-121.89,37.25,26.0,1741.0,323.0,1007.0,339.0,4.7069,244483.0,<1H OCEAN
-122.15,37.72,31.0,1616.0,372.0,739.0,379.0,2.9097,170078.0,NEAR BAY
-119.29,34.26,32.0,3295.0,764.0,1344.0,600.0,3.6007,253595.01,NEAR OCEAN
-118.19,33.89,38.0,4018.0,986.0,3702.0,927.0,2.9293,147895.0,<1H OCEAN
-117.66,34.06,24.0,4043.0,952.0,2174.0,859.0,2.2244,132336.0,INLAND
-118.06,33.8,20.0,1379.0,333.0,937.0,304.0,3.6217,201771.0,<1H OCEAN
-118.0,33.95,35.0,1431.0,210.0,505.0,213.0,6.8109,364730.17,<1H OCEAN
-117.95,33.84,18.0,3418.0,815.0,1961.0,773.0,3.65,185791.0,<1H OCEAN
-117.88,33.9,21.0,3180.0,434.0,1413.0,391.0,6.5945,318764.11,<1H OCEAN
-118.12,34.11,48.0,2124.0,319.0,785.0,319.0,5.2131,342782.04,<1H OCEAN
-120.99,37.69,25.0,2773.0,384.0,1060.0,381.0,6.4788,262193.01,INLAND
-118.37,33.91,41.0,1869.0,427.0,1334.0,435.0,3.9355,256712.0,<1H OCEAN
-121.74,36.47,28.0,1973.0,343.0,970.0,349.0,4.25,233421.01,<1H OCEAN
-122.19,37.48,35.0,7067.0,1646.0,5380.0,1597.0,4.1776,371163.33,NEAR BAY
-116.95,32.78,20.0,3425.0,448.0,1489.0,443.0,6.2552,288261.0,<1H OCEAN
-117.8,33.76,27.0,2655.0,345.0,1017.0,335.0,6.9014,346299.03,<1H OCEAN
-115.54,32.79,23.0,1712.0,403.0,1370.0,377.0,1.275,57694.0,INLAND
-118.43,34.17,35.0,2922.0,507.0,1130.0,485.0,5.451,377724.19,<1H OCEAN
-120.69,35.49,16.0,2666.0,450.0,1203.0,429.0,4.1375,217423.0,<1H OCEAN
-118.32,33.94,37.0,2740.0,504.0,1468.0,479.0,4.5368,188674.0,<1H OCEAN
-121.18,37.96,35.0,411.0,74.0,193.0,59.0,2.5625,135195.0,INLAND
-121.33,37.96,42.0,1619.0,340.0,906.0,339.0,2.5488,80144.0,INLAND
-119.95,36.96,18.0,1996.0,379.0,1327.0,356.0,2.6087,74723.0,INLAND
-118.47,34.0,42.0,1271.0,301.0,574.0,312.0,3.1304,374517.15,<1H OCEAN
-124.09,40.88,26.0,2683.0,555.0,1353.0,526.0,2.4321,90633.0,NEAR OCEAN
-117.19,33.64,12.0,1481.0,265.0,757.0,243.0,3.235,184218.04,<1H OCEAN
-120.64,40.41,50.0,1741.0,424.0,987.0,383.0,1.5066,63892.0,INLAND
-119.72,34.42,52.0,1759.0,387.0,980.0,402.0,4.0125,286940.0,NEAR OCEAN
-115.49,32.69,17.0,1960.0,389.0,1691.0,356.0,1.899,74731.0,INLAND
-118.1,34.11,49.0,3367.0,523.0,1317.0,495.0,6.706,437682.48,<1H OCEAN
-122.82,38.39,32.0,1437.0,257.0,752.0,245.0,4.7422,256363.0,<1H OCEAN
-118.34,34.12,41.0,3257.0,679.0,1237.0,638.0,4.2415,476589.69,<1H OCEAN
-118.29,34.0,44.0,1753.0,387.0,1165.0,380.0,2.1354,115088.0,<1H OCEAN
-121.44,38.73,25.0,1287.0,224.0,727.0,236.0,4.7396,165096.0,INLAND
-117.22,32.83,31.0,3958.0,727.0,1924.0,728.0,5.4605,273705.06,NEAR OCEAN
-122.63,38.26,7.0,7808.0,1390.0,3551.0,1392.0,4.6069,222337.0,<1H OCEAN
-118.17,34.18,38.0,1280.0,231.0,828.0,237.0,4.375,220368.01,<1H OCEAN
-124.17,40.79,43.0,2285.0,479.0,1169.0,482.0,1.9688,83686.0,NEAR OCEAN
-118.37,34.15,29.0,2630.0,617.0,1071.0,573.0,3.3669,374794.08,<1H OCEAN
-118.93,34.82,24.0,806.0,168.0,323.0,136.0,3.5,115262.0,INLAND
-122.24,37.47,35.0,2283.0,491.0,1148.0,436.0,4.5556,350524.02,NEAR OCEAN
-122.26,37.85,50.0,1120.0,283.0,697.0,264.0,2.125,145764.0,NEAR BAY
-118.04,33.99,36.0,3531.0,754.0,1613.0,697.0,3.2359,191158.0,<1H OCEAN
-117.92,33.92,19.0,2181.0,400.0,1272.0,337.0,5.1952,246034.0,<1H OCEAN
-116.51,33.89,21.0,1284.0,306.0,537.0,233.0,1.95,87727.99,INLAND
-117.94,33.84,25.0,4016.0,831.0,2166.0,774.0,3.1884,195865.0,<1H OCEAN
-122.07,38.24,15.0,7937.0,1635.0,4390.0,1567.0,3.5464,160968.0,INLAND
-118.25,33.93,42.0,657.0,147.0,526.0,132.0,2.5,104415.0,<1H OCEAN
-118.86,34.22,26.0,1932.0,280.0,886.0,289.0,5.0855,248409.04,<1H OCEAN
-121.47,38.72,26.0,1708.0,299.0,911.0,290.0,4.0227,109345.0,INLAND
-118.2,33.92,36.0,414.0,104.0,477.0,130.0,3.6719,129190.0,<1H OCEAN
-122.13,37.7,21.0,4124.0,1054.0,2162.0,998.0,2.6321,174958.0,NEAR BAY
-122.01,37.27,28.0,3825.0,473.0,1415.0,480.0,10.675,500001.0,<1H OCEAN
-124.08,40.94,18.0,1550.0,345.0,941.0,335.0,2.3147,91399.0,NEAR OCEAN
-118.31,34.26,36.0,1882.0,453.0,1005.0,409.0,3.8,229019.0,<1H OCEAN
-117.29,33.2,16.0,2150.0,461.0,1428.0,407.0,2.4754,160828.0,NEAR OCEAN
-117.72,33.54,13.0,4866.0,812.0,1909.0,733.0,4.9821,249948.03,<1H OCEAN
-118.46,34.25,33.0,2202.0,433.0,1135.0,407.0,4.2143,211907.0,<1H OCEAN
-120.73,39.63,17.0,1791.0,356.0,432.0,190.0,3.8826,125524.0,INLAND
-122.54,38.36,40.0,2725.0,531.0,1167.0,458.0,3.7969,198583.0,<1H OCEAN
-122.91,39.17,44.0,202.0,42.0,142.0,39.0,4.35,177181.0,INLAND
-117.27,34.16,32.0,2894.0,427.0,1151.0,446.0,6.2236,257924.04,INLAND
-118.23,33.93,36.0,501.0,123.0,487.0,118.0,1.3,101883.0,<1H OCEAN
-117.34,34.13,29.0,331.0,85.0,341.0,107.0,0.7069,87854.0,INLAND
-118.13,33.79,29.0,2937.0,524.0,1132.0,528.0,4.6133,322338.12,NEAR OCEAN
-120.47,34.63,23.0,2441.0,463.0,1392.0,434.0,3.7917,172501.0,NEAR OCEAN
-119.32,36.2,25.0,1427.0,246.0,772.0,221.0,2.2262,72039.0,INLAND
-118.4,34.03,24.0,1101.0,318.0,491.0,287.0,3.2222,338923.04,<1H OCEAN
-122.99,39.02,14.0,1582.0,301.0,851.0,273.0,3.45,122860.0,<1H OCEAN
-117.99,33.72,14.0,2127.0,537.0,1338.0,475.0,3.628,195895.0,<1H OCEAN
-117.13,32.76,29.0,2568.0,682.0,1191.0,642.0,2.1094,141572.0,NEAR OCEAN
-117.23,34.51,9.0,5756.0,807.0,2158.0,758.0,5.5875,198999.0,INLAND
-122.44,37.75,52.0,2082.0,425.0,801.0,411.0,4.2708,354153.01,NEAR BAY
-121.02,37.68,28.0,2875.0,560.0,1608.0,558.0,3.5489,120569.0,INLAND
-117.97,33.71,26.0,2553.0,405.0,1337.0,411.0,5.3737,247576.0,<1H OCEAN
-119.3,34.42,18.0,5591.0,1042.0,2860.0,1026.0,3.5822,275931.1,NEAR OCEAN
-117.87,33.84,10.0,3381.0,729.0,1584.0,636.0,5.3812,274267.0,<1H OCEAN
-122.4,37.71,47.0,1649.0,328.0,1183.0,356.0,3.3625,226058.0,NEAR BAY
-120.98,37.66,33.0,1959.0,342.0,984.0,356.0,4.5208,157454.0,INLAND
-117.61,34.34,18.0,5210.0,912.0,1301.0,464.0,4.8623,174853.0,INLAND
-121.81,37.99,18.0,2807.0,445.0,1315.0,437.0,4.8194,147165.0,INLAND
-122.67,38.44,29.0,2551.0,448.0,1165.0,456.0,4.3587,245877.0,<1H OCEAN
-118.3,34.07,36.0,2657.0,738.0,2274.0,723.0,3.425,296873.02,<1H OCEAN
-119.71,36.81,19.0,2282.0,550.0,1034.0,500.0,1.6618,77974.0,INLAND
-121.88,37.34,44.0,1267.0,353.0,1018.0,327.0,2.4196,186678.0,<1H OCEAN
-116.93,32.81,18.0,2447.0,466.0,1573.0,472.0,2.6429,148678.0,<1H OCEAN
-121.01,37.33,17.0,1926.0,410.0,1054.0,321.0,1.6214,107594.0,INLAND
-123.2,39.13,26.0,1474.0,417.0,1065.0,401.0,1.375,114388.0,<1H OCEAN
-116.87,32.72,13.0,3268.0,491.0,1431.0,503.0,5.7652,246368.0,<1H OCEAN
-122.48,37.51,22.0,1564.0,278.0,761.0,270.0,4.7578,402403.03,NEAR OCEAN
-118.44,34.25,35.0,1583.0,324.0,1481.0,351.0,3.7,158875.0,<1H OCEAN
-120.33,34.87,24.0,2590.0,404.0,1093.0,338.0,3.9375,208492.02,<1H OCEAN
-118.34,33.91,8.0,3937.0,1404.0,2691.0,1142.0,2.4741,195136.02,<1H OCEAN
-118.68,34.08,18.0,102.0,17.0,55.0,21.0,3.9934,358538.22,NEAR OCEAN
-118.46,34.05,25.0,4077.0,1151.0,1719.0,1017.0,3.7721,420099.28,<1H OCEAN
-116.95,33.76,10.0,6890.0,1702.0,3141.0,1451.0,1.7079,93048.0,INLAND
-121.22,37.79,36.0,1052.0,221.0,712.0,212.0,1.7228,88396.0,INLAND
-118.15,34.04,44.0,647.0,142.0,457.0,143.0,3.6875,203826.0,<1H OCEAN
-117.7,33.6,26.0,2283.0,506.0,634.0,469.0,2.3774,124752.01,<1H OCEAN
-118.1,34.16,46.0,2863.0,513.0,1412.0,498.0,5.3272,348728.0,INLAND
-121.48,38.61,18.0,1511.0,315.0,1062.0,304.0,2.3438,104476.0,INLAND
-121.7,37.93,10.0,3258.0,612.0,1779.0,558.0,4.6587,205036.0,INLAND
-122.28,37.82,52.0,1387.0,341.0,1074.0,304.0,1.2171,113093.02,NEAR BAY
-121.8,38.0,34.0,2738.0,475.0,1316.0,459.0,3.5368,123972.0,INLAND
-121.92,37.25,36.0,3874.0,656.0,1826.0,639.0,4.9662,262596.02,<1H OCEAN
-122.41,37.79,52.0,5783.0,2747.0,4518.0,2538.0,1.724,304394.12,NEAR BAY
-121.58,37.03,16.0,3120.0,685.0,2383.0,681.0,3.5551,216174.0,INLAND
-118.35,34.07,45.0,7803.0,2154.0,3359.0,2041.0,3.3594,335912.15,<1H OCEAN
-122.53,37.5,19.0,4768.0,807.0,2199.0,805.0,6.1896,388611.14,NEAR OCEAN
-117.64,34.09,34.0,2839.0,659.0,1822.0,631.0,3.05,121729.0,INLAND
-118.3,34.06,33.0,2437.0,1283.0,3906.0,1084.0,2.0332,241192.0,<1H OCEAN
-117.09,32.71,29.0,2238.0,523.0,2061.0,504.0,2.5559,109244.0,NEAR OCEAN
-117.9,33.63,28.0,2370.0,352.0,832.0,347.0,7.1148,432156.32,<1H OCEAN
-122.45,37.72,52.0,1729.0,319.0,890.0,300.0,4.3036,258469.0,NEAR BAY
-118.52,34.21,34.0,1663.0,299.0,762.0,282.0,5.1265,248899.0,<1H OCEAN
-121.02,37.62,30.0,1721.0,399.0,1878.0,382.0,2.5363,91656.0,INLAND
-118.29,34.03,27.0,1084.0,287.0,1085.0,279.0,2.135,163620.0,<1H OCEAN
-121.16,41.78,42.0,2918.0,576.0,1182.0,440.0,2.1434,61155.0,INLAND
-118.13,33.93,19.0,1793.0,447.0,1222.0,452.0,2.6862,173373.0,<1H OCEAN
-117.92,33.94,27.0,4566.0,620.0,2045.0,664.0,5.583,263657.0,<1H OCEAN
-121.03,37.68,20.0,3204.0,625.0,2016.0,605.0,2.6567,124481.0,INLAND
-118.42,34.01,42.0,1700.0,438.0,997.0,436.0,2.9213,354737.02,<1H OCEAN
-117.27,33.06,7.0,3686.0,733.0,1612.0,672.0,3.197,190682.0,NEAR OCEAN
-121.64,36.68,16.0,6568.0,1603.0,6012.0,1565.0,2.3463,140436.0,<1H OCEAN
-119.65,36.37,4.0,3725.0,783.0,1478.0,600.0,3.5486,95448.0,INLAND
-117.31,34.51,18.0,2704.0,698.0,1611.0,597.0,2.0243,91390.0,INLAND
-117.99,33.66,14.0,3155.0,653.0,951.0,575.0,3.0625,199015.0,<1H OCEAN
-118.09,33.92,31.0,1983.0,419.0,1157.0,390.0,3.5455,182989.0,<1H OCEAN
-121.02,36.24,12.0,2198.0,507.0,1971.0,502.0,2.6801,146584.0,<1H OCEAN
-118.07,33.9,42.0,1007.0,224.0,776.0,228.0,3.8672,170444.0,<1H OCEAN
-122.27,37.84,52.0,2436.0,541.0,1015.0,478.0,1.725,152915.01,NEAR BAY
-122.25,37.5,44.0,348.0,79.0,154.0,73.0,4.7708,316229.03,NEAR OCEAN
-118.42,34.15,31.0,1861.0,430.0,736.0,360.0,5.2853,419668.23,<1H OCEAN
-121.08,37.69,19.0,6473.0,1212.0,3559.0,1123.0,3.2246,141336.0,INLAND
-122.32,40.57,15.0,2524.0,449.0,1374.0,467.0,3.3816,114146.0,INLAND
-122.45,37.69,17.0,2359.0,501.0,884.0,504.0,3.0625,238144.0,NEAR OCEAN
-122.68,38.4,32.0,2826.0,627.0,1767.0,628.0,3.1047,171439.0,<1H OCEAN
-118.25,34.12,11.0,1281.0,418.0,1584.0,330.0,2.8889,195958.0,<1H OCEAN
-120.46,34.64,11.0,562.0,164.0,504.0,147.0,2.0161,149923.01,NEAR OCEAN
-118.28,34.02,46.0,1098.0,426.0,1510.0,374.0,2.1382,120728.0,<1H OCEAN
-117.34,33.16,24.0,1006.0,277.0,610.0,246.0,2.25,193799.01,NEAR OCEAN
-120.97,37.84,28.0,2368.0,430.0,1231.0,403.0,2.883,114651.0,INLAND
-117.25,32.79,37.0,1467.0,442.0,651.0,354.0,2.375,244861.0,NEAR OCEAN
-121.64,36.72,17.0,4203.0,816.0,2900.0,827.0,4.1742,211636.0,<1H OCEAN
-118.47,34.25,21.0,2692.0,477.0,1330.0,456.0,4.5417,234682.0,<1H OCEAN
-117.14,32.72,43.0,1073.0,344.0,660.0,279.0,2.0529,141857.0,NEAR OCEAN
-118.15,34.02,43.0,2172.0,605.0,2386.0,597.0,2.8239,164938.0,<1H OCEAN
-117.29,33.13,4.0,617.0,105.0,224.0,105.0,3.9205,215759.09,NEAR OCEAN
-117.96,33.78,33.0,1520.0,,658.0,242.0,4.875,219588.02,<1H OCEAN
-122.81,38.08,19.0,1615.0,366.0,815.0,337.0,3.4609,232542.0,NEAR OCEAN
-117.78,33.85,16.0,3781.0,504.0,1665.0,499.0,7.2554,308991.0,<1H OCEAN
-117.89,34.1,34.0,2048.0,411.0,1456.0,416.0,3.125,164624.0,<1H OCEAN
-122.16,37.74,46.0,1029.0,181.0,567.0,211.0,3.4844,149939.0,NEAR BAY
-122.12,37.16,32.0,1602.0,317.0,752.0,275.0,5.1664,347804.13,NEAR OCEAN
-118.09,33.98,37.0,1226.0,255.0,1068.0,271.0,3.1607,158855.0,<1H OCEAN
-118.18,33.98,30.0,1735.0,573.0,2237.0,545.0,2.3444,157139.0,<1H OCEAN
-117.91,34.06,29.0,3250.0,521.0,1382.0,513.0,5.112,234397.0,<1H OCEAN
-117.68,34.15,24.0,1033.0,189.0,486.0,204.0,4.1719,169233.0,INLAND
-118.3,34.05,34.0,1453.0,588.0,1987.0,589.0,2.096,177612.0,<1H OCEAN
-121.88,37.43,17.0,3469.0,896.0,2762.0,808.0,3.3884,214005.0,<1H OCEAN
-122.48,37.76,52.0,3260.0,653.0,1594.0,632.0,4.4094,349397.08,NEAR BAY
-119.8,36.72,19.0,1334.0,336.0,1171.0,319.0,1.0481,53941.99,INLAND
-123.22,39.16,29.0,6121.0,1222.0,3595.0,1189.0,2.631,130157.0,<1H OCEAN
-119.17,34.17,21.0,2361.0,464.0,1146.0,396.0,3.6597,225657.01,NEAR OCEAN
-120.32,38.71,13.0,1115.0,255.0,86.0,32.0,3.5667,128671.0,INLAND
-119.64,36.56,34.0,576.0,117.0,363.0,97.0,2.0658,68590.0,INLAND
-117.84,35.54,11.0,1751.0,316.0,765.0,296.0,5.0762,118485.0,INLAND
-122.1,38.24,13.0,7367.0,1042.0,3193.0,983.0,5.3102,206892.0,NEAR BAY
-122.27,37.32,37.0,2607.0,534.0,1346.0,507.0,5.3951,377411.03,NEAR OCEAN
-118.1,33.89,35.0,994.0,203.0,602.0,185.0,3.5865,180021.0,<1H OCEAN
-117.02,32.75,33.0,3296.0,537.0,1345.0,556.0,5.2835,191642.0,<1H OCEAN
-117.32,34.12,37.0,2868.0,574.0,2055.0,563.0,2.3508,81202.0,INLAND
-121.42,38.62,41.0,1087.0,272.0,462.0,219.0,2.0224,94426.0,INLAND
-118.15,34.11,39.0,2618.0,582.0,1314.0,532.0,3.5875,272315.0,<1H OCEAN
-118.14,33.91,34.0,2011.0,472.0,1087.0,423.0,3.0465,207503.0,<1H OCEAN
-122.37,37.58,43.0,2506.0,432.0,967.0,428.0,4.7404,401962.04,NEAR OCEAN
-117.13,32.9,15.0,2785.0,644.0,1798.0,630.0,3.7156,154311.0,<1H OCEAN
-120.25,37.11,20.0,2062.0,466.0,1285.0,456.0,1.5319,69955.0,INLAND
-117.27,32.85,26.0,1373.0,,608.0,268.0,4.425,309836.13,NEAR OCEAN
-118.32,34.19,37.0,1335.0,249.0,485.0,240.0,4.1731,247477.03,<1H OCEAN
-118.3,33.78,35.0,2572.0,504.0,1172.0,519.0,4.6207,273325.0,<1H OCEAN
-121.2,38.73,11.0,4897.0,636.0,1931.0,616.0,7.7499,271354.0,INLAND
-121.9,36.61,29.0,3412.0,827.0,1574.0,759.0,2.9309,231247.0,NEAR OCEAN
-117.14,32.92,15.0,3242.0,595.0,1936.0,593.0,4.9706,204344.0,<1H OCEAN
-118.36,34.16,32.0,2455.0,556.0,989.0,493.0,4.0764,339810.08,<1H OCEAN
-117.89,33.92,17.0,2936.0,555.0,1381.0,535.0,5.4617,282139.01,<1H OCEAN
-121.48,38.56,50.0,1587.0,448.0,877.0,380.0,2.0833,88770.0,INLAND
-119.05,35.36,16.0,4507.0,1049.0,2261.0,959.0,3.3261,86434.0,INLAND
-120.85,37.49,42.0,264.0,72.0,310.0,70.0,1.4063,77804.0,INLAND
-118.34,34.08,52.0,1721.0,195.0,688.0,196.0,15.0001,500001.0,<1H OCEAN
-118.1,34.13,44.0,1745.0,237.0,693.0,248.0,9.7912,491882.89,<1H OCEAN
-117.22,33.19,16.0,3004.0,656.0,1948.0,606.0,2.7019,159898.0,<1H OCEAN
-118.46,34.26,33.0,1358.0,247.0,738.0,235.0,5.0947,227484.0,<1H OCEAN
-118.36,33.8,38.0,2553.0,400.0,1042.0,393.0,6.9742,454678.54,NEAR OCEAN
-117.08,32.78,21.0,2919.0,496.0,984.0,443.0,4.625,214522.02,NEAR OCEAN
-116.44,34.12,18.0,5584.0,1303.0,2250.0,1158.0,1.5823,75568.0,INLAND
-117.68,33.51,4.0,2428.0,401.0,959.0,386.0,6.2661,315782.01,<1H OCEAN
-118.45,34.04,19.0,3330.0,1010.0,1837.0,915.0,3.0173,337915.04,<1H OCEAN
-119.34,35.6,33.0,2143.0,488.0,1732.0,509.0,1.9362,58340.0,INLAND
-121.86,37.42,20.0,5032.0,808.0,2695.0,801.0,6.6227,297457.02,<1H OCEAN
-119.98,38.93,25.0,1262.0,293.0,534.0,226.0,2.6607,107767.0,INLAND
-121.83,39.74,34.0,3263.0,604.0,1290.0,594.0,2.575,82287.0,INLAND
-118.31,33.96,43.0,2118.0,569.0,1266.0,500.0,1.747,118364.0,<1H OCEAN
-119.84,36.79,21.0,3235.0,648.0,1820.0,614.0,3.3447,93736.0,INLAND
-117.93,33.66,18.0,2043.0,250.0,702.0,246.0,9.6062,459686.49,<1H OCEAN
-119.81,36.78,35.0,1012.0,245.0,633.0,240.0,2.0324,61810.0,INLAND
-121.31,38.97,16.0,1210.0,228.0,726.0,222.0,2.7083,113831.0,INLAND
-122.13,37.74,41.0,4400.0,666.0,1476.0,648.0,5.0,287570.02,NEAR BAY
-120.2,34.63,14.0,2647.0,515.0,1487.0,488.0,4.4519,259735.01,NEAR OCEAN
-117.12,32.75,20.0,1406.0,413.0,850.0,412.0,2.3261,140934.0,NEAR OCEAN
-121.2,38.28,20.0,1732.0,307.0,999.0,305.0,3.9808,148653.0,INLAND
-118.46,34.18,27.0,2582.0,719.0,2038.0,718.0,3.0877,219039.0,<1H OCEAN
-117.77,33.84,5.0,4380.0,715.0,1913.0,741.0,6.7274,302676.03,<1H OCEAN
-117.06,33.02,17.0,2635.0,389.0,994.0,359.0,5.8966,274655.01,<1H OCEAN
-118.1,34.05,31.0,3559.0,734.0,2975.0,715.0,3.756,196944.0,<1H OCEAN
-117.95,33.8,34.0,1654.0,285.0,905.0,292.0,4.6389,213169.0,<1H OCEAN
-118.21,33.81,43.0,905.0,199.0,764.0,204.0,3.3214,163914.0,NEAR OCEAN
-122.26,37.85,52.0,2643.0,626.0,1212.0,620.0,1.9167,192110.01,NEAR BAY
-118.05,34.02,31.0,40.0,8.0,25.0,7.0,2.125,195736.06,<1H OCEAN
-118.52,34.18,46.0,2082.0,438.0,1047.0,393.0,3.6534,226986.0,<1H OCEAN
-120.74,39.39,18.0,453.0,117.0,152.0,77.0,1.3523,90007.0,INLAND
-118.13,33.91,36.0,1967.0,316.0,910.0,306.0,4.4948,216763.0,<1H OCEAN
-124.1,40.88,35.0,2987.0,578.0,1581.0,585.0,2.0657,80077.0,NEAR OCEAN
-116.52,33.85,13.0,7559.0,1444.0,3189.0,1105.0,3.4886,145530.0,INLAND
-121.96,38.36,11.0,3208.0,790.0,1772.0,694.0,2.7434,128733.0,INLAND
-122.27,37.84,52.0,1688.0,337.0,853.0,325.0,2.1806,147750.0,NEAR BAY
-121.49,39.49,20.0,2505.0,468.0,1174.0,429.0,2.9965,98586.0,INLAND
-121.3,37.94,40.0,452.0,109.0,412.0,97.0,1.3417,61651.0,INLAND
-117.62,33.42,23.0,2656.0,515.0,998.0,435.0,4.0294,271059.04,NEAR OCEAN
-119.63,36.6,33.0,1589.0,294.0,1102.0,307.0,1.9676,60956.0,INLAND
-118.31,33.99,47.0,1525.0,359.0,982.0,333.0,2.0915,105932.0,<1H OCEAN
-116.99,32.74,18.0,3341.0,611.0,1952.0,602.0,3.9844,165789.0,<1H OCEAN
-117.05,33.13,20.0,7746.0,2035.0,5370.0,1838.0,2.3762,144683.0,<1H OCEAN
-117.98,33.75,37.0,1264.0,274.0,783.0,273.0,3.3438,182171.0,<1H OCEAN
-118.35,33.8,32.0,1434.0,296.0,672.0,285.0,4.875,338831.0,<1H OCEAN
-122.02,37.38,43.0,1261.0,317.0,836.0,333.0,4.0911,248756.0,<1H OCEAN
-117.09,32.79,36.0,1936.0,345.0,861.0,343.0,3.8333,166983.0,NEAR OCEAN
-117.98,33.95,35.0,4055.0,652.0,1758.0,639.0,6.1898,360512.15,<1H OCEAN
-119.73,34.43,35.0,2703.0,654.0,1383.0,631.0,4.5278,323699.04,NEAR OCEAN
-121.44,38.49,31.0,4297.0,788.0,2083.0,771.0,3.3878,108450.0,INLAND
-118.2,33.87,26.0,703.0,202.0,757.0,212.0,2.525,151417.0,<1H OCEAN
-118.14,33.76,37.0,3242.0,698.0,1080.0,629.0,3.901,432234.35,NEAR OCEAN
-122.34,41.06,33.0,2149.0,498.0,631.0,273.0,1.8816,68470.0,INLAND
-116.89,32.85,15.0,3560.0,593.0,1757.0,574.0,5.1185,195246.0,<1H OCEAN
-117.97,33.68,26.0,3653.0,568.0,1930.0,585.0,5.7301,256767.0,<1H OCEAN
-122.1,37.36,32.0,1433.0,199.0,498.0,201.0,9.3586,498703.94,NEAR BAY
-123.25,38.54,27.0,3658.0,764.0,1278.0,518.0,3.3536,222393.0,NEAR OCEAN
-116.94,32.75,4.0,14934.0,2479.0,6945.0,2418.0,5.1221,228771.0,<1H OCEAN
-117.71,33.63,16.0,2497.0,500.0,1357.0,456.0,4.5909,221568.0,<1H OCEAN
-117.97,33.82,26.0,4013.0,985.0,2442.0,922.0,3.7655,193243.0,<1H OCEAN
-122.18,37.77,51.0,2107.0,471.0,1173.0,438.0,3.2552,174643.0,NEAR BAY
-118.06,33.86,16.0,5603.0,938.0,3045.0,893.0,5.0778,255327.0,<1H OCEAN
-120.46,37.33,4.0,786.0,116.0,368.0,109.0,6.3215,231068.0,INLAND
-122.27,37.98,23.0,3455.0,479.0,1375.0,474.0,6.0289,295999.04,NEAR BAY
-118.15,34.59,33.0,2111.0,429.0,1067.0,397.0,3.7344,131644.0,INLAND
-122.14,37.41,35.0,2419.0,426.0,949.0,433.0,6.4588,406076.08,NEAR BAY
-122.19,37.77,42.0,932.0,254.0,900.0,263.0,1.8039,88175.0,NEAR BAY
-118.27,34.1,41.0,3729.0,740.0,1364.0,707.0,5.7778,366663.21,<1H OCEAN
-119.69,36.46,29.0,1702.0,301.0,914.0,280.0,2.8125,78121.0,INLAND
-118.5,34.26,33.0,2831.0,510.0,1340.0,504.0,4.8316,236307.0,<1H OCEAN
-121.83,37.28,17.0,3057.0,606.0,2030.0,602.0,5.2166,258078.0,<1H OCEAN
-121.52,39.12,37.0,102.0,17.0,29.0,14.0,4.125,116160.0,INLAND
-122.41,37.63,37.0,1252.0,275.0,878.0,287.0,4.2262,270510.0,NEAR OCEAN
-120.88,38.58,8.0,3417.0,604.0,1703.0,623.0,4.0827,159235.0,INLAND
-118.25,34.14,37.0,584.0,260.0,552.0,235.0,1.8235,216223.01,<1H OCEAN
-122.28,37.75,20.0,1156.0,365.0,583.0,326.0,3.1972,246805.07,NEAR BAY
-116.52,32.9,18.0,4454.0,852.0,1754.0,656.0,4.57,177004.0,INLAND
-117.91,33.78,33.0,2729.0,549.0,2223.0,535.0,4.0362,192967.0,<1H OCEAN
-118.37,34.09,24.0,630.0,172.0,257.0,147.0,5.5224,360959.2,<1H OCEAN
-118.23,34.1,46.0,2483.0,587.0,2121.0,553.0,2.2788,161410.0,<1H OCEAN
-122.41,37.79,52.0,3610.0,1286.0,1504.0,1047.0,3.2059,451348.61,NEAR BAY
-122.08,37.3,30.0,2268.0,404.0,1197.0,372.0,7.0813,432623.39,<1H OCEAN
-121.3,38.13,27.0,1004.0,192.0,470.0,192.0,2.8942,115029.0,INLAND
-119.63,36.58,22.0,1794.0,435.0,1127.0,359.0,1.2647,57076.0,INLAND
-120.61,35.1,14.0,2919.0,691.0,1896.0,577.0,2.4003,152481.0,<1H OCEAN
-117.13,33.89,4.0,1611.0,239.0,275.0,84.0,3.5781,161591.01,INLAND
-119.79,36.72,19.0,1719.0,391.0,1369.0,368.0,1.25,58656.0,INLAND
-118.21,34.18,14.0,2672.0,335.0,1113.0,318.0,12.1579,496631.94,<1H OCEAN
-120.93,37.67,6.0,3491.0,657.0,2075.0,644.0,3.3844,133903.0,INLAND
-120.0,36.7,33.0,1902.0,370.0,1168.0,358.0,2.6852,71068.0,INLAND
-122.44,37.8,52.0,3830.0,,1310.0,963.0,3.4801,472845.65,NEAR BAY
-118.35,33.97,26.0,1725.0,431.0,1130.0,404.0,3.2708,220461.0,<1H OCEAN
-119.33,36.89,15.0,1879.0,411.0,755.0,294.0,2.0,82087.0,INLAND
-117.95,33.92,11.0,3127.0,706.0,1594.0,694.0,4.3426,202093.0,<1H OCEAN
-118.35,33.89,25.0,1769.0,440.0,1371.0,414.0,3.0833,230572.0,<1H OCEAN
-122.42,37.75,52.0,2112.0,528.0,1227.0,513.0,3.5536,309855.0,NEAR BAY
-121.96,37.71,6.0,8072.0,1050.0,3386.0,1062.0,7.2494,337443.0,<1H OCEAN
-121.06,37.67,31.0,906.0,146.0,383.0,129.0,3.4167,150775.0,INLAND
-118.05,34.11,42.0,3677.0,627.0,1779.0,622.0,5.1509,396549.01,INLAND
-117.81,33.64,4.0,1741.0,225.0,811.0,233.0,12.3411,478430.34,<1H OCEAN
-122.37,37.58,52.0,1900.0,290.0,665.0,276.0,4.5486,419332.19,NEAR OCEAN
-122.1,39.47,43.0,1320.0,215.0,512.0,197.0,2.4917,74449.0,INLAND
-117.69,33.51,4.0,1223.0,275.0,505.0,244.0,4.6607,309720.27,<1H OCEAN
-118.25,34.07,47.0,2059.0,618.0,2033.0,544.0,1.9028,186194.0,<1H OCEAN
-117.1,34.57,6.0,5110.0,1044.0,1938.0,724.0,3.1917,120888.0,INLAND
-120.64,35.15,7.0,7922.0,1442.0,2863.0,1197.0,4.849,267055.01,<1H OCEAN
-122.12,37.44,33.0,1509.0,303.0,748.0,268.0,4.875,287726.17,NEAR BAY
-118.39,34.03,19.0,1450.0,509.0,746.0,437.0,3.1415,321210.07,<1H OCEAN
-123.41,40.07,17.0,449.0,151.0,141.0,53.0,0.8362,60236.97,INLAND
-117.39,34.07,26.0,1387.0,277.0,664.0,239.0,3.0278,112283.0,INLAND
-116.48,33.79,14.0,9425.0,2020.0,1711.0,1000.0,2.6298,121164.0,INLAND
-121.63,36.71,19.0,5015.0,1013.0,3251.0,940.0,3.9818,229274.01,<1H OCEAN
-118.33,34.1,30.0,5293.0,2446.0,4123.0,2127.0,1.51,270544.07,<1H OCEAN
-118.49,34.18,31.0,3073.0,674.0,1486.0,684.0,4.8984,271906.0,<1H OCEAN
-122.49,38.22,33.0,1486.0,290.0,781.0,274.0,3.5647,249630.01,NEAR BAY
-118.14,34.13,16.0,3569.0,821.0,1505.0,783.0,4.9167,325694.13,<1H OCEAN
-118.14,33.97,31.0,2064.0,612.0,2461.0,573.0,2.0524,167823.0,<1H OCEAN
-117.13,32.75,50.0,1476.0,354.0,698.0,354.0,3.0,199757.01,NEAR OCEAN
-118.44,34.28,46.0,11.0,11.0,24.0,13.0,2.875,262446.09,<1H OCEAN
-118.16,33.97,30.0,2419.0,715.0,3208.0,719.0,2.1743,163591.0,<1H OCEAN
-117.47,34.06,33.0,1379.0,273.0,884.0,229.0,2.7574,102145.0,INLAND
-118.43,34.24,36.0,1379.0,265.0,896.0,246.0,4.6827,199584.02,<1H OCEAN
-120.93,39.9,20.0,1511.0,328.0,791.0,320.0,2.0221,80859.0,INLAND
-120.97,37.61,16.0,1326.0,375.0,884.0,375.0,1.871,123988.0,INLAND
-123.01,38.79,32.0,2697.0,529.0,1417.0,535.0,3.2546,159344.0,<1H OCEAN
-120.6,34.91,44.0,711.0,140.0,384.0,116.0,2.1094,149291.0,NEAR OCEAN
-122.69,38.44,31.0,1808.0,315.0,691.0,280.0,3.8583,180089.0,<1H OCEAN
-117.33,33.97,8.0,152.0,19.0,1275.0,20.0,1.625,121039.0,INLAND
-120.38,36.15,17.0,2279.0,448.0,1200.0,420.0,2.7461,73770.0,INLAND
-117.05,32.76,46.0,1887.0,359.0,795.0,358.0,3.25,166246.0,NEAR OCEAN
-118.03,34.1,32.0,2668.0,609.0,1512.0,541.0,2.9422,194172.0,INLAND
-124.14,41.06,32.0,1020.0,215.0,421.0,198.0,3.0208,93487.0,NEAR OCEAN
-118.22,34.14,52.0,1388.0,271.0,735.0,239.0,3.7404,269035.0,<1H OCEAN
-118.31,33.72,26.0,2711.0,508.0,1372.0,459.0,4.1451,321448.0,NEAR OCEAN
-120.71,38.85,8.0,1877.0,479.0,884.0,323.0,3.4688,133104.0,INLAND
-120.98,39.08,20.0,4570.0,906.0,2125.0,815.0,3.0403,131307.0,INLAND
-117.78,34.07,18.0,3610.0,772.0,2899.0,765.0,3.9784,155451.0,INLAND
-118.27,34.06,30.0,1771.0,788.0,2188.0,764.0,1.5885,202977.0,<1H OCEAN
-118.32,34.01,50.0,1842.0,377.0,817.0,341.0,3.1548,151378.0,<1H OCEAN
-122.39,38.0,33.0,44.0,6.0,23.0,11.0,4.125,252102.03,NEAR BAY
-117.9,33.66,4.0,456.0,91.0,623.0,84.0,6.6369,292988.01,<1H OCEAN
-117.24,32.83,18.0,3109.0,501.0,949.0,368.0,7.4351,363554.05,NEAR OCEAN
-121.94,38.27,35.0,10869.0,2226.0,9879.0,2152.0,2.5681,113084.0,INLAND
-117.15,33.7,2.0,6305.0,1265.0,2489.0,1152.0,3.1319,139322.0,INLAND
-118.53,34.18,16.0,7194.0,1976.0,3687.0,1894.0,3.1887,216369.0,<1H OCEAN
-117.99,33.7,25.0,2017.0,357.0,1063.0,369.0,4.0345,217881.0,<1H OCEAN
-122.43,37.77,52.0,2714.0,779.0,1438.0,733.0,3.6031,408346.12,NEAR BAY
-122.21,37.47,33.0,1266.0,415.0,1991.0,334.0,2.92,212268.0,NEAR OCEAN
-119.43,36.55,27.0,1621.0,323.0,882.0,324.0,2.75,80125.0,INLAND
-118.09,34.17,36.0,2875.0,552.0,1131.0,458.0,4.3083,298056.0,INLAND
-121.4,38.49,12.0,7290.0,1283.0,3960.0,1248.0,3.5968,128026.0,INLAND
-117.04,32.64,5.0,2329.0,542.0,1213.0,514.0,4.0298,139239.0,NEAR OCEAN
-119.69,36.25,35.0,2011.0,349.0,970.0,300.0,2.395,78409.0,INLAND
-119.8,36.74,25.0,1717.0,542.0,1343.0,471.0,0.799,64119.0,INLAND
-118.36,34.13,36.0,6871.0,1180.0,2216.0,1130.0,8.0499,494851.91,<1H OCEAN
-118.23,34.14,39.0,277.0,89.0,182.0,91.0,2.3958,187896.06,<1H OCEAN
-117.95,33.81,33.0,1724.0,291.0,943.0,285.0,5.118,224665.0,<1H OCEAN
-119.19,34.28,28.0,3231.0,524.0,1665.0,540.0,4.8583,244123.01,NEAR OCEAN
-121.83,37.34,21.0,6404.0,1232.0,6047.0,1235.0,4.2098,225265.01,<1H OCEAN
-121.93,38.31,25.0,185.0,32.0,85.0,32.0,4.875,136425.0,INLAND
-119.7,36.3,10.0,956.0,201.0,693.0,220.0,2.2895,69556.99,INLAND
-122.22,37.85,28.0,5287.0,1048.0,2031.0,956.0,5.457,334965.02,NEAR BAY
-118.36,34.04,48.0,1769.0,429.0,993.0,405.0,2.3214,165175.01,<1H OCEAN
-122.41,37.79,52.0,6016.0,2509.0,3436.0,2119.0,2.5166,299006.1,NEAR BAY
-122.71,37.9,23.0,1250.0,257.0,437.0,188.0,3.115,373186.02,NEAR OCEAN
-120.65,35.27,15.0,2365.0,538.0,1446.0,490.0,2.5129,203569.0,NEAR OCEAN
-118.36,33.89,40.0,756.0,122.0,371.0,130.0,5.0299,235387.01,<1H OCEAN
-116.12,33.53,17.0,2421.0,820.0,2971.0,685.0,1.654,69802.0,INLAND
-121.0,37.66,43.0,2369.0,413.0,944.0,422.0,3.2632,127441.0,INLAND
-122.46,37.74,51.0,1905.0,291.0,707.0,284.0,6.2561,426587.28,NEAR BAY
-121.24,37.94,5.0,2232.0,488.0,1857.0,435.0,2.8705,121004.0,INLAND
-121.49,38.55,51.0,4280.0,632.0,1486.0,621.0,5.0359,218696.0,INLAND
-122.41,37.8,52.0,1999.0,642.0,1846.0,620.0,1.9145,269000.07,NEAR BAY
-118.11,33.83,37.0,1249.0,202.0,517.0,189.0,4.4196,224153.0,<1H OCEAN
-118.18,33.77,41.0,2048.0,601.0,852.0,533.0,2.5726,209022.0,NEAR OCEAN
-118.28,34.03,40.0,2118.0,796.0,2195.0,658.0,1.7976,156931.0,<1H OCEAN
-117.32,34.09,30.0,1129.0,251.0,1034.0,237.0,2.3917,85346.0,INLAND
-117.32,33.23,24.0,2580.0,604.0,982.0,569.0,1.6402,187068.08,NEAR OCEAN
-117.65,33.6,13.0,2319.0,430.0,1004.0,380.0,5.133,258856.03,<1H OCEAN
-120.7,35.55,10.0,3979.0,761.0,1834.0,671.0,3.5,202881.0,<1H OCEAN
-116.89,33.92,10.0,2653.0,621.0,1967.0,598.0,2.6643,96668.0,INLAND
-122.49,37.54,15.0,3456.0,545.0,1527.0,535.0,6.3256,418182.23,NEAR OCEAN
-119.3,38.26,19.0,3325.0,660.0,750.0,286.0,2.9509,127648.0,INLAND
-121.11,38.04,32.0,1083.0,188.0,471.0,178.0,2.9241,113542.0,INLAND
-117.87,33.61,25.0,2267.0,359.0,866.0,348.0,7.79,349479.08,<1H OCEAN
-118.28,34.04,19.0,460.0,241.0,890.0,229.0,1.6089,179714.0,<1H OCEAN
-117.78,33.69,16.0,4702.0,806.0,2529.0,814.0,5.1299,239760.02,<1H OCEAN
-118.85,35.2,17.0,2783.0,678.0,2566.0,641.0,1.9907,60407.0,INLAND
-121.55,38.51,22.0,2403.0,431.0,1088.0,421.0,3.9,148571.0,INLAND
-118.08,34.11,42.0,2628.0,525.0,1494.0,523.0,3.9464,240073.01,<1H OCEAN
-121.35,38.6,27.0,4314.0,611.0,1662.0,575.0,5.0997,182587.0,INLAND
-122.33,37.58,28.0,2784.0,736.0,1534.0,685.0,3.38,325387.0,NEAR OCEAN
-117.88,33.77,31.0,2549.0,355.0,1044.0,362.0,6.9737,347143.01,<1H OCEAN
-119.84,36.75,34.0,1186.0,300.0,774.0,271.0,1.575,54203.0,INLAND
-118.29,33.96,32.0,3508.0,917.0,2794.0,839.0,1.554,117369.0,<1H OCEAN
-117.87,33.88,24.0,2655.0,702.0,1519.0,708.0,3.3036,203975.0,<1H OCEAN
-118.21,34.65,17.0,4001.0,814.0,2313.0,756.0,3.0441,113469.0,INLAND
-118.11,34.01,22.0,1141.0,332.0,1189.0,321.0,2.2042,156698.0,<1H OCEAN
-122.19,37.75,36.0,1126.0,263.0,482.0,150.0,1.9167,83972.0,NEAR BAY
-118.39,34.21,14.0,2807.0,868.0,2729.0,803.0,2.6667,180782.0,<1H OCEAN
-116.61,33.04,11.0,2522.0,538.0,616.0,269.0,3.875,165628.04,INLAND
-118.15,35.06,15.0,1069.0,296.0,569.0,263.0,2.0441,71642.99,INLAND
-118.49,34.21,25.0,1131.0,449.0,746.0,420.0,1.3565,210721.01,<1H OCEAN
-117.7,33.63,16.0,4428.0,745.0,1525.0,682.0,5.2325,232744.04,<1H OCEAN
-117.29,33.24,5.0,3109.0,634.0,1823.0,578.0,3.1875,159707.03,<1H OCEAN
-121.34,37.96,27.0,1839.0,442.0,2010.0,416.0,2.1284,72981.0,INLAND
-117.01,32.99,8.0,3372.0,430.0,1536.0,448.0,8.4284,394729.04,<1H OCEAN
-117.69,34.07,35.0,3222.0,559.0,1970.0,550.0,3.7083,137113.0,INLAND
-122.07,37.64,25.0,4524.0,860.0,2426.0,862.0,4.7083,227066.0,NEAR BAY
-122.12,37.7,17.0,2488.0,617.0,1287.0,538.0,2.9922,184154.0,NEAR BAY
-120.81,37.53,15.0,570.0,123.0,189.0,107.0,1.875,107361.0,INLAND
-122.45,37.81,52.0,1375.0,322.0,287.0,184.0,3.9028,493261.79,NEAR BAY
-117.21,32.86,26.0,1352.0,202.0,654.0,217.0,5.3693,288972.02,NEAR OCEAN
-117.79,33.68,10.0,2106.0,319.0,1002.0,332.0,8.735,354363.04,<1H OCEAN
-121.81,37.31,14.0,2731.0,578.0,1109.0,551.0,3.1382,204540.0,<1H OCEAN
-118.17,33.98,41.0,428.0,111.0,585.0,139.0,3.1786,142993.0,<1H OCEAN
-122.29,37.89,52.0,2248.0,422.0,870.0,377.0,3.4732,215305.0,NEAR BAY
-118.22,33.98,34.0,2225.0,753.0,2980.0,736.0,1.6685,149696.0,<1H OCEAN
-118.3,34.09,29.0,3245.0,1190.0,3906.0,1102.0,2.1927,226895.0,<1H OCEAN
-118.15,34.2,52.0,1786.0,306.0,1018.0,322.0,4.1518,240019.0,INLAND
-117.23,32.72,38.0,2827.0,581.0,972.0,558.0,3.2361,329894.07,NEAR OCEAN
-117.55,33.87,18.0,8136.0,1584.0,4976.0,1516.0,3.9414,171459.0,INLAND
-117.69,34.01,30.0,2598.0,573.0,2170.0,518.0,2.3,119218.0,INLAND
-121.91,36.62,52.0,1431.0,300.0,657.0,293.0,3.2865,263536.04,<1H OCEAN
-123.22,40.16,27.0,1848.0,449.0,396.0,150.0,2.8472,90507.0,INLAND
-118.14,34.04,43.0,1949.0,464.0,1216.0,457.0,3.3214,208721.0,<1H OCEAN
-119.74,36.75,47.0,2236.0,418.0,1042.0,397.0,2.9545,74867.0,INLAND
-118.18,34.05,38.0,3272.0,731.0,3299.0,726.0,2.8295,148559.0,<1H OCEAN
-122.13,37.68,45.0,2457.0,445.0,1129.0,422.0,4.0588,195672.0,NEAR BAY
-118.23,34.66,25.0,2627.0,387.0,1059.0,338.0,3.6382,128783.0,INLAND
-118.33,33.9,21.0,6603.0,1984.0,5546.0,1745.0,2.6091,199647.0,<1H OCEAN
-122.34,37.95,44.0,1675.0,317.0,806.0,311.0,3.0694,127524.0,NEAR BAY
-118.19,34.03,50.0,1183.0,246.0,851.0,231.0,3.2639,161255.0,<1H OCEAN
-118.38,33.87,23.0,2387.0,418.0,1008.0,415.0,5.8518,337309.06,<1H OCEAN
-122.48,37.64,7.0,120.0,21.0,50.0,27.0,12.5,276452.07,NEAR OCEAN
-122.41,37.79,52.0,2909.0,851.0,1711.0,830.0,3.0296,352127.12,NEAR BAY
-122.22,38.1,44.0,2256.0,451.0,1057.0,426.0,3.1204,129036.0,NEAR BAY
-121.83,37.95,17.0,1133.0,244.0,716.0,235.0,2.875,128119.0,INLAND
-117.71,33.51,12.0,4676.0,698.0,1543.0,598.0,6.379,315085.0,<1H OCEAN
-117.23,33.1,4.0,1862.0,291.0,685.0,248.0,7.745,363781.12,NEAR OCEAN
-121.25,38.67,14.0,6155.0,1034.0,2407.0,941.0,4.2262,175610.0,INLAND
-117.8,33.67,4.0,3345.0,552.0,1525.0,539.0,6.7962,290453.0,<1H OCEAN
-122.0,39.94,27.0,852.0,176.0,464.0,148.0,1.7125,73201.0,INLAND
-120.3,38.9,11.0,1961.0,435.0,113.0,53.0,0.9227,133698.03,INLAND
-121.91,37.31,16.0,2962.0,898.0,1555.0,795.0,2.5804,193134.0,<1H OCEAN
-117.07,32.69,28.0,1485.0,275.0,820.0,283.0,4.069,131176.0,NEAR OCEAN
-117.0,32.8,29.0,2045.0,398.0,912.0,368.0,3.0189,162733.0,<1H OCEAN
-121.32,37.67,21.0,1494.0,271.0,781.0,255.0,4.3015,201939.0,INLAND
-119.23,34.44,34.0,3193.0,664.0,1434.0,627.0,2.4777,217141.0,<1H OCEAN
-122.43,37.77,52.0,2514.0,729.0,1428.0,597.0,2.3977,319446.04,NEAR BAY
-122.02,37.31,35.0,2355.0,384.0,1248.0,378.0,5.9714,327559.0,<1H OCEAN
-121.38,36.84,6.0,3769.0,669.0,2061.0,648.0,4.1875,274308.0,INLAND
-117.28,34.12,47.0,2456.0,611.0,1653.0,512.0,1.3973,74145.0,INLAND
-117.08,33.04,10.0,2577.0,347.0,1193.0,365.0,6.53,286538.0,<1H OCEAN
-120.65,38.42,23.0,1538.0,305.0,730.0,267.0,2.6078,114513.0,INLAND
-121.33,38.68,13.0,5826.0,1411.0,2244.0,1219.0,1.9093,110383.0,INLAND
-117.97,33.75,32.0,1564.0,270.0,973.0,290.0,3.75,186570.0,<1H OCEAN
-121.44,37.75,16.0,2229.0,458.0,1199.0,445.0,3.4821,135268.0,INLAND
-121.51,38.26,52.0,910.0,212.0,429.0,212.0,1.6458,105043.0,INLAND
-122.29,37.81,20.0,835.0,161.0,290.0,133.0,2.483,118677.01,NEAR BAY
-122.08,37.65,17.0,5018.0,1439.0,3069.0,1299.0,2.7694,173413.0,NEAR BAY
-122.49,37.78,47.0,2695.0,643.0,1505.0,644.0,3.0877,348224.01,NEAR BAY
-120.42,38.42,18.0,2912.0,663.0,999.0,411.0,2.7344,115214.0,INLAND
-118.13,34.16,52.0,1872.0,357.0,984.0,364.0,4.0,249597.0,<1H OCEAN
-117.01,34.9,36.0,2181.0,555.0,1404.0,492.0,2.3077,57280.97,INLAND
-117.24,32.74,43.0,2216.0,375.0,918.0,388.0,5.5289,399270.37,NEAR OCEAN
-118.15,33.84,29.0,2448.0,354.0,894.0,349.0,7.6526,385017.12,<1H OCEAN
-118.01,33.94,36.0,1921.0,329.0,969.0,327.0,4.9191,221538.0,<1H OCEAN
-118.36,33.94,38.0,2169.0,688.0,3036.0,639.0,2.3125,171046.0,<1H OCEAN
-118.19,33.99,36.0,1273.0,379.0,1398.0,353.0,2.4516,154096.0,<1H OCEAN
-121.9,37.31,52.0,2125.0,431.0,1014.0,443.0,5.8186,415222.22,<1H OCEAN
-118.43,34.29,38.0,1237.0,298.0,1073.0,293.0,3.6726,165184.0,<1H OCEAN
-121.08,38.93,14.0,4239.0,824.0,1729.0,794.0,2.4278,140072.0,INLAND
-122.48,38.9,10.0,304.0,63.0,161.0,61.0,2.1964,101472.99,INLAND
-122.18,37.91,31.0,7200.0,876.0,2428.0,843.0,10.9405,496920.97,NEAR BAY
-121.42,38.6,23.0,3713.0,1078.0,2194.0,1018.0,1.7451,92804.0,INLAND
-117.17,32.72,44.0,626.0,256.0,572.0,229.0,1.5909,153502.0,NEAR OCEAN
-117.88,33.7,18.0,2135.0,373.0,1464.0,405.0,5.4836,246704.0,<1H OCEAN
-120.97,37.73,19.0,3725.0,543.0,1412.0,463.0,5.7476,215552.0,INLAND
-121.63,39.15,16.0,1547.0,418.0,940.0,400.0,1.5613,88149.0,INLAND
-120.27,37.12,42.0,1142.0,236.0,597.0,210.0,1.7279,73139.0,INLAND
-121.96,37.43,18.0,2514.0,578.0,2205.0,545.0,3.3859,213530.0,<1H OCEAN
-118.32,34.17,45.0,3448.0,690.0,1562.0,643.0,4.0648,277715.02,<1H OCEAN
-117.95,33.78,26.0,4115.0,883.0,2184.0,825.0,3.9536,200368.0,<1H OCEAN
-121.87,37.3,14.0,360.0,124.0,134.0,84.0,2.7411,252048.12,<1H OCEAN
-117.23,34.11,22.0,1162.0,221.0,995.0,244.0,2.5875,101889.0,INLAND
-117.96,33.85,36.0,1951.0,365.0,1254.0,358.0,4.8438,190259.0,<1H OCEAN
-122.42,37.79,52.0,2737.0,1241.0,1761.0,1029.0,1.8068,349743.15,NEAR BAY
-120.08,39.23,19.0,1746.0,306.0,251.0,104.0,4.8182,170805.0,INLAND
-118.25,34.02,50.0,180.0,89.0,356.0,76.0,2.1944,109802.0,<1H OCEAN
-119.33,36.19,27.0,418.0,163.0,332.0,141.0,1.0714,61646.0,INLAND
-120.56,35.07,14.0,6788.0,1216.0,2866.0,1036.0,3.3603,213596.01,<1H OCEAN
-117.1,32.58,17.0,2046.0,559.0,1585.0,530.0,2.25,124809.0,NEAR OCEAN
-118.2,34.13,30.0,3369.0,824.0,2032.0,795.0,4.0052,271516.02,<1H OCEAN
-117.22,32.81,24.0,730.0,196.0,335.0,203.0,3.5078,197361.02,NEAR OCEAN
-118.41,34.0,18.0,1307.0,441.0,884.0,456.0,2.9338,350571.12,<1H OCEAN
-119.71,36.81,19.0,1648.0,368.0,557.0,354.0,1.7969,88713.99,INLAND
-118.44,34.06,28.0,3910.0,959.0,1763.0,867.0,5.5,441668.64,<1H OCEAN
-117.97,33.84,34.0,874.0,153.0,549.0,153.0,4.8667,195373.0,<1H OCEAN
-119.63,36.32,36.0,1518.0,287.0,749.0,255.0,2.2333,76527.0,INLAND
-118.53,34.04,45.0,1711.0,264.0,735.0,261.0,9.1078,496765.96,<1H OCEAN
-117.93,34.07,36.0,1207.0,209.0,683.0,213.0,5.3559,223957.0,<1H OCEAN
-117.31,34.08,40.0,2011.0,495.0,1528.0,469.0,1.9375,77584.0,INLAND
-122.44,37.7,6.0,3523.0,664.0,1705.0,608.0,4.9318,250135.0,NEAR OCEAN
-122.04,37.34,23.0,2590.0,725.0,1795.0,680.0,3.16,253425.02,<1H OCEAN
-121.26,38.65,17.0,2655.0,421.0,991.0,384.0,4.6484,173357.0,INLAND
-118.49,34.19,23.0,2087.0,571.0,1809.0,553.0,3.1667,202808.0,<1H OCEAN
-118.29,34.09,35.0,2198.0,998.0,3441.0,912.0,2.0467,209491.0,<1H OCEAN
-122.04,38.24,30.0,2081.0,456.0,1005.0,438.0,1.9954,96748.0,INLAND
-117.82,33.73,24.0,845.0,190.0,482.0,190.0,4.7039,201817.0,<1H OCEAN
-117.81,33.74,24.0,2696.0,649.0,1908.0,626.0,3.3047,170630.0,<1H OCEAN
-117.95,33.7,17.0,5781.0,924.0,2585.0,915.0,5.343,276099.0,<1H OCEAN
-123.82,40.12,33.0,2985.0,591.0,1221.0,486.0,2.087,95369.0,<1H OCEAN
-118.36,33.86,37.0,1249.0,218.0,583.0,214.0,5.7422,356598.11,<1H OCEAN
-118.77,34.28,27.0,1416.0,251.0,1024.0,268.0,5.1074,211728.0,<1H OCEAN
-122.29,37.86,52.0,1665.0,404.0,815.0,372.0,1.9946,164753.0,NEAR BAY
-120.18,36.59,25.0,948.0,198.0,613.0,171.0,2.3026,74854.0,INLAND
-118.02,34.09,24.0,2080.0,514.0,1976.0,478.0,2.6917,176288.0,INLAND
-117.96,33.82,29.0,2176.0,468.0,1632.0,428.0,3.707,187581.0,<1H OCEAN
-120.13,39.06,22.0,2465.0,539.0,381.0,146.0,2.875,140611.0,INLAND
-121.35,38.68,18.0,7923.0,1558.0,3789.0,1473.0,3.5403,127055.0,INLAND
-121.73,36.9,23.0,2392.0,721.0,3074.0,718.0,2.5195,154617.0,<1H OCEAN
-117.18,34.08,28.0,2243.0,399.0,1464.0,379.0,3.2105,102808.0,INLAND
-122.91,39.18,43.0,89.0,18.0,86.0,27.0,2.0208,90299.96,INLAND
-119.74,36.65,19.0,2546.0,463.0,1257.0,418.0,2.9013,78675.0,INLAND
-118.34,33.99,48.0,2225.0,433.0,1170.0,401.0,2.9643,160825.01,<1H OCEAN
-118.13,34.2,45.0,1213.0,206.0,529.0,231.0,5.6629,287212.03,INLAND
-117.17,32.83,24.0,3541.0,530.0,1591.0,530.0,5.3538,230871.0,NEAR OCEAN
-118.5,34.2,42.0,1558.0,322.0,884.0,334.0,2.2304,194702.01,<1H OCEAN
-117.97,33.72,24.0,2991.0,500.0,1437.0,453.0,5.4286,259770.0,<1H OCEAN
-118.39,34.08,27.0,6605.0,1710.0,2665.0,1520.0,3.8088,389537.26,<1H OCEAN
-119.71,36.83,5.0,1087.0,338.0,623.0,362.0,1.8061,92309.0,INLAND
-117.89,33.88,27.0,2091.0,336.0,1037.0,332.0,5.7519,259648.0,<1H OCEAN
-117.19,33.14,12.0,3652.0,923.0,1677.0,728.0,2.3267,141131.0,<1H OCEAN
-114.62,33.62,26.0,18.0,3.0,5.0,3.0,0.536,127374.0,INLAND
-122.25,37.8,29.0,2468.0,864.0,1335.0,773.0,1.3929,203033.02,NEAR BAY
-118.25,33.97,32.0,879.0,257.0,1057.0,230.0,1.6776,103868.0,<1H OCEAN
-122.14,37.72,45.0,1397.0,253.0,555.0,248.0,2.983,181967.0,NEAR BAY
-117.97,34.17,35.0,5005.0,848.0,2112.0,813.0,4.9968,286148.02,INLAND
-122.55,38.42,24.0,2220.0,411.0,894.0,365.0,4.2891,250105.0,<1H OCEAN
-118.22,34.52,7.0,4524.0,735.0,2298.0,717.0,6.5538,245419.0,INLAND
-118.23,34.13,34.0,609.0,149.0,407.0,145.0,4.5766,222571.0,<1H OCEAN
-117.13,32.72,43.0,2160.0,504.0,1221.0,452.0,2.4821,159672.0,NEAR OCEAN
-119.03,35.36,41.0,1944.0,363.0,977.0,388.0,3.9097,95197.0,INLAND
-122.41,37.8,52.0,3278.0,775.0,1279.0,709.0,5.4378,438372.5,NEAR BAY
-122.46,37.72,37.0,1833.0,388.0,1093.0,363.0,3.0703,253303.0,NEAR OCEAN
-118.07,33.93,5.0,906.0,187.0,1453.0,158.0,4.125,162996.0,<1H OCEAN
-121.82,37.28,33.0,2873.0,489.0,1946.0,475.0,5.0709,243332.02,<1H OCEAN
-121.9,36.58,31.0,1431.0,,704.0,393.0,3.1977,274242.02,NEAR OCEAN
-117.94,34.15,33.0,859.0,144.0,421.0,138.0,4.4821,240064.01,INLAND
-121.3,38.13,26.0,2256.0,360.0,937.0,372.0,5.0528,165623.0,INLAND
-118.36,34.06,39.0,2810.0,670.0,1109.0,624.0,3.25,339890.09,<1H OCEAN
-118.23,34.14,33.0,2865.0,864.0,2061.0,790.0,2.6268,199057.0,<1H OCEAN
-119.72,34.43,27.0,984.0,299.0,777.0,313.0,2.5694,248487.0,<1H OCEAN
-121.76,36.75,21.0,1141.0,257.0,671.0,195.0,3.8424,239233.01,<1H OCEAN
-117.09,32.74,23.0,3130.0,779.0,2472.0,744.0,2.32,113782.0,NEAR OCEAN
-118.19,34.04,39.0,1074.0,323.0,1613.0,308.0,2.3015,144974.0,<1H OCEAN
-118.36,33.89,34.0,760.0,174.0,723.0,198.0,5.3169,287959.0,<1H OCEAN
-118.09,33.96,20.0,1911.0,472.0,1407.0,465.0,2.7647,167145.0,<1H OCEAN
-119.9,37.49,13.0,2230.0,443.0,920.0,361.0,3.0,113023.0,INLAND
-117.49,33.64,3.0,8874.0,1302.0,3191.0,1027.0,6.8588,303060.02,<1H OCEAN
-121.36,38.01,16.0,926.0,230.0,451.0,198.0,4.0221,133158.0,INLAND
-117.35,34.16,36.0,1717.0,348.0,1054.0,279.0,2.4444,87603.0,INLAND
-118.35,33.8,19.0,6224.0,1105.0,3152.0,1076.0,5.9541,334046.09,<1H OCEAN
-117.2,32.84,34.0,3353.0,544.0,1583.0,571.0,4.55,226434.0,NEAR OCEAN
-118.46,34.32,10.0,5777.0,1112.0,2917.0,1056.0,4.1514,218969.0,<1H OCEAN
-121.6,37.13,14.0,9483.0,1361.0,4108.0,1281.0,7.5,363161.02,<1H OCEAN
-118.35,33.98,33.0,1884.0,477.0,1518.0,449.0,3.1194,205190.0,<1H OCEAN
-121.72,38.0,7.0,7957.0,1314.0,4460.0,1293.0,4.9618,159576.0,INLAND
-117.99,33.73,24.0,2104.0,421.0,1181.0,414.0,3.8365,198607.0,<1H OCEAN
-121.85,37.33,16.0,2987.0,874.0,4241.0,841.0,2.8024,173666.0,<1H OCEAN
-117.93,33.62,33.0,1890.0,416.0,859.0,329.0,4.5658,399822.4,<1H OCEAN
-120.02,36.8,25.0,1270.0,255.0,1050.0,245.0,2.1618,66276.0,INLAND
-122.38,37.58,52.0,1704.0,226.0,671.0,243.0,8.4704,488742.86,NEAR OCEAN
-117.84,33.74,22.0,6072.0,1802.0,4715.0,1666.0,3.1353,174788.0,<1H OCEAN
-117.98,33.77,7.0,2252.0,570.0,1576.0,550.0,3.6333,162409.0,<1H OCEAN
-122.59,37.97,46.0,4036.0,856.0,1872.0,833.0,4.5625,324851.0,NEAR OCEAN
-119.35,35.59,14.0,2719.0,502.0,1497.0,457.0,3.176,83947.0,INLAND
-121.24,39.22,14.0,983.0,163.0,399.0,161.0,2.2917,112003.0,INLAND
-117.96,34.08,28.0,2831.0,552.0,2330.0,557.0,3.9741,186246.0,<1H OCEAN
-117.7,33.64,15.0,5743.0,773.0,2380.0,773.0,8.1926,369767.02,<1H OCEAN
-117.65,34.04,28.0,2360.0,607.0,2623.0,592.0,2.5048,114686.0,INLAND
-121.9,38.02,5.0,1560.0,369.0,1037.0,372.0,3.6154,146934.0,INLAND
-118.07,33.99,41.0,1204.0,252.0,1002.0,248.0,3.0577,167676.0,<1H OCEAN
-118.28,33.99,49.0,2174.0,481.0,1861.0,484.0,1.7159,101393.0,<1H OCEAN
-117.89,33.83,35.0,2984.0,446.0,1435.0,455.0,5.6276,251139.0,<1H OCEAN
-119.35,36.42,18.0,1115.0,193.0,1742.0,176.0,2.7969,74062.0,INLAND
-122.3,37.55,35.0,3675.0,735.0,1930.0,715.0,3.9833,300191.0,NEAR OCEAN
-118.16,34.7,33.0,2918.0,494.0,1365.0,478.0,4.8787,211323.0,INLAND
-122.48,38.48,29.0,2278.0,397.0,765.0,322.0,4.6379,277849.0,INLAND
-119.73,36.52,20.0,1741.0,331.0,1466.0,289.0,2.5921,68510.0,INLAND
-122.25,37.53,16.0,4428.0,664.0,1677.0,623.0,7.6864,398799.07,NEAR BAY
-118.37,34.07,52.0,1084.0,247.0,468.0,255.0,3.4286,404243.05,<1H OCEAN
-118.04,33.85,24.0,2233.0,347.0,1162.0,355.0,5.6094,265125.0,<1H OCEAN
-116.95,32.74,7.0,2722.0,578.0,1429.0,574.0,3.9583,167530.0,<1H OCEAN
-122.58,38.1,22.0,11872.0,2300.0,5600.0,2200.0,4.6463,242125.0,NEAR BAY
-118.47,34.04,21.0,5041.0,1491.0,2719.0,1420.0,3.5335,362863.18,<1H OCEAN
-118.25,33.92,44.0,1137.0,235.0,747.0,225.0,2.0,96668.0,<1H OCEAN
-117.29,34.14,52.0,1683.0,266.0,646.0,256.0,4.0481,134079.0,INLAND
-119.49,37.1,24.0,2532.0,555.0,1564.0,507.0,2.3359,85459.0,INLAND
-122.7,38.45,26.0,2011.0,557.0,855.0,530.0,1.125,165116.0,<1H OCEAN
-121.9,37.44,12.0,4228.0,734.0,2594.0,732.0,6.6086,319726.07,<1H OCEAN
-117.27,34.24,34.0,3687.0,756.0,941.0,367.0,2.875,101150.0,INLAND
-121.27,38.12,44.0,2356.0,482.0,1043.0,443.0,2.4949,94835.0,INLAND
-119.72,34.42,31.0,1524.0,383.0,1257.0,398.0,2.6019,232471.0,NEAR OCEAN
-119.54,36.51,36.0,49.0,7.0,28.0,2.0,4.625,138191.0,INLAND
-118.41,33.97,44.0,2298.0,388.0,849.0,360.0,5.5941,400704.23,<1H OCEAN
-120.85,37.51,15.0,1131.0,285.0,728.0,281.0,1.5531,108457.0,INLAND
-122.42,37.75,52.0,1207.0,302.0,1008.0,269.0,3.3816,261884.01,NEAR BAY
-118.28,33.98,47.0,865.0,193.0,782.0,217.0,2.2411,123148.0,<1H OCEAN
-118.27,33.82,39.0,1357.0,249.0,763.0,229.0,4.25,191158.0,<1H OCEAN
-117.01,32.73,22.0,2526.0,530.0,1556.0,529.0,2.8646,138955.0,NEAR OCEAN
-122.25,37.8,52.0,2087.0,510.0,1197.0,488.0,3.0149,233753.0,NEAR BAY
-118.44,33.88,35.0,2020.0,451.0,724.0,399.0,6.6494,462479.45,NEAR OCEAN
-118.35,33.85,35.0,1248.0,206.0,551.0,185.0,5.6426,317790.0,<1H OCEAN
-122.35,37.96,35.0,1326.0,346.0,1023.0,295.0,2.0724,101995.0,NEAR BAY
-118.43,34.16,41.0,2050.0,478.0,850.0,490.0,3.4208,352285.08,<1H OCEAN
-118.3,33.93,29.0,2228.0,396.0,1140.0,352.0,3.7969,170518.0,<1H OCEAN
-121.28,38.53,18.0,224.0,38.0,95.0,41.0,3.1042,147001.0,INLAND
-117.27,33.0,36.0,2426.0,454.0,1085.0,420.0,5.1523,347000.22,NEAR OCEAN
-122.41,37.63,35.0,865.0,226.0,602.0,217.0,3.0,269008.04,NEAR OCEAN
-117.18,32.76,8.0,3694.0,997.0,1297.0,807.0,3.6492,232127.0,NEAR OCEAN
-118.45,33.99,45.0,1132.0,269.0,654.0,264.0,4.5673,340719.0,<1H OCEAN
-117.07,32.8,36.0,2028.0,349.0,820.0,352.0,3.9828,169266.0,<1H OCEAN
-121.34,38.59,22.0,3273.0,480.0,1151.0,463.0,8.05,325059.01,INLAND
-118.64,34.22,16.0,4312.0,574.0,1902.0,574.0,8.4438,414260.05,<1H OCEAN
-117.94,33.88,46.0,1747.0,312.0,770.0,296.0,5.4217,276695.07,<1H OCEAN
-121.98,37.27,25.0,3075.0,564.0,1633.0,543.0,5.2528,278303.0,<1H OCEAN
-117.02,32.73,22.0,5201.0,865.0,3280.0,817.0,4.7952,167386.0,NEAR OCEAN
-118.09,34.15,45.0,1345.0,356.0,749.0,327.0,2.8007,221502.0,INLAND
-122.52,37.89,17.0,4363.0,1041.0,1640.0,989.0,3.9531,350102.05,NEAR BAY
-117.24,34.14,6.0,2383.0,606.0,1301.0,488.0,3.016,117367.0,INLAND
-118.58,34.21,27.0,2209.0,353.0,1034.0,344.0,4.7125,234017.01,<1H OCEAN
-118.02,33.92,34.0,2169.0,418.0,1169.0,406.0,3.2222,185710.0,<1H OCEAN
-117.82,33.82,22.0,3173.0,372.0,1181.0,355.0,8.3637,374301.02,<1H OCEAN
-117.87,33.84,23.0,1678.0,369.0,912.0,347.0,4.5,208843.0,<1H OCEAN
-122.45,38.01,36.0,4501.0,832.0,2196.0,800.0,4.3182,288530.0,NEAR BAY
-117.69,36.13,25.0,1709.0,439.0,632.0,292.0,1.7868,81691.99,INLAND
-118.18,34.03,26.0,859.0,255.0,835.0,232.0,1.1929,171869.01,<1H OCEAN
-122.44,37.78,37.0,1235.0,314.0,481.0,297.0,3.6875,364555.05,NEAR BAY
-117.99,34.08,35.0,1032.0,207.0,954.0,191.0,2.8906,151795.0,INLAND
-119.63,34.4,29.0,3865.0,814.0,1266.0,613.0,6.0069,407734.31,<1H OCEAN
-122.62,38.24,33.0,1369.0,280.0,758.0,246.0,4.0341,201927.0,<1H OCEAN
-122.33,38.29,14.0,3541.0,499.0,1577.0,459.0,5.3351,213454.0,NEAR BAY
-119.82,36.79,35.0,1474.0,291.0,709.0,294.0,2.6522,72659.0,INLAND
-118.61,34.21,41.0,1058.0,228.0,778.0,245.0,3.3534,191418.0,<1H OCEAN
-122.53,37.87,20.0,1814.0,282.0,658.0,253.0,7.9977,403702.04,NEAR BAY
-118.26,33.91,39.0,967.0,256.0,903.0,256.0,1.9038,98405.0,<1H OCEAN
-121.92,37.28,27.0,3028.0,486.0,1284.0,498.0,4.5833,292675.0,<1H OCEAN
-120.46,37.29,30.0,2972.0,635.0,1940.0,590.0,2.3594,86307.0,INLAND
-121.97,36.97,24.0,3665.0,870.0,1954.0,833.0,2.8036,230776.0,NEAR OCEAN
-117.16,32.73,52.0,1863.0,559.0,906.0,493.0,1.9203,168834.0,NEAR OCEAN
-118.19,33.78,24.0,225.0,72.0,439.0,71.0,2.8533,208167.04,NEAR OCEAN
-117.11,32.69,39.0,395.0,159.0,620.0,162.0,2.725,113473.0,NEAR OCEAN
-117.88,33.82,17.0,2247.0,705.0,1382.0,618.0,3.8631,196645.0,<1H OCEAN
-122.48,37.69,43.0,2661.0,455.0,1384.0,456.0,4.2421,240420.0,NEAR OCEAN
-118.15,34.17,36.0,930.0,280.0,1024.0,300.0,1.0846,190749.04,<1H OCEAN
-117.7,33.6,16.0,2092.0,489.0,877.0,392.0,3.0461,155674.0,<1H OCEAN
-116.22,33.73,38.0,1695.0,352.0,1279.0,305.0,2.1217,68970.0,INLAND
-119.07,35.34,16.0,4201.0,786.0,1667.0,724.0,4.8839,143533.0,INLAND
-120.71,37.38,14.0,1979.0,432.0,1756.0,382.0,2.6923,93511.0,INLAND
-121.36,37.99,8.0,1801.0,380.0,684.0,350.0,4.2589,169823.0,INLAND
-117.3,33.23,13.0,3619.0,791.0,1759.0,806.0,2.765,136891.0,<1H OCEAN
-118.15,33.94,37.0,1594.0,321.0,1003.0,323.0,3.3289,212249.0,<1H OCEAN
-118.11,34.15,40.0,1950.0,509.0,1038.0,438.0,2.6172,188228.0,<1H OCEAN
-117.1,32.74,30.0,1772.0,500.0,1389.0,447.0,2.3641,113128.0,NEAR OCEAN
-122.67,38.33,4.0,8072.0,1606.0,4323.0,1475.0,3.9518,201142.0,<1H OCEAN
-118.14,34.06,37.0,1339.0,258.0,706.0,238.0,4.7569,226494.0,<1H OCEAN
-118.27,34.0,43.0,1638.0,434.0,1213.0,390.0,1.3403,105030.0,<1H OCEAN
-118.31,33.67,42.0,1297.0,246.0,611.0,242.0,5.3074,361504.2,NEAR OCEAN
-122.23,40.57,18.0,1633.0,243.0,750.0,252.0,5.1585,186487.0,INLAND
-117.04,32.58,14.0,2355.0,406.0,1883.0,401.0,5.0311,159783.0,NEAR OCEAN
-118.51,34.0,52.0,1241.0,502.0,679.0,459.0,2.3098,369404.17,<1H OCEAN
-118.09,33.74,44.0,1671.0,390.0,871.0,367.0,4.6369,392325.14,NEAR OCEAN
-118.93,36.19,30.0,2685.0,546.0,951.0,523.0,2.6184,78744.0,INLAND
-117.22,32.75,26.0,696.0,185.0,384.0,184.0,2.6121,225435.05,NEAR OCEAN
-122.04,37.62,35.0,1032.0,173.0,453.0,176.0,6.396,363338.01,NEAR BAY
-117.22,34.07,8.0,3065.0,692.0,1440.0,666.0,3.2368,114131.0,INLAND
-117.13,34.24,17.0,2828.0,506.0,673.0,274.0,5.2563,158008.01,INLAND
-117.13,32.7,48.0,786.0,230.0,917.0,231.0,1.875,89201.0,NEAR OCEAN
-122.44,37.77,52.0,3475.0,807.0,1518.0,777.0,3.6186,460501.51,NEAR BAY
-118.24,33.96,34.0,1724.0,432.0,1876.0,416.0,2.1078,108147.0,<1H OCEAN
-119.08,35.32,8.0,11609.0,2141.0,5696.0,2100.0,5.0012,149768.0,INLAND
-119.29,34.28,38.0,2387.0,748.0,1537.0,741.0,2.3147,197246.0,NEAR OCEAN
-118.26,34.01,47.0,1269.0,323.0,1628.0,325.0,1.5089,111739.0,<1H OCEAN
-122.14,37.44,52.0,3117.0,468.0,1114.0,421.0,6.6756,463576.59,NEAR BAY
-117.13,32.58,27.0,2511.0,615.0,1427.0,576.0,3.1645,149968.0,NEAR OCEAN
-119.67,36.33,19.0,1241.0,244.0,850.0,237.0,2.9375,72853.0,INLAND
-122.43,37.81,39.0,3275.0,837.0,1137.0,725.0,3.7679,416680.49,NEAR BAY
-121.39,38.63,30.0,2930.0,739.0,1661.0,668.0,2.7813,121226.0,INLAND
-118.36,33.86,37.0,1768.0,314.0,802.0,290.0,5.0784,304163.03,<1H OCEAN
-118.33,33.92,23.0,969.0,288.0,670.0,251.0,3.267,183760.0,<1H OCEAN
-118.79,34.14,7.0,3003.0,504.0,1143.0,466.0,5.8548,380194.13,NEAR OCEAN
-117.82,34.13,27.0,3770.0,573.0,1606.0,562.0,6.1321,245548.02,INLAND
-114.57,33.57,20.0,1454.0,326.0,624.0,262.0,1.925,60640.0,INLAND
-118.08,34.13,46.0,1238.0,147.0,377.0,145.0,8.4546,478142.64,INLAND
-117.72,34.1,32.0,3241.0,895.0,1592.0,810.0,2.4952,136579.0,INLAND
-118.25,33.91,36.0,1950.0,365.0,1125.0,374.0,3.1111,126542.0,<1H OCEAN
-121.71,38.56,20.0,8627.0,1516.0,4071.0,1466.0,4.2198,196926.0,INLAND
-122.02,38.02,44.0,1465.0,247.0,817.0,237.0,4.8693,203856.0,NEAR BAY
-122.08,37.39,4.0,2292.0,,1050.0,584.0,4.8036,286368.06,NEAR BAY
-117.16,32.74,27.0,2335.0,604.0,982.0,590.0,3.1921,233168.01,NEAR OCEAN
-118.37,34.24,40.0,1283.0,246.0,594.0,236.0,4.1121,206935.0,<1H OCEAN
-118.31,34.0,47.0,1551.0,362.0,1329.0,322.0,1.9792,112708.0,<1H OCEAN
-120.48,37.29,17.0,2266.0,693.0,3200.0,664.0,1.5635,75214.0,INLAND
-122.54,37.99,32.0,2236.0,348.0,818.0,330.0,7.3521,410660.3,NEAR BAY
-117.11,32.79,16.0,2574.0,771.0,1129.0,721.0,3.3849,129432.0,NEAR OCEAN
-118.34,34.04,35.0,2345.0,607.0,2042.0,565.0,2.5955,183054.0,<1H OCEAN
-120.44,34.93,15.0,868.0,244.0,1133.0,253.0,2.0995,105962.0,<1H OCEAN
-118.54,34.23,29.0,1753.0,342.0,1318.0,333.0,4.125,195833.0,<1H OCEAN
-117.05,32.76,37.0,4879.0,906.0,2076.0,871.0,3.6625,165457.0,NEAR OCEAN
-122.04,36.97,30.0,2695.0,424.0,1098.0,420.0,5.3972,339555.04,NEAR OCEAN
-122.53,38.01,27.0,3121.0,531.0,1318.0,489.0,5.4781,294907.01,NEAR BAY
-118.39,34.16,20.0,4084.0,1062.0,1637.0,987.0,3.2388,330675.03,<1H OCEAN
-118.2,34.12,52.0,1580.0,426.0,1462.0,406.0,3.3326,173963.0,<1H OCEAN
-122.43,37.64,42.0,4091.0,757.0,1861.0,771.0,4.207,301492.0,NEAR OCEAN
-116.88,34.08,52.0,3419.0,777.0,710.0,265.0,3.9028,126151.0,INLAND
-122.09,37.41,8.0,1480.0,414.0,856.0,445.0,2.8203,211388.02,NEAR BAY
-121.9,37.3,39.0,3627.0,666.0,1531.0,635.0,4.537,273633.01,<1H OCEAN
-122.78,38.44,14.0,4143.0,656.0,1569.0,629.0,3.9766,207262.0,<1H OCEAN
-122.31,38.34,19.0,4187.0,684.0,1827.0,605.0,4.5293,190135.0,NEAR BAY
-117.74,34.02,33.0,2318.0,464.0,1904.0,451.0,3.7454,139819.0,INLAND
-122.01,37.93,25.0,2652.0,335.0,1062.0,334.0,7.5898,368634.08,NEAR BAY
-118.85,34.21,29.0,2195.0,414.0,1360.0,401.0,3.4773,196161.0,<1H OCEAN
-122.37,38.33,29.0,1868.0,291.0,764.0,284.0,4.825,208109.01,NEAR BAY
-118.11,34.07,19.0,3215.0,907.0,3072.0,870.0,2.3393,191701.01,<1H OCEAN
-121.28,38.7,15.0,5828.0,1051.0,2868.0,1037.0,3.7813,153116.0,INLAND
-118.1,34.08,37.0,2894.0,659.0,1977.0,636.0,2.543,188685.0,<1H OCEAN
-120.07,36.96,32.0,1268.0,283.0,549.0,273.0,1.4511,66826.0,INLAND
-118.37,33.95,32.0,1067.0,286.0,1053.0,277.0,2.8438,185415.0,<1H OCEAN
-122.42,37.8,52.0,3823.0,1040.0,1830.0,977.0,4.2458,486960.86,NEAR BAY
-118.7,34.3,23.0,2831.0,406.0,1284.0,393.0,6.1383,278699.01,<1H OCEAN
-117.12,32.57,35.0,1450.0,256.0,930.0,286.0,2.6715,139017.0,NEAR OCEAN
-122.42,37.8,52.0,3067.0,870.0,2122.0,850.0,2.5603,263536.08,NEAR BAY
-119.25,35.78,27.0,1513.0,342.0,1346.0,323.0,2.7411,77718.0,INLAND
-122.66,39.02,16.0,3715.0,810.0,943.0,510.0,1.7446,96052.0,INLAND
-118.45,33.99,52.0,1010.0,244.0,573.0,242.0,4.1861,335069.02,<1H OCEAN
-117.61,34.08,12.0,4427.0,,2400.0,843.0,4.7147,162949.0,INLAND
-117.96,33.93,15.0,2014.0,419.0,839.0,390.0,4.7446,215328.0,<1H OCEAN
-115.73,32.8,44.0,472.0,81.0,206.0,57.0,2.2083,81142.0,INLAND
-118.12,34.1,34.0,2918.0,555.0,1435.0,568.0,4.2344,296076.04,<1H OCEAN
-117.96,33.65,18.0,3603.0,879.0,1549.0,756.0,4.0229,219219.0,<1H OCEAN
-118.57,34.2,33.0,1759.0,311.0,943.0,315.0,5.223,246754.0,<1H OCEAN
-119.02,35.41,41.0,2221.0,516.0,1106.0,473.0,1.97,67793.0,INLAND
-119.06,35.33,14.0,5264.0,1064.0,3278.0,1049.0,3.8117,93702.0,INLAND
-122.44,37.77,52.0,3505.0,745.0,1374.0,714.0,4.3667,462378.58,NEAR BAY
-117.15,32.91,14.0,1259.0,238.0,889.0,247.0,4.9464,185304.01,<1H OCEAN
-118.44,34.29,30.0,1632.0,401.0,1357.0,401.0,3.1588,177151.0,<1H OCEAN
-119.8,36.02,20.0,156.0,39.0,171.0,37.0,3.05,91704.0,INLAND
-119.77,36.78,36.0,3616.0,779.0,1994.0,786.0,2.5434,70655.0,INLAND
-118.28,33.97,38.0,1819.0,497.0,2110.0,499.0,1.6027,98575.0,<1H OCEAN
-118.4,34.05,26.0,4473.0,923.0,1518.0,805.0,5.0762,460131.6,<1H OCEAN
-122.07,37.57,8.0,8647.0,1407.0,5019.0,1379.0,6.5615,346704.12,NEAR BAY
-121.56,39.08,26.0,1377.0,289.0,761.0,267.0,1.4934,62178.0,INLAND
-121.98,37.54,17.0,5133.0,1375.0,3386.0,1339.0,3.1326,212402.0,<1H OCEAN
-122.29,38.3,52.0,144.0,54.0,89.0,48.0,1.0096,184142.02,NEAR BAY
-118.15,33.9,20.0,2850.0,737.0,1855.0,662.0,2.809,177172.0,<1H OCEAN
-122.04,37.34,28.0,3081.0,460.0,1260.0,461.0,7.5372,427268.28,<1H OCEAN
-118.49,34.27,34.0,4877.0,815.0,2521.0,781.0,5.5714,262819.0,<1H OCEAN
-117.12,32.74,46.0,1898.0,441.0,978.0,439.0,3.2708,163120.0,NEAR OCEAN
-118.95,35.38,35.0,2220.0,388.0,906.0,373.0,3.5938,89467.0,INLAND
-122.08,37.4,23.0,806.0,158.0,373.0,156.0,5.9291,325387.04,NEAR BAY
-118.26,33.88,40.0,519.0,102.0,330.0,95.0,3.0972,133078.0,<1H OCEAN
-119.76,36.79,32.0,2463.0,468.0,1261.0,486.0,3.3281,87515.0,INLAND
-118.25,33.98,39.0,1553.0,461.0,2271.0,437.0,1.7378,101417.0,<1H OCEAN
-118.98,35.38,24.0,1807.0,465.0,1460.0,410.0,1.4786,51541.0,INLAND
-118.92,35.13,29.0,1297.0,262.0,909.0,253.0,1.9236,55489.0,INLAND
-118.21,33.8,44.0,1387.0,280.0,984.0,302.0,4.25,183643.01,NEAR OCEAN
-118.27,34.15,7.0,2837.0,776.0,2287.0,736.0,3.008,227468.0,<1H OCEAN
-119.96,35.99,25.0,1047.0,270.0,1505.0,286.0,2.0976,52667.0,INLAND
-118.0,34.15,48.0,3436.0,673.0,1540.0,648.0,4.275,249262.0,INLAND
-122.46,37.71,45.0,1799.0,394.0,1436.0,389.0,3.65,236529.0,NEAR OCEAN
-121.32,38.67,31.0,2532.0,479.0,1396.0,467.0,4.0417,125068.0,INLAND
-118.07,33.96,30.0,928.0,230.0,913.0,214.0,2.6991,161558.0,<1H OCEAN
-117.0,32.77,35.0,2114.0,317.0,881.0,320.0,5.5,200424.0,<1H OCEAN
-121.99,37.54,18.0,3584.0,715.0,1673.0,661.0,3.9444,240717.0,<1H OCEAN
-121.19,38.04,35.0,703.0,117.0,290.0,107.0,3.225,147128.0,INLAND
-118.56,34.21,13.0,8327.0,1849.0,4126.0,1773.0,3.7313,234303.0,<1H OCEAN
-116.92,32.82,16.0,2784.0,468.0,1458.0,465.0,4.0048,167945.0,<1H OCEAN
-122.2,37.78,50.0,1867.0,403.0,1128.0,378.0,2.5401,128391.0,NEAR BAY
-122.41,37.71,28.0,5015.0,1240.0,3900.0,1029.0,1.2269,224267.07,NEAR BAY
-122.07,37.64,22.0,5861.0,1516.0,5436.0,1463.0,2.5158,183610.0,NEAR BAY
-118.23,33.95,37.0,2667.0,671.0,2865.0,683.0,0.6831,114061.02,<1H OCEAN
-118.01,33.76,35.0,2072.0,349.0,1249.0,317.0,3.9855,204087.0,<1H OCEAN
-118.37,33.99,36.0,3228.0,543.0,1305.0,520.0,5.1695,325588.06,<1H OCEAN
-118.27,33.95,34.0,1261.0,315.0,1027.0,303.0,2.2946,102477.0,<1H OCEAN
-121.33,38.65,24.0,3533.0,741.0,1496.0,723.0,2.8106,135768.0,INLAND
-122.18,37.76,52.0,754.0,175.0,447.0,165.0,3.9063,161584.0,NEAR BAY
-121.97,37.28,27.0,2427.0,403.0,1301.0,438.0,5.0385,278407.0,<1H OCEAN
-117.5,34.0,15.0,1929.0,317.0,1237.0,316.0,4.4063,135547.0,INLAND
-124.1,40.9,18.0,4032.0,798.0,1948.0,775.0,2.7321,95426.0,NEAR OCEAN
-116.43,33.81,8.0,6710.0,1343.0,2069.0,781.0,3.5223,170151.06,INLAND
-120.76,38.47,17.0,1521.0,309.0,607.0,240.0,3.5,146544.0,INLAND
-118.41,34.17,35.0,2027.0,428.0,879.0,402.0,4.692,311336.02,<1H OCEAN
-122.83,38.4,37.0,2217.0,451.0,1019.0,428.0,3.1217,184712.0,<1H OCEAN
-118.46,34.4,12.0,25957.0,4798.0,10475.0,4490.0,4.542,213484.0,<1H OCEAN
-122.19,37.71,36.0,361.0,69.0,158.0,58.0,5.5461,315865.05,NEAR BAY
-119.91,37.23,17.0,2171.0,389.0,1042.0,375.0,3.625,118993.0,INLAND
-121.92,37.3,36.0,2088.0,358.0,772.0,347.0,4.2762,284174.01,<1H OCEAN
-117.26,32.95,22.0,5484.0,1227.0,1947.0,1012.0,4.4375,318167.02,NEAR OCEAN
-119.01,35.37,33.0,821.0,181.0,579.0,172.0,1.2469,57156.0,INLAND
-117.67,33.49,15.0,2782.0,579.0,983.0,525.0,2.1935,218925.22,<1H OCEAN
-117.81,35.65,19.0,1124.0,290.0,598.0,261.0,1.8984,69419.91,INLAND
-118.42,33.98,3.0,475.0,155.0,236.0,153.0,3.6667,306135.08,<1H OCEAN
-122.4,37.76,52.0,1495.0,311.0,506.0,275.0,4.4375,300378.03,NEAR BAY
-119.84,36.81,18.0,2789.0,378.0,937.0,364.0,7.7062,232768.0,INLAND
-121.43,37.75,42.0,1207.0,278.0,699.0,279.0,3.3611,126258.0,INLAND
-118.22,34.09,36.0,1427.0,415.0,1835.0,410.0,2.48,151198.0,<1H OCEAN
-117.04,32.55,15.0,2206.0,648.0,2511.0,648.0,1.6348,118946.0,NEAR OCEAN
-117.14,33.15,16.0,1129.0,198.0,758.0,178.0,5.0346,183397.0,<1H OCEAN
-117.94,34.04,36.0,1431.0,354.0,1367.0,334.0,3.5592,158533.0,<1H OCEAN
-117.93,34.57,5.0,5613.0,1060.0,3569.0,999.0,3.1946,135560.0,INLAND
-118.37,34.16,25.0,2450.0,618.0,1054.0,578.0,3.6375,294738.0,<1H OCEAN
-117.1,34.21,22.0,4397.0,931.0,1145.0,445.0,4.5268,135500.0,INLAND
-122.42,40.44,16.0,994.0,,495.0,181.0,2.1875,82267.0,INLAND
-121.47,38.54,47.0,2085.0,464.0,1346.0,402.0,1.2679,67323.0,INLAND
-118.14,34.08,30.0,1433.0,397.0,1110.0,346.0,2.3464,199518.0,<1H OCEAN
-118.39,34.23,18.0,3405.0,831.0,3001.0,795.0,3.0083,187648.0,<1H OCEAN
-121.41,38.69,28.0,1601.0,308.0,848.0,305.0,3.6429,108602.0,INLAND
-123.8,39.44,33.0,2024.0,459.0,1019.0,422.0,1.9208,98174.0,<1H OCEAN
-117.71,33.54,7.0,4907.0,577.0,1883.0,556.0,10.4415,469764.62,<1H OCEAN
-121.5,38.56,46.0,2646.0,645.0,1684.0,616.0,1.128,97638.0,INLAND
-117.24,32.75,36.0,2831.0,669.0,1279.0,660.0,2.9896,254257.0,NEAR OCEAN
-118.26,33.82,28.0,5091.0,1074.0,4753.0,1033.0,3.6477,204966.01,<1H OCEAN
-117.95,33.71,16.0,6058.0,1715.0,3285.0,1495.0,3.4133,182305.0,<1H OCEAN
-117.24,32.75,41.0,1989.0,514.0,1015.0,489.0,2.79,262762.0,NEAR OCEAN
-121.35,38.04,12.0,6217.0,1019.0,3771.0,961.0,3.7206,134887.0,INLAND
-117.57,33.88,39.0,679.0,164.0,769.0,179.0,2.3036,121077.0,INLAND
-117.24,32.94,12.0,2165.0,437.0,792.0,386.0,5.2648,280374.06,NEAR OCEAN
-121.63,39.12,34.0,1991.0,348.0,804.0,344.0,3.4492,114963.0,INLAND
-117.9,33.8,27.0,2176.0,442.0,1440.0,418.0,4.375,192939.0,<1H OCEAN
-122.01,38.26,12.0,4132.0,710.0,2087.0,633.0,4.5987,160957.0,INLAND
-118.44,34.17,29.0,2685.0,642.0,1085.0,599.0,3.2763,281527.01,<1H OCEAN
-117.92,33.9,13.0,1814.0,320.0,1010.0,313.0,6.3489,276974.01,<1H OCEAN
-122.64,38.01,36.0,1336.0,258.0,678.0,249.0,5.5789,346677.05,NEAR OCEAN
-119.97,36.44,18.0,1128.0,237.0,772.0,220.0,2.1771,63708.99,INLAND
-117.95,33.79,34.0,2912.0,520.0,1625.0,501.0,4.4667,203809.0,<1H OCEAN
-118.05,33.84,21.0,4890.0,653.0,2295.0,654.0,6.983,337293.0,<1H OCEAN
-121.26,37.95,44.0,819.0,184.0,677.0,183.0,1.725,67868.0,INLAND
-118.96,37.64,11.0,3934.0,697.0,901.0,345.0,4.2381,130041.0,INLAND
-121.64,39.11,18.0,3212.0,542.0,1817.0,508.0,3.3793,113356.0,INLAND
-117.12,32.76,28.0,2160.0,608.0,1339.0,571.0,1.9152,123866.0,NEAR OCEAN
-116.92,32.86,11.0,2204.0,518.0,1472.0,497.0,2.3693,124697.0,<1H OCEAN
-118.83,34.33,6.0,6679.0,1164.0,3196.0,1157.0,5.4493,268233.02,<1H OCEAN
-122.39,37.78,3.0,3464.0,1179.0,1441.0,919.0,4.7105,266554.1,NEAR BAY
-117.25,32.73,38.0,1840.0,291.0,633.0,283.0,4.9125,385727.1,NEAR OCEAN
-120.84,35.3,15.0,2062.0,327.0,781.0,316.0,4.9359,269376.01,NEAR OCEAN
-117.98,33.7,17.0,1997.0,340.0,952.0,341.0,4.4148,222138.0,<1H OCEAN
-122.24,37.77,52.0,1153.0,235.0,481.0,223.0,2.6411,159369.01,NEAR BAY
-121.36,38.66,22.0,2878.0,599.0,1362.0,541.0,2.7955,123551.0,INLAND
-122.5,37.92,32.0,2639.0,415.0,1013.0,408.0,6.1632,389819.09,NEAR BAY
-120.84,37.48,10.0,2874.0,612.0,1960.0,596.0,2.7381,114287.0,INLAND
-118.31,33.88,21.0,1490.0,430.0,686.0,400.0,2.3812,209013.0,<1H OCEAN
-118.09,34.68,4.0,23386.0,4171.0,10493.0,3671.0,4.0211,142494.0,INLAND
-119.23,35.77,26.0,2636.0,468.0,1416.0,485.0,4.1917,92774.0,INLAND
-118.32,34.19,37.0,1519.0,331.0,613.0,315.0,3.0179,233767.0,<1H OCEAN
-118.52,34.22,35.0,1275.0,222.0,959.0,226.0,5.0282,211524.01,<1H OCEAN
-118.3,34.1,25.0,3926.0,1715.0,4865.0,1612.0,1.6112,183345.0,<1H OCEAN
-121.25,36.32,12.0,4776.0,1082.0,4601.0,1066.0,2.9184,145693.0,<1H OCEAN
-118.15,33.94,36.0,1948.0,341.0,992.0,363.0,4.2594,236573.0,<1H OCEAN
-117.43,34.01,34.0,2101.0,426.0,1150.0,377.0,3.0909,112113.0,INLAND
-122.56,37.9,48.0,1550.0,253.0,641.0,276.0,8.634,464521.51,NEAR BAY
-120.84,37.51,20.0,1901.0,313.0,1258.0,320.0,3.8958,138066.0,INLAND
-118.28,34.06,52.0,936.0,454.0,990.0,354.0,1.1122,239273.02,<1H OCEAN
-119.17,34.15,18.0,2509.0,688.0,3129.0,677.0,2.6098,290163.0,NEAR OCEAN
-122.04,37.35,28.0,1582.0,264.0,696.0,270.0,5.678,319368.02,<1H OCEAN
-122.28,37.87,52.0,1813.0,353.0,828.0,339.0,3.5625,220473.0,NEAR BAY
-118.06,33.91,24.0,4880.0,1044.0,4516.0,1050.0,4.1387,192147.0,<1H OCEAN
-118.47,34.15,43.0,804.0,117.0,267.0,110.0,8.2269,480449.8,<1H OCEAN
-118.48,34.04,47.0,1956.0,277.0,724.0,277.0,8.9616,493739.91,<1H OCEAN
-117.08,32.76,27.0,1221.0,254.0,606.0,259.0,3.0833,178983.0,NEAR OCEAN
-118.71,34.3,20.0,1586.0,187.0,699.0,209.0,6.5483,306704.07,<1H OCEAN
-118.2,34.04,18.0,796.0,227.0,547.0,218.0,1.0333,169023.02,<1H OCEAN
-122.04,37.88,32.0,3250.0,550.0,1230.0,557.0,4.6424,294708.02,NEAR BAY
-117.76,33.83,15.0,3086.0,457.0,1262.0,436.0,6.4415,295943.0,<1H OCEAN
-117.11,33.74,18.0,4799.0,1035.0,1966.0,944.0,2.1182,109263.0,INLAND
-122.22,37.84,50.0,2935.0,473.0,1031.0,479.0,7.5,348163.01,NEAR BAY
-115.37,32.82,30.0,1602.0,322.0,1130.0,335.0,3.5735,88096.0,INLAND
-118.11,34.16,52.0,3158.0,459.0,1229.0,444.0,5.4223,339665.01,INLAND
-116.76,34.23,10.0,4374.0,989.0,1020.0,376.0,2.6071,97712.0,INLAND
-122.12,37.42,36.0,2607.0,551.0,1165.0,523.0,5.1524,346976.13,NEAR BAY
-117.23,32.78,35.0,1649.0,355.0,746.0,360.0,4.6293,263241.0,NEAR OCEAN
-118.44,34.19,19.0,3487.0,959.0,2278.0,835.0,2.6709,210771.0,<1H OCEAN
-120.9,37.64,26.0,1762.0,418.0,855.0,308.0,1.6767,88546.0,INLAND
-117.27,34.05,34.0,1703.0,395.0,849.0,359.0,3.1607,110193.0,INLAND
-120.85,37.06,31.0,2609.0,645.0,1796.0,629.0,1.5479,77283.0,INLAND
-116.99,32.7,15.0,3660.0,622.0,2629.0,612.0,4.0444,157990.0,NEAR OCEAN
-121.6,39.15,19.0,1396.0,336.0,940.0,309.0,1.5208,89684.0,INLAND
-117.32,34.55,18.0,279.0,59.0,188.0,60.0,0.8246,94340.98,INLAND
-121.47,38.49,17.0,3595.0,790.0,2760.0,770.0,2.3233,100456.0,INLAND
-118.45,34.23,15.0,5738.0,1767.0,4620.0,1581.0,2.3584,178851.0,<1H OCEAN
-118.08,34.12,27.0,1685.0,341.0,757.0,317.0,4.2434,255861.01,<1H OCEAN
-117.96,33.94,31.0,2397.0,518.0,1407.0,476.0,2.6641,179304.0,<1H OCEAN
-118.14,34.06,27.0,5257.0,1082.0,3496.0,1036.0,3.3906,249710.0,<1H OCEAN
-118.88,34.17,15.0,4260.0,,1701.0,669.0,5.1033,276994.05,<1H OCEAN
-117.23,33.77,5.0,2108.0,496.0,1666.0,461.0,2.0,107680.0,INLAND
-117.88,33.85,26.0,3924.0,781.0,2332.0,725.0,3.7772,209986.0,<1H OCEAN
-121.3,38.03,13.0,1014.0,200.0,712.0,197.0,3.1471,114306.0,INLAND
-117.9,33.99,18.0,8076.0,1789.0,5325.0,1707.0,3.443,191531.0,<1H OCEAN
-117.24,32.74,44.0,1488.0,259.0,667.0,281.0,4.0862,322519.04,NEAR OCEAN
-124.18,40.78,33.0,1076.0,222.0,656.0,236.0,2.5096,76359.0,NEAR OCEAN
-118.1,33.91,35.0,1592.0,335.0,1238.0,320.0,4.9732,190266.0,<1H OCEAN
-122.06,37.77,12.0,14316.0,2045.0,5781.0,2007.0,7.2634,361964.1,NEAR BAY
-121.68,39.15,14.0,2774.0,451.0,1292.0,428.0,4.3833,137034.0,INLAND
-117.14,32.7,32.0,1280.0,353.0,1335.0,330.0,1.6023,86676.0,NEAR OCEAN
-117.02,32.76,15.0,1204.0,326.0,543.0,326.0,1.0278,148664.0,<1H OCEAN
-117.86,33.62,17.0,2975.0,371.0,1247.0,398.0,10.1989,464733.51,<1H OCEAN
-117.13,32.79,35.0,1362.0,243.0,698.0,255.0,3.6458,166079.0,NEAR OCEAN
-118.2,34.04,52.0,1249.0,307.0,1223.0,297.0,2.07,143510.0,<1H OCEAN
-120.57,38.2,13.0,4110.0,847.0,1796.0,706.0,2.6417,126247.0,INLAND
-118.17,33.96,25.0,2249.0,681.0,2621.0,628.0,2.3,160061.0,<1H OCEAN
-117.74,33.46,9.0,6564.0,1316.0,1720.0,904.0,4.89,270887.05,<1H OCEAN
-117.18,34.54,5.0,3772.0,619.0,2097.0,635.0,3.8194,127971.0,INLAND
-118.42,34.18,40.0,1013.0,150.0,449.0,166.0,5.7143,370766.09,<1H OCEAN
-119.69,34.38,39.0,1383.0,459.0,677.0,362.0,2.25,290781.08,NEAR OCEAN
-117.27,33.03,19.0,2899.0,499.0,1356.0,512.0,4.87,282191.02,NEAR OCEAN
-118.41,34.25,36.0,1146.0,259.0,1173.0,272.0,3.6016,158899.0,<1H OCEAN
-118.66,34.02,23.0,8798.0,1465.0,2750.0,1208.0,8.7364,478539.68,NEAR OCEAN
-122.15,37.74,43.0,1383.0,275.0,853.0,272.0,3.5083,140766.0,NEAR BAY
-120.85,37.49,39.0,2840.0,733.0,2606.0,737.0,1.9429,75988.0,INLAND
-118.29,34.17,12.0,2238.0,682.0,1882.0,611.0,2.9,229891.0,<1H OCEAN
-122.7,38.43,28.0,1585.0,412.0,1362.0,424.0,1.6685,148596.0,<1H OCEAN
-117.76,33.86,14.0,3666.0,442.0,1400.0,433.0,10.1316,432540.15,<1H OCEAN
-122.58,38.15,9.0,1302.0,177.0,682.0,190.0,7.5,358211.15,<1H OCEAN
-118.32,34.04,39.0,2965.0,812.0,2638.0,794.0,2.532,191577.01,<1H OCEAN
-120.46,36.87,20.0,1287.0,310.0,954.0,269.0,1.3386,60204.0,INLAND
-117.92,33.7,15.0,3201.0,,1510.0,622.0,4.2708,199726.0,<1H OCEAN
-121.59,39.39,22.0,2515.0,482.0,1284.0,462.0,2.1776,72147.0,INLAND
-117.94,34.02,27.0,5026.0,955.0,3899.0,930.0,3.871,177436.0,<1H OCEAN
-120.45,34.94,26.0,1058.0,232.0,891.0,243.0,3.6422,177633.0,<1H OCEAN
-117.12,32.76,23.0,2681.0,717.0,1279.0,648.0,2.1597,130338.0,NEAR OCEAN
-117.34,34.0,27.0,321.0,64.0,214.0,67.0,3.175,123890.0,INLAND
-118.05,34.1,30.0,2143.0,427.0,1107.0,416.0,4.2321,248195.0,INLAND
-118.19,33.82,19.0,2953.0,895.0,1914.0,855.0,3.5521,228382.0,NEAR OCEAN
-117.38,34.06,17.0,3139.0,569.0,1612.0,516.0,3.3571,116659.0,INLAND
-121.27,37.97,39.0,1023.0,243.0,550.0,224.0,1.1141,72212.0,INLAND
-122.18,39.75,30.0,4157.0,834.0,1885.0,774.0,1.6948,64014.0,INLAND
-118.49,34.03,32.0,3851.0,900.0,1456.0,836.0,4.5208,453478.33,<1H OCEAN
-117.68,33.54,5.0,2840.0,403.0,1363.0,403.0,7.618,326627.0,<1H OCEAN
-122.92,39.05,38.0,3131.0,624.0,1591.0,568.0,2.5457,120016.0,INLAND
-120.0,38.92,26.0,529.0,116.0,191.0,83.0,3.5,132613.0,INLAND
-121.2,37.79,36.0,866.0,160.0,502.0,149.0,2.4798,107457.0,INLAND
-117.3,34.11,42.0,525.0,111.0,444.0,120.0,2.6771,79696.0,INLAND
-118.38,33.86,24.0,3124.0,560.0,1312.0,542.0,6.3021,330357.04,<1H OCEAN
-117.01,33.75,15.0,2873.0,903.0,1094.0,659.0,1.8015,103649.0,INLAND
-118.04,33.99,47.0,2530.0,565.0,1262.0,509.0,3.6475,205004.0,<1H OCEAN
-121.25,38.69,24.0,1014.0,185.0,606.0,194.0,4.1607,150012.0,INLAND
-122.09,37.65,35.0,1130.0,192.0,543.0,184.0,4.3897,197259.0,NEAR BAY
-121.26,37.96,43.0,940.0,208.0,690.0,181.0,2.3056,84368.0,INLAND
-117.35,33.97,27.0,3960.0,886.0,2807.0,838.0,3.024,107878.0,INLAND
-118.2,33.91,36.0,2283.0,499.0,1836.0,462.0,2.8793,133429.0,<1H OCEAN
-118.46,34.02,46.0,2571.0,502.0,1225.0,501.0,6.0436,422255.25,<1H OCEAN
-118.32,33.94,37.0,1487.0,296.0,863.0,291.0,3.1563,148739.0,<1H OCEAN
-118.25,33.8,36.0,1697.0,394.0,1274.0,396.0,3.35,170872.0,<1H OCEAN
-119.75,36.75,49.0,2331.0,460.0,1290.0,477.0,2.5111,70411.0,INLAND
-122.24,38.14,15.0,8479.0,1759.0,5008.0,1646.0,3.724,161885.0,NEAR BAY
-119.05,36.07,21.0,2472.0,523.0,1238.0,504.0,1.7756,66504.0,INLAND
-120.82,37.49,25.0,1611.0,285.0,882.0,261.0,3.5547,140552.0,INLAND
-121.96,37.06,16.0,1321.0,224.0,650.0,206.0,6.3258,323746.04,NEAR OCEAN
-122.13,37.45,37.0,1287.0,197.0,510.0,206.0,7.9029,466499.73,NEAR BAY
-118.05,33.82,25.0,1548.0,279.0,732.0,265.0,5.123,230017.0,<1H OCEAN
-122.03,38.25,13.0,3334.0,541.0,1923.0,538.0,4.0905,148113.0,INLAND
-121.94,37.33,36.0,1893.0,359.0,797.0,360.0,3.6818,252770.0,<1H OCEAN
-118.0,33.73,26.0,2236.0,280.0,809.0,282.0,6.7395,318035.02,<1H OCEAN
-118.32,33.89,44.0,1300.0,252.0,695.0,249.0,5.1669,242520.01,<1H OCEAN
-122.05,37.95,22.0,5175.0,1213.0,2804.0,1091.0,2.85,183679.0,NEAR BAY
-118.23,34.16,31.0,3105.0,582.0,1359.0,547.0,5.1718,292283.08,<1H OCEAN
-121.46,38.61,43.0,705.0,178.0,464.0,159.0,2.4205,115923.0,INLAND
-117.14,32.71,52.0,800.0,313.0,1337.0,282.0,1.5594,90196.0,NEAR OCEAN
-122.46,37.71,47.0,1527.0,283.0,1102.0,282.0,4.0,240212.0,NEAR OCEAN
-121.49,38.53,40.0,2966.0,536.0,1225.0,505.0,3.125,109345.0,INLAND
-118.49,34.22,30.0,1756.0,314.0,899.0,288.0,5.0325,228107.0,<1H OCEAN
-122.03,37.69,20.0,200.0,25.0,83.0,31.0,6.5,302565.0,NEAR BAY
-117.62,33.77,43.0,1911.0,439.0,930.0,433.0,4.6369,231306.03,<1H OCEAN
-118.07,34.12,30.0,2201.0,559.0,1194.0,531.0,4.1136,254993.0,INLAND
-118.1,33.96,36.0,2013.0,435.0,1476.0,475.0,3.9549,171241.0,<1H OCEAN
-118.36,34.03,43.0,1690.0,379.0,1017.0,359.0,2.1078,144822.0,<1H OCEAN
-117.27,34.17,16.0,30.0,3.0,49.0,8.0,4.625,194265.04,INLAND
-121.62,36.63,52.0,1437.0,298.0,836.0,257.0,3.6286,234546.0,<1H OCEAN
-118.53,34.26,18.0,3674.0,,1590.0,550.0,8.176,406102.14,<1H OCEAN
-118.52,34.04,47.0,1985.0,315.0,819.0,340.0,6.5147,455883.57,<1H OCEAN
-122.4,37.73,42.0,1413.0,406.0,1027.0,362.0,2.3625,217255.02,NEAR BAY
-117.84,33.66,5.0,1688.0,430.0,857.0,402.0,3.7857,258992.1,<1H OCEAN
-122.0,37.96,28.0,4071.0,713.0,2033.0,647.0,4.5833,180261.0,INLAND
-118.29,33.96,36.0,1717.0,417.0,902.0,368.0,1.4868,104974.0,<1H OCEAN
-121.53,39.53,35.0,1806.0,293.0,683.0,295.0,4.5156,146697.0,INLAND
-121.99,37.34,27.0,3353.0,653.0,1571.0,621.0,5.273,318915.0,<1H OCEAN
-122.23,40.2,17.0,762.0,138.0,322.0,139.0,4.2917,151904.0,INLAND
-117.25,32.73,37.0,2224.0,331.0,821.0,341.0,6.3331,414277.2,NEAR OCEAN
-118.38,33.81,41.0,1889.0,301.0,802.0,278.0,6.015,397019.3,NEAR OCEAN
-122.0,37.28,35.0,3133.0,541.0,1449.0,555.0,5.7295,331369.0,<1H OCEAN
-118.19,33.79,29.0,3497.0,1096.0,2994.0,919.0,1.8109,145951.0,NEAR OCEAN
-118.26,33.94,45.0,1080.0,218.0,850.0,237.0,2.25,109989.0,<1H OCEAN
-117.64,33.88,13.0,8010.0,1366.0,3920.0,1309.0,5.536,240043.0,<1H OCEAN
-122.41,37.61,43.0,1934.0,303.0,847.0,300.0,4.7381,319812.0,NEAR OCEAN
-117.87,33.87,7.0,2663.0,642.0,1367.0,677.0,4.6563,190348.0,<1H OCEAN
-116.47,33.84,3.0,9169.0,1512.0,3838.0,1270.0,4.3111,177790.03,INLAND
-118.47,34.19,41.0,1104.0,196.0,495.0,196.0,5.0929,292657.03,<1H OCEAN
-119.84,34.44,28.0,977.0,162.0,537.0,159.0,4.2404,297766.0,NEAR OCEAN
-120.44,34.65,30.0,2265.0,512.0,1402.0,471.0,1.975,138238.0,NEAR OCEAN
-118.1,33.9,37.0,796.0,175.0,740.0,183.0,3.6,167632.0,<1H OCEAN
-118.25,33.93,42.0,763.0,191.0,754.0,174.0,2.0486,97092.0,<1H OCEAN
-117.07,32.63,37.0,2372.0,444.0,1056.0,419.0,3.7583,149244.0,NEAR OCEAN
-122.33,38.33,15.0,3193.0,468.0,1303.0,426.0,5.3017,222813.0,NEAR BAY
-118.37,34.04,43.0,1465.0,278.0,727.0,290.0,4.0781,257998.06,<1H OCEAN
-121.88,37.39,13.0,3334.0,565.0,2240.0,561.0,7.105,342602.04,<1H OCEAN
-121.22,37.72,34.0,2123.0,387.0,1310.0,368.0,2.6368,88728.0,INLAND
-121.29,36.9,17.0,3610.0,593.0,1734.0,559.0,5.8324,239576.0,INLAND
-122.96,38.42,50.0,2530.0,524.0,940.0,361.0,2.9375,167524.01,<1H OCEAN
-121.84,37.32,14.0,5762.0,1538.0,3979.0,1389.0,3.6953,231690.01,<1H OCEAN
-119.56,36.09,14.0,1267.0,290.0,1077.0,279.0,1.85,56426.0,INLAND
-117.13,32.91,16.0,2715.0,581.0,1619.0,584.0,4.0,166225.0,<1H OCEAN
-118.99,35.4,43.0,2225.0,392.0,890.0,374.0,4.0208,102319.0,INLAND
-118.04,33.83,20.0,1488.0,312.0,972.0,283.0,4.055,208964.0,<1H OCEAN
-121.95,36.61,31.0,1736.0,250.0,497.0,170.0,6.3835,403527.16,NEAR OCEAN
-122.29,37.48,15.0,5480.0,892.0,2009.0,831.0,7.4678,431203.31,NEAR OCEAN
-122.3,37.52,38.0,2769.0,387.0,994.0,395.0,5.5902,378100.01,NEAR OCEAN
-122.34,37.93,30.0,2515.0,481.0,1327.0,428.0,2.1287,113352.0,NEAR BAY
-117.33,34.03,18.0,2342.0,402.0,1264.0,382.0,4.7986,147318.0,INLAND
-122.5,37.76,52.0,2018.0,422.0,1142.0,463.0,3.7083,306020.02,NEAR OCEAN
-121.03,37.69,5.0,4034.0,771.0,1967.0,742.0,3.8065,162907.0,INLAND
-118.28,33.74,16.0,855.0,271.0,486.0,250.0,0.7591,201565.0,NEAR OCEAN
-118.1,33.82,36.0,1930.0,354.0,915.0,328.0,5.2713,243839.0,<1H OCEAN
-121.37,38.01,15.0,2430.0,315.0,1016.0,314.0,10.0088,420654.36,INLAND
-118.2,34.2,44.0,2890.0,438.0,1219.0,429.0,6.987,442683.37,<1H OCEAN
-121.84,36.61,26.0,2902.0,761.0,2258.0,719.0,2.5663,167706.0,<1H OCEAN
-119.52,34.4,20.0,1834.0,477.0,1305.0,417.0,3.2125,263496.03,NEAR OCEAN
-117.98,34.0,22.0,3632.0,538.0,1968.0,566.0,6.019,260849.0,<1H OCEAN
-118.42,37.36,18.0,2281.0,520.0,1425.0,465.0,1.7388,105157.0,INLAND
-115.54,32.98,27.0,1513.0,395.0,1121.0,381.0,1.9464,64922.0,INLAND
-122.36,37.95,40.0,408.0,102.0,302.0,81.0,1.8333,92559.0,NEAR BAY
-117.29,32.92,25.0,2355.0,381.0,823.0,358.0,6.8322,360434.14,NEAR OCEAN
-116.25,33.75,33.0,278.0,91.0,375.0,81.0,2.025,70138.0,INLAND
-117.34,33.98,10.0,17286.0,4952.0,9851.0,4616.0,1.7579,105685.0,INLAND
-119.78,36.27,29.0,1871.0,315.0,1066.0,309.0,4.5714,125683.0,INLAND
-120.1,39.33,9.0,2738.0,510.0,1193.0,412.0,4.3958,159588.0,INLAND
-122.04,37.96,16.0,2913.0,723.0,1705.0,693.0,2.9097,160523.0,NEAR BAY
-117.91,33.65,19.0,1589.0,421.0,1118.0,394.0,4.1029,229399.01,<1H OCEAN
-118.99,34.23,9.0,10618.0,1617.0,4830.0,1606.0,6.6246,341986.1,<1H OCEAN
-119.27,34.29,32.0,2274.0,406.0,982.0,393.0,5.3254,320247.04,NEAR OCEAN
-118.32,34.03,50.0,1845.0,349.0,1109.0,335.0,2.8971,147581.0,<1H OCEAN
-117.2,33.2,16.0,4409.0,629.0,1875.0,609.0,5.543,291810.03,<1H OCEAN
-117.81,33.71,16.0,2666.0,387.0,1227.0,347.0,7.3769,320974.0,<1H OCEAN
-118.31,33.98,52.0,1837.0,426.0,1062.0,343.0,2.0,113781.0,<1H OCEAN
-122.3,37.88,46.0,1647.0,376.0,854.0,355.0,2.9,206701.0,NEAR BAY
-118.65,34.18,26.0,4607.0,656.0,1769.0,643.0,7.4918,371039.03,<1H OCEAN
-118.39,34.01,25.0,1101.0,285.0,543.0,294.0,2.3571,217418.01,<1H OCEAN
-117.94,33.65,20.0,5476.0,1073.0,2327.0,963.0,5.6637,326777.07,<1H OCEAN
-122.28,37.5,33.0,6499.0,998.0,2694.0,957.0,7.4787,444023.12,NEAR OCEAN
-121.96,37.81,12.0,6488.0,778.0,2404.0,765.0,8.3188,407687.05,<1H OCEAN
-122.43,37.8,52.0,2802.0,622.0,954.0,572.0,4.5399,491736.82,NEAR BAY
-119.77,36.79,34.0,2679.0,460.0,1141.0,470.0,3.2642,87164.0,INLAND
-122.41,40.58,35.0,2072.0,385.0,1029.0,375.0,2.8512,91883.0,INLAND
-118.14,34.03,44.0,2003.0,390.0,1291.0,392.0,4.0625,207124.0,<1H OCEAN
-119.45,36.35,22.0,1824.0,333.0,1076.0,282.0,2.3365,75633.0,INLAND
-118.46,34.0,36.0,1392.0,260.0,679.0,247.0,4.7344,398919.24,<1H OCEAN
-122.24,40.45,27.0,1804.0,321.0,782.0,300.0,3.5978,88529.0,INLAND
-117.25,32.78,21.0,1479.0,484.0,658.0,384.0,2.45,208950.0,NEAR OCEAN
-121.29,38.14,34.0,1500.0,337.0,674.0,282.0,2.515,111494.0,INLAND
-118.84,34.16,18.0,6075.0,1056.0,2571.0,1018.0,5.22,355429.25,<1H OCEAN
-120.47,37.29,16.0,749.0,222.0,1277.0,224.0,1.2054,73879.0,INLAND
-122.8,38.37,26.0,1634.0,315.0,909.0,317.0,4.1731,241766.0,<1H OCEAN
-117.08,32.62,28.0,2468.0,506.0,1353.0,522.0,3.0771,136557.0,NEAR OCEAN
-119.71,34.41,18.0,1225.0,317.0,694.0,306.0,3.6823,258477.02,NEAR OCEAN
-117.96,34.04,35.0,1141.0,212.0,924.0,212.0,3.1591,158697.0,<1H OCEAN
-122.06,37.99,16.0,2445.0,469.0,721.0,474.0,2.8043,169461.0,NEAR BAY
-121.25,38.14,16.0,1174.0,242.0,464.0,261.0,2.3,115297.0,INLAND
-121.26,37.88,42.0,465.0,93.0,256.0,93.0,3.1719,162814.0,INLAND
-122.28,40.5,21.0,2405.0,476.0,1197.0,412.0,2.6488,97142.0,INLAND
-117.98,33.84,31.0,1252.0,225.0,714.0,226.0,4.6042,195297.0,<1H OCEAN
-122.09,37.37,34.0,2165.0,355.0,776.0,339.0,5.2971,335389.07,NEAR BAY
-118.08,33.93,34.0,1558.0,375.0,1179.0,337.0,3.2188,161848.0,<1H OCEAN
-121.84,37.25,25.0,5939.0,989.0,3275.0,954.0,5.6488,280043.0,<1H OCEAN
-115.56,32.78,29.0,1568.0,283.0,848.0,245.0,3.1597,77488.0,INLAND
-117.37,33.7,8.0,4345.0,865.0,2425.0,785.0,3.2481,141617.0,<1H OCEAN
-119.78,34.48,21.0,2377.0,322.0,1007.0,328.0,7.9248,436865.28,NEAR OCEAN
-118.58,34.2,37.0,1389.0,252.0,826.0,249.0,5.015,264786.08,<1H OCEAN
-119.22,34.26,16.0,2596.0,625.0,1403.0,562.0,3.4018,206965.0,NEAR OCEAN
-122.09,37.39,34.0,1508.0,483.0,774.0,443.0,2.7279,208676.0,NEAR BAY
-118.37,34.05,48.0,1266.0,234.0,539.0,222.0,4.005,370586.11,<1H OCEAN
-119.24,36.33,9.0,3289.0,621.0,1866.0,631.0,3.1599,88083.0,INLAND
-117.68,34.15,4.0,4082.0,578.0,1996.0,580.0,6.7813,275051.0,INLAND
-117.78,34.11,23.0,7079.0,1381.0,3205.0,1327.0,3.0735,166633.0,INLAND
-119.65,36.34,46.0,1730.0,337.0,752.0,323.0,1.8529,61478.0,INLAND
-118.15,34.07,40.0,1072.0,204.0,940.0,200.0,3.125,184397.0,<1H OCEAN
-121.75,36.91,52.0,1211.0,447.0,1102.0,392.0,1.6875,154512.0,<1H OCEAN
-121.65,36.77,15.0,2191.0,358.0,1150.0,330.0,4.7969,238916.0,<1H OCEAN
-117.75,33.61,17.0,2499.0,566.0,781.0,522.0,3.1779,180090.02,<1H OCEAN
-117.41,33.94,22.0,4179.0,1081.0,2096.0,1013.0,2.4435,111824.0,INLAND
-117.88,33.85,25.0,1234.0,351.0,507.0,285.0,2.3173,186504.0,<1H OCEAN
-117.09,32.91,9.0,2012.0,316.0,802.0,289.0,6.5706,277064.02,<1H OCEAN
-119.18,35.5,36.0,1253.0,259.0,932.0,249.0,2.1635,60987.0,INLAND
-118.08,34.1,36.0,2679.0,548.0,1605.0,533.0,3.5313,222371.0,<1H OCEAN
-118.15,34.2,37.0,1997.0,361.0,1037.0,363.0,3.7932,261587.0,INLAND
-122.49,37.78,46.0,3304.0,792.0,1783.0,777.0,3.6148,341050.02,NEAR BAY
-119.79,36.32,19.0,3252.0,614.0,1971.0,607.0,3.0667,84493.0,INLAND
-117.66,34.09,23.0,1426.0,313.0,954.0,319.0,3.0357,128959.0,INLAND
-122.29,37.81,50.0,760.0,190.0,377.0,122.0,0.9011,96932.0,NEAR BAY
-118.27,33.79,26.0,2109.0,651.0,2120.0,605.0,2.1447,154916.0,<1H OCEAN
-118.37,34.03,43.0,1350.0,287.0,811.0,307.0,3.3636,232098.0,<1H OCEAN
-117.96,33.83,29.0,1194.0,176.0,474.0,170.0,6.1001,275307.06,<1H OCEAN
-119.2,34.27,8.0,4942.0,1173.0,3012.0,1033.0,3.445,203383.0,NEAR OCEAN
-118.27,33.98,39.0,2062.0,588.0,1933.0,570.0,1.3801,98592.0,<1H OCEAN
-119.17,34.26,10.0,3654.0,541.0,1638.0,551.0,6.1885,337454.1,NEAR OCEAN
-118.5,34.52,3.0,6577.0,1056.0,3032.0,1004.0,5.9263,228032.0,INLAND
-122.27,40.46,14.0,2633.0,530.0,1324.0,513.0,2.2768,84074.0,INLAND
-117.89,33.71,24.0,4365.0,804.0,2663.0,753.0,4.5814,205177.0,<1H OCEAN
-121.82,37.37,42.0,2913.0,577.0,1873.0,580.0,3.7214,189412.0,<1H OCEAN
-117.71,33.54,15.0,2460.0,368.0,962.0,320.0,7.3878,323286.0,<1H OCEAN
-122.48,38.54,37.0,1898.0,359.0,973.0,340.0,4.2096,228946.0,INLAND
-117.94,34.09,21.0,2707.0,675.0,1742.0,626.0,2.1062,168311.0,<1H OCEAN
-117.15,32.74,26.0,3149.0,832.0,1320.0,808.0,3.0259,206169.0,NEAR OCEAN
-118.25,34.02,32.0,1375.0,448.0,1698.0,432.0,1.6302,116782.0,<1H OCEAN
-117.38,34.11,36.0,1497.0,264.0,894.0,275.0,3.3066,104405.0,INLAND
-117.38,34.13,23.0,1326.0,300.0,722.0,263.0,2.1856,94951.0,INLAND
-121.8,38.68,11.0,3851.0,892.0,1847.0,747.0,3.4331,131137.0,INLAND
-122.06,37.34,20.0,3435.0,593.0,1293.0,553.0,6.7578,362915.06,<1H OCEAN
-117.43,33.93,36.0,2386.0,396.0,1176.0,374.0,4.5122,138955.0,INLAND
-117.06,33.13,12.0,8742.0,2114.0,4854.0,1957.0,2.8015,144569.0,<1H OCEAN
-118.52,34.32,18.0,7498.0,976.0,3189.0,955.0,8.1248,398510.09,<1H OCEAN
-117.91,33.94,15.0,5799.0,842.0,2314.0,787.0,6.3433,295758.0,<1H OCEAN
-118.32,34.14,23.0,4574.0,1423.0,1624.0,995.0,4.0965,405752.27,<1H OCEAN
-118.49,34.13,24.0,4394.0,,1443.0,528.0,11.2979,500001.0,<1H OCEAN
-121.94,37.25,16.0,3942.0,749.0,1894.0,737.0,5.2894,272162.0,<1H OCEAN
-121.44,38.63,38.0,1673.0,399.0,1116.0,382.0,1.3302,65751.0,INLAND
-118.74,34.26,22.0,4337.0,673.0,2347.0,636.0,5.4091,246969.01,<1H OCEAN
-119.38,36.53,38.0,1281.0,,1423.0,293.0,1.9602,58399.0,INLAND
-117.95,33.93,37.0,2633.0,630.0,1904.0,630.0,2.6123,165425.0,<1H OCEAN
-119.69,36.82,17.0,1897.0,433.0,1207.0,384.0,1.8021,65050.0,INLAND
-121.1,39.08,13.0,1110.0,216.0,602.0,209.0,2.5887,127615.0,INLAND
-118.04,34.15,34.0,1523.0,311.0,676.0,295.0,3.3621,224603.0,INLAND
-118.26,33.77,36.0,886.0,253.0,809.0,219.0,2.4545,151935.0,NEAR OCEAN
-117.14,32.71,52.0,500.0,,480.0,108.0,1.8696,114673.0,NEAR OCEAN
-119.25,34.27,46.0,679.0,159.0,382.0,143.0,3.5,232806.0,NEAR OCEAN
-118.39,34.04,52.0,1492.0,277.0,666.0,289.0,4.7386,377341.07,<1H OCEAN
-118.11,34.0,24.0,2403.0,590.0,2103.0,547.0,2.7292,174369.0,<1H OCEAN
-121.38,38.64,19.0,4563.0,1069.0,2256.0,926.0,2.1472,109033.0,INLAND
-118.02,34.08,29.0,2741.0,667.0,2449.0,677.0,3.6944,231857.0,INLAND
-116.94,32.83,38.0,1701.0,317.0,872.0,304.0,3.7831,161509.0,<1H OCEAN
-121.75,36.91,32.0,1461.0,422.0,1494.0,416.0,2.8056,159460.0,<1H OCEAN
-118.16,33.78,15.0,4798.0,1374.0,3087.0,1212.0,2.127,160840.0,NEAR OCEAN
-119.77,36.73,44.0,1960.0,393.0,1286.0,381.0,2.1518,63019.0,INLAND
-119.46,36.61,13.0,1348.0,258.0,719.0,246.0,3.625,92663.0,INLAND
-118.5,34.19,35.0,2720.0,490.0,1158.0,445.0,5.0796,267400.02,<1H OCEAN
-118.34,33.95,25.0,3762.0,1281.0,4015.0,1178.0,2.1587,144613.0,<1H OCEAN
-116.91,33.71,19.0,6807.0,1164.0,2703.0,1055.0,3.1591,139070.0,INLAND
-117.12,32.7,14.0,819.0,237.0,827.0,237.0,1.3194,91847.0,NEAR OCEAN
-121.97,37.36,36.0,765.0,134.0,306.0,136.0,4.575,265379.01,<1H OCEAN
-122.82,38.53,27.0,1823.0,360.0,907.0,317.0,3.276,184885.0,<1H OCEAN
-119.06,36.1,21.0,1344.0,249.0,868.0,221.0,2.5893,70453.0,INLAND
-117.98,33.85,23.0,2089.0,377.0,1085.0,362.0,4.765,218545.0,<1H OCEAN
-121.43,37.75,30.0,1912.0,451.0,1065.0,388.0,2.1424,84289.0,INLAND
-116.98,33.93,40.0,2277.0,498.0,1391.0,453.0,1.9472,80992.0,INLAND
-121.55,39.51,48.0,827.0,198.0,396.0,161.0,0.8024,71472.0,INLAND
-118.17,33.77,45.0,2151.0,643.0,1047.0,579.0,3.1149,315400.03,NEAR OCEAN
-117.14,32.76,32.0,2587.0,681.0,1246.0,650.0,2.1727,150304.0,NEAR OCEAN
-118.13,34.07,32.0,1880.0,428.0,1404.0,424.0,3.085,213663.0,<1H OCEAN
-117.9,33.65,30.0,1634.0,373.0,771.0,364.0,3.4125,308177.05,<1H OCEAN
-118.25,33.86,26.0,3022.0,476.0,1852.0,452.0,6.0531,280541.0,<1H OCEAN
-119.05,34.21,27.0,4357.0,926.0,2110.0,876.0,3.0119,206259.0,<1H OCEAN
-121.89,37.66,3.0,1565.0,464.0,769.0,461.0,2.1187,156867.0,INLAND
-118.4,34.05,34.0,2113.0,459.0,859.0,432.0,3.6953,420421.34,<1H OCEAN
-118.4,33.99,39.0,1613.0,380.0,1113.0,356.0,2.825,260041.0,<1H OCEAN
-118.23,33.98,30.0,2562.0,959.0,3909.0,955.0,1.9929,125717.0,<1H OCEAN
-118.25,33.95,48.0,1766.0,424.0,1655.0,420.0,0.9751,98473.0,<1H OCEAN
-122.27,37.85,52.0,1974.0,426.0,875.0,363.0,1.5817,139845.02,NEAR BAY
-121.45,38.48,28.0,2780.0,510.0,1638.0,533.0,2.9571,102863.0,INLAND
-121.36,38.64,24.0,6540.0,1008.0,2667.0,1031.0,5.5632,235289.0,INLAND
-118.21,34.06,30.0,511.0,153.0,1152.0,149.0,2.3611,140599.0,<1H OCEAN
-122.75,38.5,16.0,4196.0,638.0,1713.0,615.0,5.449,253458.0,<1H OCEAN
-122.27,37.51,36.0,1406.0,224.0,598.0,237.0,5.8964,394286.17,NEAR OCEAN
-122.12,37.68,40.0,1553.0,253.0,724.0,267.0,4.38,198083.0,NEAR BAY
-121.45,38.56,52.0,3420.0,555.0,1301.0,530.0,4.0417,151478.0,INLAND
-121.55,38.51,14.0,5490.0,851.0,2415.0,837.0,6.5253,272366.0,INLAND
-117.87,33.6,35.0,1598.0,398.0,782.0,411.0,5.1155,364347.27,<1H OCEAN
-118.05,33.72,17.0,1875.0,472.0,900.0,406.0,5.2589,263853.04,<1H OCEAN
-118.48,34.02,25.0,1583.0,460.0,983.0,422.0,2.7019,370886.08,<1H OCEAN
-119.67,36.8,9.0,3712.0,508.0,1632.0,474.0,6.011,158030.0,INLAND
-118.09,33.79,31.0,4231.0,617.0,1694.0,623.0,6.6312,392728.21,<1H OCEAN
-118.35,34.07,46.0,1651.0,410.0,512.0,397.0,4.0179,420768.24,<1H OCEAN
-118.2,34.05,40.0,1082.0,318.0,1085.0,273.0,1.7054,143141.0,<1H OCEAN
-121.01,37.69,20.0,3275.0,760.0,1538.0,705.0,2.48,129825.0,INLAND
-117.25,34.04,18.0,5761.0,1063.0,2763.0,1058.0,4.4472,138742.0,INLAND
-122.22,37.78,50.0,1920.0,530.0,1525.0,477.0,1.4886,119722.0,NEAR BAY
-118.46,33.97,19.0,2461.0,521.0,777.0,447.0,10.0,485682.61,<1H OCEAN
-117.28,34.17,26.0,3728.0,888.0,1765.0,727.0,1.7456,86402.0,INLAND
-120.47,34.65,31.0,1438.0,320.0,816.0,270.0,2.4583,139183.0,NEAR OCEAN
-121.87,37.26,24.0,2383.0,343.0,1146.0,341.0,5.6223,275611.0,<1H OCEAN
-122.26,38.29,10.0,969.0,160.0,482.0,180.0,6.5799,308833.05,NEAR BAY
-122.0,38.35,24.0,745.0,116.0,300.0,115.0,3.6176,120685.0,INLAND
-118.27,34.05,24.0,323.0,214.0,751.0,189.0,1.8304,228798.0,<1H OCEAN
-118.21,33.96,39.0,2265.0,628.0,2323.0,599.0,2.1522,157562.0,<1H OCEAN
-118.05,33.78,18.0,3414.0,434.0,1272.0,454.0,8.7015,405808.17,<1H OCEAN
-121.89,37.25,21.0,2080.0,352.0,1040.0,325.0,5.2887,259432.0,<1H OCEAN
-118.09,33.76,26.0,1625.0,440.0,533.0,414.0,1.808,84686.0,<1H OCEAN
-119.56,36.09,35.0,1648.0,285.0,792.0,265.0,3.2847,81118.0,INLAND
-118.13,33.79,20.0,6678.0,1797.0,3625.0,1599.0,3.7716,232455.03,NEAR OCEAN
-122.02,37.87,14.0,3056.0,369.0,1209.0,377.0,8.4352,398501.12,NEAR BAY
-122.26,37.82,31.0,4596.0,1331.0,2048.0,1180.0,2.8345,241779.0,NEAR BAY
-121.98,37.31,32.0,2248.0,460.0,1191.0,419.0,5.606,322574.01,<1H OCEAN
-117.34,34.13,29.0,1494.0,286.0,991.0,280.0,2.125,78279.0,INLAND
-117.01,32.81,26.0,4499.0,645.0,1866.0,626.0,5.516,225090.0,<1H OCEAN
-117.82,33.78,28.0,4485.0,667.0,2048.0,685.0,5.4562,247617.01,<1H OCEAN
-122.57,40.61,27.0,1540.0,315.0,883.0,321.0,2.8036,93197.0,INLAND
-118.18,33.95,39.0,2121.0,579.0,1991.0,528.0,2.9094,160890.0,<1H OCEAN
-117.39,33.95,35.0,1599.0,284.0,721.0,287.0,4.125,136960.0,INLAND
-117.35,34.15,32.0,2699.0,552.0,2086.0,551.0,2.2974,84504.0,INLAND
-117.84,33.73,20.0,2572.0,732.0,1534.0,669.0,2.4211,172016.0,<1H OCEAN
-119.54,36.52,16.0,2703.0,415.0,1106.0,372.0,4.2045,105205.0,INLAND
-122.31,37.54,45.0,1222.0,220.0,492.0,205.0,5.539,320297.04,NEAR OCEAN
-122.4,37.81,12.0,1349.0,349.0,536.0,334.0,7.7852,401981.16,NEAR BAY
-118.33,34.01,47.0,1320.0,259.0,653.0,291.0,3.7727,178129.0,<1H OCEAN
-116.92,32.79,24.0,4055.0,742.0,2123.0,744.0,4.5224,174864.0,<1H OCEAN
-117.13,33.13,17.0,3164.0,652.0,1123.0,699.0,2.082,145771.01,<1H OCEAN
-118.25,34.13,52.0,322.0,88.0,229.0,89.0,2.125,233359.04,<1H OCEAN
-121.03,39.37,15.0,1337.0,326.0,1172.0,306.0,2.6341,89839.0,INLAND
-121.29,37.95,52.0,288.0,86.0,272.0,54.0,0.696,62736.0,INLAND
-117.88,33.88,15.0,957.0,360.0,615.0,370.0,3.0263,173655.0,<1H OCEAN
-118.38,34.19,42.0,1308.0,289.0,950.0,302.0,2.7379,191842.0,<1H OCEAN
-122.09,37.66,40.0,1340.0,313.0,766.0,271.0,3.4722,172759.0,NEAR BAY
-122.05,39.6,34.0,2051.0,342.0,958.0,322.0,2.8466,82762.0,INLAND
-117.2,32.77,30.0,156.0,45.0,77.0,40.0,3.2679,201796.03,NEAR OCEAN
-122.03,37.97,20.0,3968.0,931.0,2629.0,903.0,2.9915,162761.0,NEAR BAY
-117.24,32.85,18.0,3117.0,475.0,904.0,368.0,6.7587,336649.05,NEAR OCEAN
-118.53,34.09,37.0,5477.0,833.0,1925.0,757.0,8.1888,494539.91,<1H OCEAN
-122.29,37.88,50.0,1211.0,261.0,523.0,227.0,3.8672,235647.01,NEAR BAY
-122.02,37.98,37.0,1474.0,343.0,782.0,331.0,3.4187,148296.0,NEAR BAY
-122.26,37.48,34.0,4453.0,682.0,1805.0,672.0,5.6038,346430.02,NEAR OCEAN
-122.33,40.52,23.0,2801.0,507.0,1318.0,454.0,3.5081,105232.0,INLAND
-119.06,34.23,29.0,3511.0,632.0,2591.0,596.0,3.0219,205069.0,<1H OCEAN
-121.92,37.96,14.0,5332.0,884.0,2093.0,839.0,5.2798,193016.0,INLAND
-118.88,34.2,23.0,4862.0,597.0,1938.0,594.0,7.3409,338349.0,<1H OCEAN
-122.4,40.58,40.0,3895.0,929.0,1782.0,910.0,1.3329,66213.0,INLAND
-122.3,38.32,20.0,2063.0,486.0,1045.0,460.0,2.5035,153642.0,NEAR BAY
-120.1,39.37,10.0,2325.0,410.0,1016.0,373.0,4.5208,156026.0,INLAND
-119.0,36.07,20.0,1042.0,183.0,509.0,175.0,2.9815,89097.0,INLAND
-117.17,32.77,6.0,3856.0,875.0,1547.0,816.0,4.5481,256409.0,NEAR OCEAN
-122.04,38.25,32.0,1203.0,287.0,571.0,255.0,3.0938,119648.0,INLAND
-121.84,39.73,52.0,502.0,100.0,311.0,100.0,1.5481,84908.99,INLAND
-121.23,37.95,36.0,811.0,168.0,514.0,152.0,2.625,93597.0,INLAND
-116.27,34.13,37.0,452.0,109.0,184.0,59.0,3.7292,123635.02,INLAND
-118.01,34.1,27.0,2424.0,542.0,1713.0,557.0,3.8085,223049.0,INLAND
-120.4,37.92,22.0,1022.0,194.0,517.0,198.0,3.625,137430.0,INLAND
-118.35,34.1,18.0,7432.0,2793.0,3596.0,2270.0,2.8036,296644.05,<1H OCEAN
-117.32,33.25,7.0,2499.0,420.0,1314.0,398.0,4.85,197956.0,<1H OCEAN
-116.9,32.77,8.0,3600.0,492.0,1421.0,482.0,6.2609,285122.0,<1H OCEAN
-117.08,32.71,27.0,2204.0,598.0,1656.0,521.0,1.4821,101776.0,NEAR OCEAN
-118.36,33.97,18.0,1284.0,283.0,990.0,289.0,4.0179,242705.0,<1H OCEAN
-117.41,34.0,26.0,2372.0,621.0,1647.0,612.0,1.4719,96103.0,INLAND
-117.33,34.06,42.0,530.0,123.0,390.0,124.0,1.0469,83219.0,INLAND
-122.15,37.74,49.0,1325.0,277.0,764.0,282.0,3.3125,178175.0,NEAR BAY
-122.07,37.39,19.0,1465.0,342.0,646.0,345.0,4.712,281077.02,NEAR BAY
-121.51,38.55,46.0,1485.0,278.0,531.0,291.0,2.7885,122352.0,INLAND
-117.15,34.05,9.0,1442.0,219.0,633.0,230.0,5.0227,140542.0,INLAND
-121.45,38.51,29.0,4221.0,901.0,2294.0,850.0,2.2245,86951.0,INLAND
-122.05,36.87,18.0,2232.0,440.0,1091.0,458.0,3.8269,258238.0,NEAR OCEAN
-121.83,37.23,22.0,5507.0,841.0,2785.0,848.0,6.0889,270456.0,<1H OCEAN
-118.36,33.95,42.0,2532.0,627.0,2038.0,591.0,2.875,159656.0,<1H OCEAN
-117.18,33.16,15.0,5923.0,1206.0,3943.0,1006.0,3.1793,182378.01,<1H OCEAN
-117.58,34.09,27.0,754.0,200.0,746.0,185.0,1.9531,100163.0,INLAND
-121.9,38.04,36.0,1489.0,331.0,838.0,259.0,1.2024,90222.0,INLAND
-117.46,34.14,10.0,714.0,131.0,381.0,119.0,0.8926,122199.0,INLAND
-118.43,33.98,19.0,8324.0,1590.0,2927.0,1538.0,7.5426,429794.46,<1H OCEAN
-122.14,39.65,33.0,419.0,77.0,190.0,67.0,3.6429,112206.0,INLAND
-122.13,39.74,20.0,1401.0,280.0,668.0,250.0,2.2569,82452.0,INLAND
-121.83,37.3,17.0,1299.0,211.0,825.0,217.0,4.5,216784.03,<1H OCEAN
-118.1,33.99,31.0,965.0,217.0,599.0,206.0,2.7202,169317.0,<1H OCEAN
-122.46,37.7,37.0,1028.0,275.0,904.0,261.0,3.5035,237185.0,NEAR OCEAN
-118.28,34.24,29.0,3390.0,580.0,1543.0,576.0,5.6184,291540.04,<1H OCEAN
-121.93,37.89,13.0,2085.0,292.0,852.0,264.0,7.3445,312325.0,INLAND
-118.5,34.03,52.0,1711.0,245.0,671.0,242.0,7.7572,488900.8,<1H OCEAN
-121.29,38.12,18.0,1534.0,275.0,741.0,263.0,3.9607,154269.0,INLAND
-117.22,32.85,26.0,1647.0,261.0,694.0,259.0,4.6875,208998.0,NEAR OCEAN
-122.47,37.77,52.0,3143.0,635.0,1350.0,623.0,3.8571,415168.26,NEAR BAY
-118.38,34.07,16.0,4814.0,1381.0,1897.0,1209.0,3.3725,405258.24,<1H OCEAN
-117.91,34.08,35.0,1443.0,266.0,861.0,262.0,3.5795,197723.0,<1H OCEAN
-118.32,34.1,52.0,786.0,270.0,756.0,273.0,2.2311,235756.0,<1H OCEAN
-121.36,38.01,16.0,2178.0,667.0,1192.0,579.0,2.3339,111754.0,INLAND
-118.12,33.99,27.0,2316.0,559.0,2012.0,544.0,2.8155,181986.0,<1H OCEAN
-118.14,33.91,34.0,1766.0,410.0,974.0,404.0,3.0703,205492.0,<1H OCEAN
-122.2,37.79,35.0,1802.0,459.0,1009.0,390.0,2.3036,120509.0,NEAR BAY
-118.13,34.19,42.0,2203.0,412.0,1012.0,377.0,4.0714,261937.0,INLAND
-118.9,35.41,6.0,4656.0,971.0,2320.0,935.0,3.0938,89411.0,INLAND
-114.61,34.83,31.0,2478.0,464.0,1346.0,479.0,3.212,83476.0,INLAND
-118.14,33.78,44.0,2101.0,496.0,1038.0,500.0,3.108,276755.0,NEAR OCEAN
-121.12,35.58,16.0,4109.0,798.0,1298.0,626.0,3.4799,257202.0,NEAR OCEAN
-117.65,34.04,15.0,3393.0,,2039.0,611.0,3.9336,153352.0,INLAND
-121.84,37.37,28.0,1579.0,339.0,1252.0,353.0,4.1615,187292.02,<1H OCEAN
-118.27,33.79,39.0,1513.0,365.0,1227.0,354.0,3.3929,168806.0,<1H OCEAN
-120.56,38.48,14.0,3545.0,702.0,946.0,411.0,3.4609,132415.0,INLAND
-121.39,39.61,22.0,2828.0,610.0,986.0,391.0,2.8871,88725.0,INLAND
-116.92,32.76,7.0,1659.0,237.0,862.0,242.0,5.2741,183598.0,<1H OCEAN
-121.29,37.96,52.0,888.0,324.0,630.0,258.0,1.2411,89555.0,INLAND
-118.03,33.78,25.0,3554.0,528.0,1600.0,537.0,6.6453,314716.0,<1H OCEAN
-117.83,33.68,4.0,3226.0,838.0,1666.0,800.0,4.1652,291986.21,<1H OCEAN
-121.79,36.64,11.0,32627.0,6445.0,28566.0,6082.0,2.3087,146624.0,<1H OCEAN
-118.43,34.02,42.0,1528.0,244.0,634.0,242.0,8.1631,498007.91,<1H OCEAN
-121.9,36.97,21.0,3707.0,751.0,1420.0,608.0,4.4485,295923.0,NEAR OCEAN
-121.95,37.33,31.0,1866.0,465.0,821.0,447.0,2.3547,218843.0,<1H OCEAN
-121.91,37.42,19.0,1684.0,387.0,1224.0,376.0,4.1389,206705.0,<1H OCEAN
-117.07,33.12,21.0,4578.0,927.0,2818.0,900.0,3.1458,158365.0,<1H OCEAN
-118.09,33.77,27.0,2301.0,640.0,847.0,627.0,1.7208,99510.01,<1H OCEAN
-118.32,33.82,22.0,2508.0,402.0,1254.0,395.0,7.0935,374602.18,<1H OCEAN
-118.12,34.04,34.0,2103.0,427.0,1355.0,434.0,4.5795,210567.0,<1H OCEAN
-118.22,33.89,37.0,797.0,190.0,485.0,166.0,2.7434,120568.0,<1H OCEAN
-121.86,36.63,37.0,338.0,109.0,231.0,100.0,2.5313,202043.02,<1H OCEAN
-122.43,37.74,52.0,2229.0,498.0,1079.0,472.0,5.0196,342258.0,NEAR BAY
-119.19,36.06,29.0,1815.0,376.0,1421.0,339.0,1.9091,50267.0,INLAND
-117.93,33.65,26.0,5831.0,1546.0,4738.0,1477.0,3.1483,230304.01,<1H OCEAN
-121.09,37.61,42.0,1787.0,296.0,921.0,287.0,3.8864,148024.0,INLAND
-122.07,37.67,27.0,3239.0,671.0,1469.0,616.0,3.2465,216065.0,NEAR BAY
-121.18,37.79,16.0,1326.0,286.0,509.0,297.0,1.9464,114245.0,INLAND
-120.61,35.11,11.0,3733.0,831.0,1839.0,739.0,3.3062,194701.0,<1H OCEAN
-117.69,34.05,10.0,1875.0,366.0,1055.0,363.0,4.3264,154521.0,INLAND
-117.14,33.39,17.0,2889.0,587.0,1931.0,510.0,3.8547,219211.0,<1H OCEAN
-122.95,40.67,17.0,1498.0,331.0,574.0,242.0,2.0268,79776.0,INLAND
-118.41,33.96,32.0,1044.0,219.0,567.0,222.0,4.1471,326040.06,<1H OCEAN
-119.76,36.8,20.0,6257.0,1346.0,2795.0,1267.0,2.2094,76273.0,INLAND
-117.18,32.83,31.0,1772.0,353.0,1090.0,350.0,3.9265,182773.0,NEAR OCEAN
-117.9,34.01,27.0,1702.0,381.0,2091.0,352.0,3.7917,163109.0,<1H OCEAN
-122.04,37.36,26.0,3298.0,460.0,1241.0,472.0,6.8753,379960.12,<1H OCEAN
-118.46,34.04,17.0,2729.0,897.0,1404.0,758.0,3.1235,354695.11,<1H OCEAN
-122.2,39.93,9.0,1296.0,287.0,768.0,260.0,1.9191,89700.0,INLAND
-117.77,33.51,29.0,3590.0,772.0,1070.0,603.0,4.4464,367110.11,<1H OCEAN
-121.99,37.26,17.0,4034.0,611.0,1158.0,560.0,8.2069,411712.19,<1H OCEAN
-117.38,33.14,14.0,5039.0,1373.0,1298.0,696.0,3.209,221644.01,NEAR OCEAN
-119.76,36.75,39.0,2233.0,563.0,2031.0,491.0,1.8641,56454.0,INLAND
-117.39,33.69,5.0,6529.0,997.0,3464.0,1006.0,5.3275,244296.0,<1H OCEAN
-117.05,34.02,21.0,3098.0,646.0,1351.0,614.0,2.598,100320.0,INLAND
-121.42,38.62,33.0,3171.0,832.0,1591.0,695.0,2.0786,93310.0,INLAND
-117.93,34.05,32.0,3055.0,623.0,1902.0,565.0,4.2926,196721.0,<1H OCEAN
-122.41,37.8,30.0,1821.0,738.0,1648.0,684.0,0.8836,282224.33,NEAR BAY
-122.11,37.67,36.0,2110.0,389.0,952.0,370.0,3.8,193429.0,NEAR BAY
-119.61,36.56,34.0,1911.0,497.0,1886.0,481.0,1.625,51997.0,INLAND
-118.01,34.06,26.0,557.0,153.0,455.0,196.0,2.7721,183188.0,INLAND
-118.19,33.99,37.0,2073.0,614.0,2544.0,598.0,2.9054,159126.0,<1H OCEAN
-118.31,34.03,46.0,2173.0,510.0,1343.0,476.0,2.025,143931.0,<1H OCEAN
-122.04,37.66,23.0,2419.0,348.0,1066.0,384.0,6.3501,310367.01,NEAR BAY
-122.07,37.06,31.0,1634.0,370.0,939.0,332.0,3.8625,242856.0,NEAR OCEAN
-121.65,37.12,14.0,4721.0,999.0,2648.0,888.0,3.6895,214880.0,<1H OCEAN
-122.37,37.59,39.0,4645.0,1196.0,2156.0,1113.0,3.4412,348374.05,NEAR OCEAN
-118.4,33.96,43.0,2416.0,454.0,1028.0,409.0,5.6732,393866.19,<1H OCEAN
-118.32,33.34,52.0,996.0,264.0,341.0,160.0,2.7361,296445.03,ISLAND
-118.88,35.34,20.0,1351.0,255.0,762.0,253.0,2.1111,60098.98,INLAND
-118.4,33.87,40.0,1679.0,372.0,719.0,385.0,6.435,464115.36,<1H OCEAN
-121.37,38.68,34.0,1086.0,187.0,663.0,190.0,3.3074,101726.0,INLAND
-122.1,37.39,36.0,1860.0,367.0,794.0,366.0,5.0871,313414.12,NEAR BAY
-119.81,36.78,36.0,1650.0,313.0,660.0,298.0,3.0,73636.0,INLAND
-117.16,33.54,4.0,4952.0,1000.0,2912.0,943.0,3.7538,199714.01,<1H OCEAN
-117.95,33.78,32.0,2296.0,560.0,1376.0,532.0,3.7303,191725.0,<1H OCEAN
-122.18,37.46,40.0,2529.0,293.0,831.0,258.0,15.0001,500001.0,NEAR BAY
-118.32,33.97,46.0,1504.0,270.0,814.0,306.0,4.3919,171653.0,<1H OCEAN
-117.99,33.88,25.0,3401.0,509.0,1503.0,498.0,6.6704,315298.0,<1H OCEAN
-118.26,34.23,33.0,1805.0,303.0,838.0,301.0,5.4306,271956.01,<1H OCEAN
-120.97,37.67,31.0,1648.0,293.0,792.0,294.0,2.4,107267.0,INLAND
-117.81,34.01,12.0,9197.0,1642.0,4332.0,1554.0,4.9589,224602.0,<1H OCEAN
-118.51,34.19,38.0,2182.0,409.0,1141.0,379.0,4.2865,229144.0,<1H OCEAN
-118.17,33.77,45.0,2508.0,797.0,1340.0,720.0,2.6786,215940.0,NEAR OCEAN
-117.19,33.9,3.0,21060.0,3366.0,9623.0,2812.0,4.189,153380.01,INLAND
-121.01,37.61,5.0,3655.0,696.0,2316.0,647.0,3.4703,136065.0,INLAND
-119.69,34.42,17.0,1826.0,544.0,1325.0,532.0,1.2762,212783.04,<1H OCEAN
-118.27,33.93,41.0,570.0,135.0,466.0,121.0,2.6458,120637.0,<1H OCEAN
-117.81,33.73,19.0,5471.0,1345.0,2828.0,1247.0,3.5719,170936.0,<1H OCEAN
-118.9,34.3,13.0,5591.0,1013.0,3188.0,971.0,5.5925,280259.0,<1H OCEAN
-117.14,32.76,24.0,3523.0,991.0,1775.0,873.0,2.1273,150951.0,NEAR OCEAN
-117.27,34.42,9.0,5643.0,1005.0,3166.0,957.0,3.2077,109136.0,INLAND
-122.06,37.35,31.0,1795.0,281.0,872.0,282.0,8.0599,481847.59,<1H OCEAN
-118.12,33.83,44.0,1712.0,314.0,691.0,293.0,4.3594,252514.0,<1H OCEAN
-118.84,34.11,12.0,7508.0,1058.0,2484.0,965.0,5.8788,368208.12,NEAR OCEAN
-120.6,35.11,17.0,2495.0,524.0,1292.0,501.0,2.2625,143043.0,<1H OCEAN
-119.77,36.76,40.0,2009.0,519.0,2219.0,505.0,1.2101,53140.0,INLAND
-117.81,33.84,17.0,4343.0,515.0,1605.0,484.0,10.5981,458857.52,<1H OCEAN
-117.05,32.68,19.0,1469.0,275.0,1010.0,292.0,3.5664,130768.0,NEAR OCEAN
-117.94,33.92,32.0,1053.0,207.0,1038.0,222.0,4.6696,173930.0,<1H OCEAN
-119.63,34.42,42.0,1765.0,263.0,753.0,260.0,8.5608,497495.91,<1H OCEAN
-121.56,39.51,47.0,1064.0,245.0,603.0,190.0,1.3654,62278.0,INLAND
-117.96,33.83,34.0,982.0,148.0,498.0,156.0,6.3214,258366.03,<1H OCEAN
-118.16,34.09,36.0,3334.0,920.0,2881.0,800.0,2.1696,166997.0,<1H OCEAN
-117.06,32.81,17.0,3939.0,550.0,1694.0,553.0,6.7927,292375.0,<1H OCEAN
-119.83,34.44,35.0,796.0,281.0,567.0,257.0,2.1389,236341.0,NEAR OCEAN
-118.44,34.22,39.0,1529.0,344.0,913.0,314.0,3.325,189343.0,<1H OCEAN
-122.0,38.83,26.0,272.0,49.0,194.0,52.0,3.4187,128214.0,INLAND
-118.45,34.25,34.0,2094.0,380.0,1207.0,380.0,5.2801,226740.0,<1H OCEAN
-118.18,34.09,44.0,1688.0,426.0,1605.0,384.0,3.3785,167827.0,<1H OCEAN
-122.41,37.75,9.0,1282.0,334.0,1176.0,305.0,2.6538,229027.03,NEAR BAY
-119.02,36.05,22.0,2078.0,431.0,1336.0,456.0,2.2202,63396.0,INLAND
-121.79,38.69,23.0,1755.0,321.0,1061.0,313.0,2.8864,115035.0,INLAND
-117.66,34.15,25.0,3430.0,485.0,1284.0,438.0,8.5282,346182.0,INLAND
-117.76,34.05,36.0,2910.0,819.0,3055.0,782.0,1.9029,112787.0,INLAND
-121.78,37.69,34.0,2358.0,498.0,1157.0,461.0,3.3618,169967.0,INLAND
-121.38,38.59,36.0,2253.0,434.0,1018.0,426.0,3.2596,132713.0,INLAND
-117.87,33.92,17.0,4575.0,764.0,2054.0,737.0,6.0571,295143.01,<1H OCEAN
-117.13,33.14,12.0,2258.0,456.0,1147.0,433.0,4.0495,176266.0,<1H OCEAN
-122.33,37.98,3.0,2850.0,544.0,1024.0,515.0,6.0115,302233.04,NEAR BAY
-118.18,34.13,52.0,2228.0,475.0,1311.0,452.0,3.5341,212704.0,<1H OCEAN
-121.83,37.27,14.0,2855.0,380.0,1420.0,383.0,6.6712,324906.03,<1H OCEAN
-120.76,38.65,17.0,2319.0,430.0,1126.0,372.0,3.5511,143996.0,INLAND
-121.24,37.97,47.0,886.0,196.0,517.0,188.0,2.1991,95188.0,INLAND
-122.11,37.7,29.0,1298.0,306.0,835.0,338.0,2.3274,170811.0,NEAR BAY
-117.14,32.9,16.0,3217.0,,2054.0,687.0,4.2234,163116.0,<1H OCEAN
-121.47,38.56,52.0,889.0,162.0,273.0,145.0,3.125,167396.0,INLAND
-118.21,33.9,43.0,1810.0,357.0,1335.0,358.0,3.1189,142551.0,<1H OCEAN
-117.93,33.75,24.0,1380.0,339.0,1472.0,304.0,4.2219,174528.0,<1H OCEAN
-122.24,37.75,45.0,891.0,,384.0,146.0,4.9489,296890.09,NEAR BAY
-117.22,33.81,4.0,9911.0,1946.0,5145.0,1661.0,3.4237,140725.0,INLAND
-118.03,33.83,25.0,768.0,195.0,529.0,184.0,3.175,215220.0,<1H OCEAN
-118.31,34.01,39.0,2073.0,566.0,1246.0,547.0,2.0417,122789.0,<1H OCEAN
-117.23,33.23,13.0,2899.0,657.0,1946.0,579.0,2.9875,148873.0,<1H OCEAN
-122.93,38.02,28.0,1284.0,265.0,628.0,219.0,3.5469,250675.0,NEAR OCEAN
-121.45,38.69,32.0,2962.0,526.0,1542.0,521.0,2.2243,100641.0,INLAND
-122.01,37.4,24.0,1297.0,297.0,441.0,282.0,3.1439,226705.0,<1H OCEAN
-121.47,38.51,52.0,20.0,4.0,74.0,9.0,3.625,255848.3,INLAND
-121.44,37.76,5.0,7264.0,1285.0,3670.0,1146.0,5.0443,194876.0,INLAND
-122.57,37.99,45.0,2404.0,425.0,926.0,400.0,4.9674,314863.04,NEAR BAY
-122.13,37.4,29.0,6027.0,1195.0,2687.0,1171.0,5.1335,340947.05,NEAR BAY
-118.3,34.17,16.0,1353.0,398.0,1211.0,357.0,3.1551,215379.02,<1H OCEAN
-117.29,34.13,52.0,2424.0,528.0,1171.0,455.0,1.4815,76873.0,INLAND
-122.05,37.36,34.0,2400.0,419.0,1017.0,384.0,4.1369,288088.01,<1H OCEAN
-118.15,33.8,44.0,1886.0,399.0,1167.0,372.0,3.1042,215598.0,NEAR OCEAN
-118.0,33.81,17.0,1530.0,404.0,883.0,344.0,2.8835,189090.0,<1H OCEAN
-117.96,33.76,22.0,2520.0,556.0,2126.0,527.0,3.7734,177662.0,<1H OCEAN
-118.11,34.14,52.0,2401.0,332.0,810.0,308.0,6.0948,428855.15,<1H OCEAN
-120.69,38.44,13.0,1473.0,265.0,597.0,228.0,4.2917,151359.0,INLAND
-117.04,32.98,16.0,1332.0,196.0,640.0,193.0,6.0226,219329.01,<1H OCEAN
-122.4,37.6,30.0,5351.0,1134.0,2558.0,1074.0,3.5817,321984.02,NEAR OCEAN
-118.6,34.23,19.0,8866.0,2355.0,5005.0,2194.0,3.2564,220538.0,<1H OCEAN
-118.5,34.15,33.0,3104.0,387.0,1111.0,376.0,13.4196,500001.0,<1H OCEAN
-118.32,33.9,37.0,1664.0,401.0,1316.0,409.0,3.0526,182191.0,<1H OCEAN
-122.64,41.73,36.0,3319.0,664.0,1492.0,631.0,1.8694,58341.0,INLAND
-117.97,33.77,25.0,1295.0,417.0,856.0,342.0,2.7157,198073.0,<1H OCEAN
-118.09,33.9,37.0,1147.0,258.0,742.0,242.0,4.0461,171664.0,<1H OCEAN
-120.75,37.37,32.0,1656.0,317.0,1037.0,286.0,2.4964,90705.0,INLAND
-121.39,36.16,28.0,1057.0,249.0,288.0,130.0,3.0526,295223.03,NEAR OCEAN
-122.3,37.91,39.0,2686.0,569.0,1159.0,559.0,2.9441,191769.0,NEAR BAY
-118.25,34.15,15.0,3712.0,1005.0,1888.0,890.0,3.6875,239012.0,<1H OCEAN
-121.48,38.58,42.0,1823.0,566.0,761.0,503.0,1.245,99331.0,INLAND
-121.94,37.29,22.0,2593.0,637.0,1249.0,623.0,3.75,277169.0,<1H OCEAN
-118.35,33.92,24.0,2728.0,845.0,2023.0,773.0,2.75,209718.0,<1H OCEAN
-118.92,34.18,17.0,2400.0,352.0,1067.0,323.0,6.3522,294596.0,<1H OCEAN
-122.5,37.74,44.0,2374.0,496.0,1087.0,426.0,3.5,277397.0,NEAR OCEAN
-118.33,34.15,44.0,1321.0,303.0,471.0,301.0,4.2679,419803.15,<1H OCEAN
-118.23,34.05,52.0,346.0,270.0,346.0,251.0,2.5313,160984.0,<1H OCEAN
-117.15,33.02,4.0,15029.0,2279.0,5613.0,1696.0,7.2731,325416.02,NEAR OCEAN
-118.22,33.99,24.0,1402.0,482.0,1976.0,466.0,2.6964,161300.0,<1H OCEAN
-116.54,33.81,31.0,6814.0,1714.0,2628.0,1341.0,2.1176,92307.0,INLAND
-118.02,33.85,31.0,1922.0,329.0,1030.0,353.0,5.3416,234001.0,<1H OCEAN
-122.05,37.36,29.0,1733.0,255.0,679.0,278.0,7.5337,428252.42,<1H OCEAN
-122.28,37.51,33.0,4719.0,,1980.0,757.0,6.1064,415311.32,NEAR OCEAN
-118.86,34.07,16.0,1409.0,244.0,970.0,172.0,8.0144,457594.62,NEAR OCEAN
-122.65,38.97,32.0,1856.0,472.0,703.0,292.0,1.1912,75266.0,INLAND
-121.91,37.69,23.0,2179.0,308.0,926.0,299.0,5.9345,264568.0,<1H OCEAN
-120.43,34.87,21.0,2131.0,329.0,1094.0,353.0,4.6648,186320.0,<1H OCEAN
-122.44,37.79,52.0,2045.0,353.0,722.0,327.0,8.0755,478271.84,NEAR BAY
-117.02,32.78,31.0,2567.0,,1198.0,499.0,3.4659,155976.0,<1H OCEAN
-117.83,33.82,23.0,1100.0,285.0,940.0,267.0,3.6953,190839.0,<1H OCEAN
-117.08,32.69,31.0,2558.0,487.0,1938.0,492.0,3.4875,123644.0,NEAR OCEAN
-120.1,39.19,17.0,1480.0,241.0,202.0,80.0,3.9375,156167.0,INLAND
-122.65,38.99,16.0,4279.0,951.0,1596.0,666.0,1.8571,93464.0,INLAND
-115.69,32.79,18.0,1564.0,340.0,1161.0,343.0,2.1792,68280.0,INLAND
-121.66,36.37,9.0,1580.0,287.0,465.0,208.0,6.1668,292465.04,<1H OCEAN
-122.39,40.52,24.0,2068.0,346.0,951.0,332.0,3.9306,121398.0,INLAND
-116.29,33.72,5.0,3584.0,760.0,1097.0,470.0,3.1771,128849.0,INLAND
-117.71,33.63,16.0,1565.0,274.0,950.0,280.0,5.8399,267895.02,<1H OCEAN
-121.8,37.31,21.0,2630.0,446.0,1789.0,389.0,5.0543,245471.04,<1H OCEAN
-116.46,33.78,33.0,2565.0,745.0,2301.0,638.0,2.5477,108159.0,INLAND
-118.31,33.83,45.0,2929.0,755.0,1635.0,652.0,2.9375,236482.0,<1H OCEAN
-120.25,36.65,31.0,1177.0,221.0,744.0,223.0,2.4937,75077.0,INLAND
-118.08,33.98,36.0,1492.0,282.0,1041.0,270.0,4.0677,171741.0,<1H OCEAN
-121.85,37.26,16.0,1982.0,280.0,1030.0,297.0,6.4339,269438.0,<1H OCEAN
-121.73,36.93,29.0,2931.0,535.0,1954.0,506.0,3.2917,182297.0,<1H OCEAN
-118.38,34.03,44.0,1913.0,441.0,1295.0,432.0,3.9537,284643.06,<1H OCEAN
-118.04,33.83,19.0,4526.0,830.0,2318.0,748.0,4.6681,217213.0,<1H OCEAN
-122.49,38.27,8.0,5092.0,988.0,1657.0,936.0,3.5625,232012.0,NEAR BAY
-120.08,39.61,32.0,1404.0,247.0,544.0,201.0,2.7778,78601.0,INLAND
-116.6,33.06,23.0,1731.0,365.0,612.0,258.0,2.7813,132874.0,INLAND
-118.37,34.18,42.0,1140.0,300.0,643.0,252.0,3.3958,210687.0,<1H OCEAN
-117.12,32.75,13.0,2795.0,773.0,1869.0,690.0,2.1767,115734.0,NEAR OCEAN
-121.91,37.23,22.0,2614.0,453.0,1240.0,462.0,6.0712,299353.0,<1H OCEAN
-119.78,36.71,35.0,1987.0,394.0,1233.0,383.0,1.3587,58235.0,INLAND
-118.25,34.07,18.0,4297.0,1420.0,4332.0,1286.0,2.2545,201804.0,<1H OCEAN
-121.68,36.72,12.0,19234.0,4492.0,12153.0,4372.0,3.2652,191211.0,<1H OCEAN
-118.19,33.91,35.0,2695.0,748.0,2935.0,706.0,2.0134,134893.01,<1H OCEAN
-119.73,34.44,48.0,2114.0,390.0,973.0,367.0,4.8021,319786.04,NEAR OCEAN
-116.94,32.84,32.0,1607.0,253.0,778.0,262.0,4.5278,164974.0,<1H OCEAN
-120.19,39.32,16.0,1536.0,298.0,646.0,208.0,2.3594,113934.0,INLAND
-118.36,34.18,34.0,1471.0,423.0,995.0,386.0,2.9583,209124.0,<1H OCEAN
-122.09,37.36,37.0,2269.0,325.0,930.0,321.0,7.5274,477699.78,NEAR BAY
-122.28,37.83,52.0,1511.0,390.0,901.0,403.0,1.4103,125357.01,NEAR BAY
-121.19,39.05,14.0,1131.0,193.0,520.0,178.0,3.9,155708.0,INLAND
-122.27,37.77,52.0,1731.0,377.0,872.0,363.0,4.1667,262407.0,NEAR BAY
-118.16,34.19,44.0,2195.0,449.0,1377.0,417.0,3.5887,222505.0,<1H OCEAN
-118.18,34.04,44.0,1079.0,275.0,1249.0,249.0,3.0417,142202.0,<1H OCEAN
-121.06,40.23,23.0,1127.0,225.0,215.0,85.0,3.4844,102532.0,INLAND
-120.06,37.02,13.0,6301.0,1080.0,3840.0,1033.0,3.5258,106151.0,INLAND
-121.97,37.36,34.0,884.0,153.0,534.0,154.0,6.0116,306889.0,<1H OCEAN
-117.09,32.7,15.0,869.0,217.0,887.0,216.0,1.4583,106690.0,NEAR OCEAN
-122.43,37.76,52.0,3708.0,849.0,1531.0,822.0,3.3565,382234.05,NEAR BAY
-122.1,37.68,37.0,2116.0,503.0,1109.0,448.0,2.535,178597.0,NEAR BAY
-118.31,33.92,35.0,1307.0,246.0,672.0,219.0,4.8456,167013.0,<1H OCEAN
-117.35,34.04,14.0,2991.0,522.0,1729.0,537.0,3.5139,117571.0,INLAND
-117.91,34.04,15.0,8749.0,1761.0,5278.0,1691.0,4.6324,235957.0,<1H OCEAN
-118.08,34.0,32.0,1165.0,358.0,997.0,361.0,0.9817,169997.0,<1H OCEAN
-120.62,37.35,18.0,874.0,203.0,572.0,190.0,1.6833,94841.0,INLAND
-117.66,35.63,33.0,2579.0,564.0,1155.0,431.0,2.0441,66978.0,INLAND
-122.68,38.43,18.0,2723.0,529.0,1150.0,520.0,3.5885,175700.0,<1H OCEAN
-118.4,34.09,45.0,2686.0,283.0,857.0,259.0,15.0001,500001.0,<1H OCEAN
-118.35,34.03,43.0,2122.0,524.0,1510.0,436.0,2.2273,145413.0,<1H OCEAN
-121.95,37.32,20.0,1145.0,198.0,431.0,173.0,3.1103,257147.0,<1H OCEAN
-117.07,32.71,26.0,4151.0,823.0,2822.0,697.0,2.8372,132346.0,NEAR OCEAN
-117.71,34.12,20.0,11250.0,1893.0,4952.0,1859.0,5.6785,227667.0,INLAND
-121.95,37.52,33.0,3994.0,764.0,2721.0,763.0,5.2308,245647.01,<1H OCEAN
-121.35,38.51,29.0,2337.0,391.0,1054.0,352.0,4.2206,142538.0,INLAND
-122.01,37.37,25.0,2213.0,360.0,1066.0,390.0,7.2165,349062.04,<1H OCEAN
-118.31,34.26,41.0,1297.0,327.0,733.0,315.0,3.0583,231168.01,<1H OCEAN
-122.04,37.35,20.0,2016.0,313.0,767.0,310.0,6.837,346383.07,<1H OCEAN
-117.03,32.72,38.0,886.0,176.0,505.0,188.0,3.5938,139722.0,NEAR OCEAN
-118.61,34.21,33.0,2609.0,431.0,1208.0,406.0,5.4527,263196.02,<1H OCEAN
-121.36,38.39,10.0,5121.0,763.0,2568.0,758.0,5.2447,179558.0,INLAND
-118.26,33.91,39.0,935.0,210.0,711.0,193.0,2.4375,105117.0,<1H OCEAN
-117.21,34.51,17.0,4379.0,629.0,1720.0,595.0,5.086,188935.0,INLAND
-122.21,38.1,36.0,3018.0,557.0,1445.0,556.0,3.8029,133526.0,NEAR BAY
-117.98,33.84,35.0,984.0,179.0,661.0,199.0,5.0747,203414.0,<1H OCEAN
-122.4,37.76,52.0,1529.0,385.0,1347.0,348.0,2.9312,245569.0,NEAR BAY
-118.33,34.15,39.0,493.0,168.0,259.0,138.0,2.3667,256063.09,<1H OCEAN
-118.36,33.92,26.0,3695.0,1144.0,2308.0,1009.0,2.6667,208777.0,<1H OCEAN
-122.07,37.67,38.0,2104.0,409.0,1039.0,394.0,3.875,199229.0,NEAR BAY
-117.39,34.13,9.0,2228.0,398.0,1316.0,370.0,4.1632,136666.0,INLAND
-121.1,38.92,21.0,4064.0,871.0,1847.0,859.0,3.0321,138573.0,INLAND
-121.28,37.96,28.0,1942.0,724.0,1618.0,638.0,0.9365,78186.0,INLAND
-117.68,34.07,32.0,1775.0,314.0,1067.0,302.0,4.0375,142100.0,INLAND
-118.5,34.19,26.0,2156.0,509.0,1142.0,470.0,4.0,245123.0,<1H OCEAN
-122.35,37.93,28.0,1995.0,488.0,1182.0,439.0,2.3352,108210.0,NEAR BAY
-117.18,32.69,48.0,2764.0,491.0,978.0,449.0,5.1249,421719.33,NEAR OCEAN
-121.87,39.74,7.0,1737.0,290.0,747.0,265.0,3.9,124117.0,INLAND
-118.01,34.55,2.0,2701.0,530.0,1368.0,430.0,4.071,170393.0,INLAND
-117.95,33.99,15.0,3978.0,692.0,2418.0,665.0,5.0142,234764.0,<1H OCEAN
-124.14,41.95,21.0,2696.0,578.0,1208.0,494.0,2.275,94664.0,NEAR OCEAN
-120.79,38.83,15.0,1374.0,291.0,709.0,239.0,1.7222,110033.0,INLAND
-121.38,38.49,11.0,8537.0,1643.0,4224.0,1648.0,2.9647,113958.0,INLAND
-118.13,34.18,52.0,1464.0,211.0,603.0,226.0,5.8309,302973.01,INLAND
-117.28,34.09,44.0,376.0,,273.0,107.0,2.2917,92213.0,INLAND
-117.14,32.71,52.0,1225.0,332.0,955.0,321.0,1.6011,92240.0,NEAR OCEAN
-122.42,38.31,18.0,1479.0,246.0,550.0,217.0,4.7356,234380.0,NEAR BAY
-119.61,36.33,32.0,1492.0,284.0,926.0,264.0,3.0139,76242.0,INLAND
-117.89,34.07,35.0,834.0,137.0,392.0,123.0,4.5179,188042.0,<1H OCEAN
-118.37,34.21,36.0,2080.0,455.0,1939.0,484.0,4.2875,191515.0,<1H OCEAN
-124.17,40.62,32.0,1595.0,309.0,706.0,277.0,2.8958,90536.0,NEAR OCEAN
-121.17,37.97,28.0,1374.0,248.0,769.0,229.0,3.6389,148769.0,INLAND
-121.51,38.54,34.0,2815.0,479.0,1075.0,471.0,3.9792,161279.0,INLAND
-122.18,37.78,50.0,1642.0,322.0,713.0,284.0,3.2984,182142.0,NEAR BAY
-118.44,34.06,13.0,4833.0,1119.0,1649.0,807.0,6.2389,369536.14,<1H OCEAN
-122.27,37.85,47.0,1375.0,307.0,843.0,319.0,1.3785,134711.0,NEAR BAY
-121.47,38.52,42.0,2316.0,515.0,1597.0,522.0,1.8205,72222.0,INLAND
-122.13,38.26,40.0,1538.0,255.0,669.0,263.0,3.3281,136068.0,NEAR BAY
-122.05,37.33,21.0,2052.0,346.0,933.0,351.0,5.3167,324739.02,<1H OCEAN
-118.32,34.1,30.0,2193.0,965.0,2197.0,836.0,1.8277,230500.02,<1H OCEAN
-117.02,32.71,20.0,4050.0,745.0,2870.0,761.0,3.7366,134412.0,NEAR OCEAN
-122.01,37.18,37.0,3852.0,652.0,1534.0,567.0,5.8596,391018.1,<1H OCEAN
-122.09,37.4,26.0,3218.0,1021.0,2087.0,964.0,3.2875,273217.04,NEAR BAY
-118.27,33.99,38.0,1407.0,447.0,1783.0,402.0,1.8086,100407.0,<1H OCEAN
-118.19,33.95,41.0,1368.0,309.0,1244.0,312.0,3.0833,155624.0,<1H OCEAN
-117.23,32.99,17.0,2718.0,326.0,1011.0,319.0,15.0001,493661.79,NEAR OCEAN
-114.6,33.62,16.0,3741.0,801.0,2434.0,824.0,2.6797,76619.0,INLAND
-118.16,34.17,52.0,1193.0,228.0,703.0,221.0,3.1741,210017.0,<1H OCEAN
-122.47,37.78,52.0,2275.0,412.0,1166.0,424.0,4.0652,402240.02,NEAR BAY
-118.32,34.1,28.0,1759.0,716.0,1463.0,620.0,1.7306,208233.0,<1H OCEAN
-117.67,33.51,18.0,1645.0,393.0,1490.0,355.0,3.4792,179930.01,<1H OCEAN
-122.47,37.74,52.0,3797.0,668.0,1633.0,658.0,5.6787,427647.45,NEAR BAY
-117.22,32.81,21.0,1703.0,335.0,902.0,369.0,3.7813,212874.01,NEAR OCEAN
-122.28,37.87,52.0,589.0,132.0,288.0,131.0,3.5156,200874.0,NEAR BAY
-118.34,34.04,42.0,1681.0,360.0,987.0,337.0,2.6,176260.0,<1H OCEAN
-118.4,34.03,13.0,6152.0,1978.0,3397.0,1845.0,3.4058,288023.04,<1H OCEAN
-117.85,33.76,33.0,1866.0,327.0,1053.0,371.0,4.5461,212805.01,<1H OCEAN
-117.26,32.81,25.0,2076.0,586.0,1060.0,554.0,2.8421,241345.02,NEAR OCEAN
-118.43,34.05,52.0,1693.0,290.0,727.0,305.0,6.7115,456056.58,<1H OCEAN
-122.74,38.45,25.0,2696.0,496.0,1296.0,514.0,4.0798,204630.0,<1H OCEAN
-119.18,34.21,46.0,2062.0,484.0,1522.0,469.0,3.087,188512.0,NEAR OCEAN
-122.49,37.69,35.0,2576.0,443.0,1273.0,433.0,4.7391,272838.0,NEAR OCEAN
-117.51,33.88,24.0,3044.0,602.0,2541.0,564.0,4.131,156393.0,INLAND
-117.4,34.0,24.0,2316.0,599.0,1829.0,532.0,1.6955,94576.0,INLAND
-122.19,37.76,49.0,1368.0,282.0,790.0,269.0,1.7056,86876.0,NEAR BAY
-116.97,32.56,23.0,1262.0,294.0,5176.0,275.0,2.5625,138852.0,NEAR OCEAN
-122.32,37.92,22.0,1119.0,220.0,565.0,199.0,3.3594,236284.07,NEAR BAY
-121.78,37.69,35.0,2853.0,588.0,1761.0,572.0,4.3533,187203.0,INLAND
-118.26,33.97,44.0,1246.0,308.0,1031.0,295.0,1.9556,99392.0,<1H OCEAN
-122.69,38.37,8.0,6322.0,1001.0,2969.0,1043.0,4.8233,205313.0,<1H OCEAN
-118.25,33.99,41.0,2215.0,544.0,2054.0,480.0,1.5272,100303.0,<1H OCEAN
-117.06,32.63,29.0,4168.0,742.0,2096.0,713.0,4.2204,164686.0,NEAR OCEAN
-118.22,33.9,22.0,312.0,107.0,583.0,119.0,1.9423,121558.0,<1H OCEAN
-118.32,34.06,52.0,955.0,100.0,457.0,120.0,15.0001,500001.0,<1H OCEAN
-117.14,33.18,11.0,5546.0,974.0,2300.0,970.0,3.7109,186339.0,<1H OCEAN
-118.14,33.97,31.0,1161.0,267.0,1175.0,282.0,3.0114,170550.0,<1H OCEAN
-117.19,34.27,16.0,7961.0,1147.0,879.0,280.0,5.2146,171953.0,INLAND
-122.72,38.43,31.0,2020.0,476.0,1408.0,437.0,2.5735,162044.0,<1H OCEAN
-122.09,37.64,36.0,1885.0,307.0,853.0,271.0,4.1141,195108.02,NEAR BAY
-117.27,34.13,36.0,3337.0,687.0,2388.0,589.0,2.9628,90313.0,INLAND
-116.98,32.75,25.0,4137.0,662.0,1905.0,630.0,4.375,179701.0,<1H OCEAN
-122.12,37.82,26.0,2269.0,317.0,918.0,313.0,6.6657,345977.02,NEAR BAY
-121.96,37.95,25.0,4026.0,791.0,1850.0,709.0,4.1483,182513.0,INLAND
-117.31,33.16,17.0,1704.0,263.0,781.0,281.0,5.6605,301196.06,NEAR OCEAN
-124.15,40.8,47.0,1486.0,335.0,765.0,329.0,1.755,66368.0,NEAR OCEAN
-117.76,35.63,12.0,2014.0,372.0,1027.0,356.0,3.9261,87520.0,INLAND
-121.49,38.63,6.0,12197.0,2617.0,5634.0,2329.0,3.7449,137355.0,INLAND
-119.25,36.32,32.0,1821.0,345.0,812.0,299.0,2.75,76381.0,INLAND
-120.62,38.71,10.0,6305.0,1150.0,2597.0,921.0,4.0197,151056.0,INLAND
-118.18,33.8,15.0,2407.0,589.0,1591.0,506.0,3.0513,193823.0,NEAR OCEAN
-118.06,33.99,47.0,1588.0,309.0,827.0,292.0,3.7833,196191.0,<1H OCEAN
-122.11,37.7,19.0,2693.0,789.0,1765.0,724.0,2.4206,171101.0,NEAR BAY
-119.33,35.6,32.0,2703.0,683.0,2682.0,675.0,1.4619,53090.0,INLAND
-118.41,33.92,22.0,2340.0,584.0,1141.0,554.0,4.5729,360123.0,<1H OCEAN
-121.99,37.53,25.0,5405.0,939.0,2831.0,923.0,5.0423,250726.0,<1H OCEAN
-119.82,34.45,24.0,3592.0,533.0,1683.0,528.0,6.7247,382002.11,NEAR OCEAN
-117.08,32.75,20.0,1989.0,508.0,1452.0,462.0,2.0077,110527.0,NEAR OCEAN
-117.21,32.8,34.0,1398.0,222.0,532.0,244.0,3.7102,212924.04,NEAR OCEAN
-117.0,32.76,31.0,2545.0,373.0,956.0,342.0,4.3977,185005.0,<1H OCEAN
-120.35,36.16,18.0,1519.0,296.0,846.0,272.0,2.7792,78230.0,INLAND
-117.08,33.12,37.0,1060.0,268.0,823.0,229.0,1.8363,138692.0,<1H OCEAN
-118.39,34.03,25.0,3442.0,1050.0,1890.0,914.0,3.0574,333122.09,<1H OCEAN
-121.3,37.98,47.0,2373.0,461.0,990.0,444.0,4.175,159793.0,INLAND
-119.85,34.4,14.0,2307.0,650.0,5723.0,615.0,2.1652,211364.05,NEAR OCEAN
-117.64,33.45,26.0,1528.0,,607.0,218.0,6.2871,360604.23,NEAR OCEAN
-117.73,34.07,33.0,1921.0,489.0,1430.0,467.0,2.3406,119999.0,INLAND
-118.31,33.87,27.0,3348.0,695.0,1545.0,625.0,4.7543,271767.0,<1H OCEAN
-118.1,34.06,36.0,1463.0,369.0,1492.0,366.0,3.25,168233.0,<1H OCEAN
-121.97,37.77,13.0,7241.0,1007.0,3221.0,947.0,7.2216,345441.01,<1H OCEAN
-122.08,37.4,52.0,766.0,203.0,448.0,196.0,2.5208,204670.0,NEAR BAY
-121.92,37.72,4.0,7477.0,1576.0,2937.0,1506.0,5.1437,254673.0,<1H OCEAN
-117.8,33.69,13.0,1161.0,289.0,630.0,296.0,3.3438,207394.01,<1H OCEAN
-117.89,33.74,32.0,1562.0,365.0,2145.0,347.0,2.9167,161707.0,<1H OCEAN
-118.09,34.12,45.0,2966.0,415.0,1231.0,409.0,7.8347,473822.53,<1H OCEAN
-117.26,33.02,9.0,4632.0,759.0,1724.0,685.0,6.3712,331051.06,NEAR OCEAN
-118.06,33.82,24.0,3983.0,675.0,1568.0,638.0,4.6458,224526.0,<1H OCEAN
-117.59,33.41,17.0,2248.0,448.0,878.0,423.0,5.1298,330193.12,NEAR OCEAN
-117.39,33.98,37.0,2337.0,452.0,948.0,437.0,3.145,120626.0,INLAND
-118.54,34.25,26.0,2639.0,378.0,1191.0,401.0,6.2788,295754.01,<1H OCEAN
-122.23,38.12,49.0,2715.0,435.0,1006.0,429.0,4.2308,176262.0,NEAR BAY
-118.11,33.89,35.0,1139.0,197.0,772.0,233.0,4.375,189393.0,<1H OCEAN
-122.32,37.95,37.0,1887.0,353.0,895.0,359.0,4.45,183547.0,NEAR BAY
-121.02,37.61,33.0,1469.0,370.0,1318.0,349.0,1.7104,88287.0,INLAND
-116.31,33.65,8.0,3079.0,558.0,1572.0,474.0,4.5938,190002.0,INLAND
-117.24,34.15,23.0,3847.0,608.0,1621.0,630.0,4.6111,142849.0,INLAND
-122.1,37.66,35.0,686.0,142.0,480.0,149.0,3.875,176342.0,NEAR BAY
-118.45,34.03,41.0,2083.0,528.0,993.0,481.0,4.0231,428689.48,<1H OCEAN
-121.31,38.71,18.0,3998.0,744.0,2071.0,660.0,4.3836,139927.0,INLAND
-117.98,34.04,29.0,1468.0,310.0,1390.0,276.0,3.75,166091.0,<1H OCEAN
-120.14,36.04,27.0,2533.0,518.0,1371.0,461.0,2.9708,76422.0,INLAND
-117.96,33.65,23.0,5379.0,684.0,1826.0,555.0,7.0151,340497.02,<1H OCEAN
-121.78,37.34,21.0,1959.0,292.0,891.0,300.0,7.375,332806.03,<1H OCEAN
-117.81,33.73,17.0,1063.0,189.0,363.0,183.0,2.1719,171940.02,<1H OCEAN
-118.27,34.08,38.0,2265.0,801.0,2899.0,792.0,2.5521,189335.0,<1H OCEAN
-117.19,32.77,9.0,634.0,152.0,248.0,133.0,3.8571,203336.02,NEAR OCEAN
-118.28,34.11,46.0,1156.0,203.0,514.0,213.0,4.2019,302416.02,<1H OCEAN
-122.13,37.66,19.0,862.0,167.0,407.0,183.0,4.3456,209491.0,NEAR BAY
-117.36,33.97,32.0,1625.0,335.0,1212.0,327.0,2.7596,100525.0,INLAND
-118.56,34.22,34.0,1599.0,294.0,819.0,306.0,4.3194,220678.0,<1H OCEAN
-120.21,36.98,21.0,1667.0,303.0,861.0,276.0,2.6012,78717.0,INLAND
-118.15,33.78,12.0,4436.0,1133.0,2176.0,1002.0,3.5812,252132.01,NEAR OCEAN
-121.42,38.6,36.0,1327.0,209.0,613.0,230.0,3.8672,131711.0,INLAND
-118.18,33.77,37.0,2653.0,754.0,1087.0,698.0,2.3523,183085.0,NEAR OCEAN
-117.11,32.69,36.0,1421.0,367.0,1418.0,355.0,1.9425,88573.0,NEAR OCEAN
-118.42,34.29,34.0,1489.0,326.0,1389.0,313.0,3.4821,154035.0,<1H OCEAN
-118.74,34.05,19.0,3487.0,686.0,2782.0,584.0,7.9184,453919.6,NEAR OCEAN
-122.44,37.8,52.0,3149.0,719.0,1145.0,658.0,4.625,498376.92,NEAR BAY
-118.34,34.11,40.0,5485.0,1242.0,2034.0,1133.0,3.6974,365753.14,<1H OCEAN
-121.4,38.62,28.0,3671.0,886.0,1733.0,820.0,2.2292,113600.0,INLAND
-122.14,37.74,52.0,1071.0,201.0,440.0,192.0,4.0662,196583.0,NEAR BAY
-116.16,33.68,12.0,1230.0,277.0,1334.0,260.0,2.2679,72888.0,INLAND
-121.88,37.34,40.0,1547.0,625.0,1493.0,543.0,1.2887,208079.0,<1H OCEAN
-117.64,33.62,16.0,3970.0,771.0,1202.0,734.0,3.4115,224747.05,<1H OCEAN
-118.32,34.11,33.0,5135.0,1450.0,2404.0,1292.0,3.2462,317131.05,<1H OCEAN
-117.91,33.87,29.0,1121.0,,762.0,276.0,2.5,194565.01,<1H OCEAN
-118.05,33.99,42.0,2480.0,401.0,1085.0,438.0,5.193,265406.03,<1H OCEAN
-118.42,34.25,37.0,1545.0,341.0,1909.0,352.0,3.6791,153863.0,<1H OCEAN
-120.77,37.01,28.0,1689.0,378.0,1057.0,267.0,3.125,118061.0,INLAND
-118.35,34.18,46.0,1840.0,379.0,866.0,360.0,3.3056,241921.01,<1H OCEAN
-118.3,34.11,25.0,1590.0,218.0,568.0,206.0,8.4389,468548.71,<1H OCEAN
-117.93,33.87,10.0,1277.0,488.0,730.0,417.0,1.4803,157952.01,<1H OCEAN
-117.55,34.25,39.0,1578.0,317.0,872.0,322.0,4.555,163593.0,INLAND
-122.17,37.74,34.0,1223.0,281.0,824.0,280.0,2.2917,92071.0,NEAR BAY
-117.61,34.09,23.0,1945.0,362.0,1483.0,383.0,4.4205,146607.0,INLAND
-121.17,38.68,37.0,1252.0,267.0,686.0,256.0,3.0,116145.0,INLAND
-122.41,37.61,46.0,2975.0,643.0,1479.0,577.0,3.8214,278755.0,NEAR OCEAN
-118.46,34.3,32.0,2424.0,476.0,2291.0,419.0,4.0337,173498.0,<1H OCEAN
-122.7,38.35,16.0,1328.0,187.0,607.0,197.0,5.0366,226857.02,<1H OCEAN
-122.06,37.73,5.0,3596.0,467.0,1738.0,512.0,7.0568,347796.08,NEAR BAY
-121.81,38.45,24.0,1951.0,341.0,1140.0,338.0,3.7061,146029.0,INLAND
-117.65,34.14,9.0,3877.0,490.0,1815.0,490.0,8.4839,318502.0,INLAND
-122.45,37.72,52.0,982.0,197.0,653.0,171.0,4.2167,247017.0,NEAR BAY
-121.76,37.0,21.0,1416.0,269.0,779.0,200.0,3.1987,224558.01,<1H OCEAN
-122.44,37.66,21.0,5108.0,1510.0,3288.0,1405.0,3.1927,281711.0,NEAR OCEAN
-117.93,33.83,32.0,1792.0,411.0,1131.0,381.0,2.4942,182826.0,<1H OCEAN
-118.36,34.19,46.0,1676.0,322.0,846.0,295.0,5.1814,323058.02,<1H OCEAN
-122.24,37.79,27.0,1632.0,492.0,1171.0,429.0,2.3173,131789.0,NEAR BAY
-116.99,32.8,34.0,3657.0,538.0,1513.0,562.0,5.2907,200146.0,<1H OCEAN
-122.02,36.97,39.0,2124.0,661.0,1365.0,606.0,1.6642,217917.0,NEAR OCEAN
-117.85,33.78,23.0,3187.0,870.0,1977.0,852.0,3.3939,215377.0,<1H OCEAN
-122.2,37.96,9.0,6306.0,962.0,2581.0,911.0,6.7741,369418.15,NEAR BAY
-122.38,40.56,23.0,2281.0,408.0,1164.0,420.0,3.5347,102650.0,INLAND
-117.0,32.85,24.0,1888.0,319.0,950.0,319.0,5.282,184441.0,<1H OCEAN
-117.1,32.83,16.0,1049.0,154.0,467.0,160.0,6.2047,236835.0,<1H OCEAN
-118.18,33.78,36.0,1697.0,550.0,1379.0,434.0,1.2746,153304.0,NEAR OCEAN
-117.82,33.73,27.0,1270.0,258.0,809.0,264.0,5.0162,208966.0,<1H OCEAN
-120.46,34.63,48.0,1408.0,301.0,682.0,279.0,2.9271,203147.05,NEAR OCEAN
-118.73,36.01,14.0,3263.0,651.0,1910.0,594.0,2.8603,83255.0,INLAND
-119.7,36.83,23.0,3532.0,756.0,1885.0,758.0,2.5904,92059.0,INLAND
-118.32,34.05,50.0,1389.0,364.0,976.0,302.0,1.5882,207593.0,<1H OCEAN
-119.1,36.4,31.0,1533.0,361.0,1518.0,386.0,1.5608,49603.0,INLAND
-118.22,33.83,44.0,1792.0,404.0,1115.0,358.0,3.9091,174786.0,<1H OCEAN
-118.98,37.65,18.0,1795.0,416.0,483.0,208.0,4.5375,139713.0,INLAND
-123.02,38.81,45.0,1717.0,389.0,916.0,367.0,3.2425,139722.0,<1H OCEAN
-122.06,37.38,20.0,4293.0,1272.0,2389.0,1210.0,4.2719,313234.12,NEAR BAY
-122.3,37.88,45.0,453.0,146.0,749.0,137.0,1.475,167456.05,NEAR BAY
-121.54,39.6,15.0,886.0,204.0,576.0,205.0,2.1467,86878.0,INLAND
-121.53,38.48,5.0,27870.0,5027.0,11935.0,4855.0,4.8811,176707.0,INLAND
-118.26,33.95,38.0,1387.0,346.0,1240.0,355.0,1.6898,95807.0,<1H OCEAN
-117.73,34.12,26.0,6459.0,894.0,2487.0,885.0,6.2089,244856.0,INLAND
-122.0,37.36,17.0,6012.0,1737.0,3539.0,1625.0,3.8464,274532.04,<1H OCEAN
-115.49,32.67,24.0,1266.0,275.0,1083.0,298.0,1.4828,70056.0,INLAND
-118.28,34.09,49.0,3828.0,1197.0,2862.0,1009.0,2.4677,243553.01,<1H OCEAN
-118.39,33.86,28.0,3619.0,764.0,1735.0,789.0,6.1404,399280.15,<1H OCEAN
-117.15,34.06,25.0,3670.0,644.0,1815.0,634.0,4.0658,125931.0,INLAND
-122.29,37.94,20.0,7578.0,1426.0,3637.0,1362.0,4.4387,210776.02,NEAR BAY
-118.55,34.2,21.0,2549.0,651.0,1624.0,628.0,3.6905,230245.0,<1H OCEAN
-118.15,33.93,42.0,1839.0,346.0,1034.0,339.0,4.9808,213835.0,<1H OCEAN
-121.18,37.99,31.0,2450.0,559.0,1459.0,478.0,2.4674,106375.0,INLAND
-122.24,37.8,52.0,996.0,228.0,731.0,228.0,2.2697,137173.0,NEAR BAY
-116.11,33.64,20.0,1273.0,354.0,1548.0,355.0,2.0871,63291.0,INLAND
-118.31,34.02,52.0,1832.0,441.0,1186.0,420.0,1.2434,120600.0,<1H OCEAN
-118.55,33.99,39.0,2603.0,456.0,928.0,410.0,7.9096,483767.63,NEAR OCEAN
-121.34,38.55,11.0,2838.0,498.0,1701.0,504.0,4.1447,156653.0,INLAND
-121.09,37.33,40.0,524.0,112.0,329.0,96.0,1.7188,89830.0,INLAND
-118.13,34.01,40.0,2412.0,629.0,2119.0,600.0,2.075,154561.0,<1H OCEAN
-122.26,38.1,30.0,3317.0,1058.0,1794.0,990.0,1.1835,138487.01,NEAR BAY
-123.91,41.68,22.0,1880.0,360.0,743.0,314.0,2.9688,109227.0,<1H OCEAN
-117.91,33.83,32.0,1855.0,527.0,2568.0,504.0,2.5509,167508.0,<1H OCEAN
-117.28,32.77,38.0,1267.0,340.0,442.0,250.0,4.3403,369223.24,NEAR OCEAN
-118.24,33.92,44.0,1079.0,210.0,601.0,182.0,2.2411,111965.0,<1H OCEAN
-118.75,34.17,16.0,2950.0,387.0,1228.0,379.0,5.3749,290996.05,NEAR OCEAN
-119.81,36.28,24.0,544.0,112.0,442.0,106.0,3.1071,98632.0,INLAND
-121.4,39.33,15.0,2655.0,493.0,1200.0,432.0,3.5179,122319.0,INLAND
-118.04,34.07,52.0,177.0,59.0,269.0,75.0,2.3611,231493.16,<1H OCEAN
-117.71,34.1,52.0,567.0,152.0,2688.0,126.0,1.875,102795.0,INLAND
-118.18,33.88,42.0,2326.0,503.0,1832.0,501.0,3.1713,153371.0,<1H OCEAN
-118.36,33.87,22.0,2114.0,541.0,1300.0,538.0,3.4208,261391.0,<1H OCEAN
-118.05,34.08,25.0,4909.0,1422.0,4983.0,1293.0,2.7254,182823.0,<1H OCEAN
-121.36,38.0,17.0,4535.0,762.0,1562.0,743.0,5.3224,217123.0,INLAND
-117.8,33.74,33.0,2890.0,453.0,1300.0,452.0,6.5616,344842.1,<1H OCEAN
-121.31,37.96,52.0,2654.0,468.0,1157.0,494.0,3.226,122034.0,INLAND
-117.26,34.53,10.0,3103.0,520.0,1283.0,464.0,3.071,103423.0,INLAND
-118.31,34.01,48.0,2544.0,532.0,1357.0,498.0,2.5263,140412.0,<1H OCEAN
-117.69,33.64,18.0,3783.0,654.0,1843.0,623.0,5.7559,245150.0,<1H OCEAN
-122.12,39.91,16.0,4006.0,797.0,2028.0,752.0,2.3929,88738.0,INLAND
-118.07,33.98,32.0,3304.0,714.0,2032.0,690.0,3.2093,183562.0,<1H OCEAN
-121.79,37.33,13.0,2978.0,505.0,1794.0,485.0,6.6813,311063.01,<1H OCEAN
-118.08,34.14,52.0,1282.0,189.0,431.0,187.0,6.1159,350801.06,INLAND
-116.97,33.75,22.0,3740.0,965.0,2011.0,824.0,1.3039,88340.0,INLAND
-121.9,37.45,16.0,2952.0,446.0,1525.0,460.0,5.6063,248798.0,<1H OCEAN
-120.46,37.31,35.0,2042.0,378.0,953.0,356.0,2.7344,86705.0,INLAND
-122.41,40.53,28.0,1127.0,245.0,538.0,208.0,2.037,70386.0,INLAND
-118.42,34.28,29.0,1271.0,272.0,1338.0,266.0,4.125,170283.0,<1H OCEAN
-122.1,40.05,26.0,633.0,129.0,305.0,140.0,2.1827,70593.0,INLAND
-118.06,33.98,38.0,1862.0,319.0,975.0,305.0,4.7266,210773.0,<1H OCEAN
-121.03,39.14,10.0,3138.0,524.0,1275.0,511.0,4.0775,179897.0,INLAND
-119.71,36.79,34.0,1891.0,323.0,966.0,355.0,3.6681,91060.0,INLAND
-117.69,34.0,28.0,707.0,154.0,561.0,129.0,2.5781,155150.0,INLAND
-122.01,37.59,2.0,838.0,295.0,240.0,149.0,2.875,232755.04,NEAR BAY
-115.88,32.93,15.0,208.0,49.0,51.0,20.0,4.0208,186248.04,INLAND
-121.74,39.15,20.0,2302.0,412.0,1205.0,399.0,2.8,106087.0,INLAND
-117.3,34.13,52.0,1859.0,395.0,968.0,333.0,1.2034,77204.0,INLAND
-117.95,33.85,13.0,6963.0,1426.0,3892.0,1375.0,4.1325,205255.0,<1H OCEAN
-122.35,37.93,39.0,2002.0,416.0,1166.0,395.0,1.7257,92974.0,NEAR BAY
-120.72,37.38,22.0,1311.0,319.0,1455.0,340.0,2.2813,86424.0,INLAND
-121.09,37.56,32.0,1717.0,325.0,1356.0,307.0,2.6705,99957.0,INLAND
-120.33,37.97,17.0,2530.0,526.0,1024.0,496.0,2.0057,113593.0,INLAND
-117.34,33.94,13.0,7910.0,,3382.0,1176.0,5.5563,200331.0,INLAND
-119.91,34.4,24.0,2001.0,365.0,1170.0,330.0,6.0992,333210.03,NEAR OCEAN
-121.59,39.1,24.0,1107.0,261.0,768.0,205.0,1.7167,74759.0,INLAND
-119.83,36.79,35.0,1872.0,363.0,1054.0,369.0,3.3272,87385.0,INLAND
-116.92,32.81,23.0,2668.0,528.0,1510.0,524.0,3.3669,162384.0,<1H OCEAN
-121.93,37.27,35.0,1855.0,345.0,985.0,329.0,6.0196,311495.0,<1H OCEAN
-118.46,34.07,49.0,2418.0,301.0,850.0,318.0,14.2867,500001.0,<1H OCEAN
-120.98,37.64,45.0,1913.0,335.0,839.0,333.0,3.1397,121690.0,INLAND
-121.76,37.7,9.0,3980.0,736.0,1705.0,679.0,5.7068,234887.0,INLAND
-122.06,37.67,22.0,3882.0,816.0,1830.0,743.0,4.2733,224788.0,NEAR BAY
-122.77,38.33,32.0,2054.0,324.0,843.0,306.0,4.5875,254068.0,<1H OCEAN
-117.21,34.12,32.0,1677.0,354.0,1021.0,339.0,3.6853,105336.0,INLAND
-117.66,34.14,8.0,1692.0,253.0,857.0,251.0,6.9418,275320.0,INLAND
-120.89,37.21,25.0,3301.0,678.0,994.0,306.0,3.2262,134633.0,INLAND
-120.4,34.85,26.0,2384.0,385.0,1323.0,400.0,4.8185,208974.01,<1H OCEAN
-118.33,33.89,42.0,1816.0,338.0,897.0,306.0,5.1874,252821.04,<1H OCEAN
-121.89,37.28,32.0,4308.0,717.0,2002.0,695.0,4.1645,236836.0,<1H OCEAN
-118.35,33.89,29.0,2940.0,708.0,2175.0,684.0,3.6486,233294.0,<1H OCEAN
-122.66,38.81,22.0,852.0,176.0,461.0,142.0,3.4375,128823.0,INLAND
-117.76,33.53,24.0,2105.0,346.0,712.0,332.0,10.6349,497312.89,<1H OCEAN
-117.9,33.74,25.0,808.0,163.0,1066.0,189.0,4.7679,183399.0,<1H OCEAN
-118.3,33.88,35.0,3227.0,749.0,1881.0,696.0,2.8445,214163.0,<1H OCEAN
-118.87,35.65,33.0,1504.0,325.0,584.0,223.0,3.4792,86783.0,INLAND
-119.28,36.35,7.0,3598.0,701.0,2080.0,678.0,3.1111,87616.0,INLAND
-117.31,32.98,17.0,2789.0,648.0,849.0,345.0,4.1012,290168.05,NEAR OCEAN
-119.83,34.45,24.0,2168.0,373.0,934.0,366.0,5.4197,318901.0,NEAR OCEAN
-121.26,37.98,41.0,1633.0,433.0,885.0,413.0,0.9782,67045.0,INLAND
-122.3,38.3,44.0,3690.0,809.0,1922.0,736.0,2.6346,155388.0,NEAR BAY
-118.34,33.88,31.0,3122.0,727.0,1885.0,715.0,3.8657,255831.0,<1H OCEAN
-117.13,32.8,35.0,2129.0,382.0,1044.0,350.0,3.9732,172380.01,NEAR OCEAN
-117.5,33.92,31.0,2529.0,513.0,1504.0,426.0,2.9821,120267.0,INLAND
-118.2,34.02,48.0,2230.0,593.0,2419.0,598.0,2.3944,141235.0,<1H OCEAN
-118.28,33.99,38.0,1454.0,323.0,1098.0,297.0,1.5109,98685.0,<1H OCEAN
-121.94,37.83,11.0,2836.0,373.0,959.0,335.0,10.5815,453965.69,INLAND
-122.19,37.8,48.0,1694.0,259.0,610.0,238.0,4.744,228724.0,NEAR BAY
-118.25,33.9,37.0,2119.0,442.0,1372.0,406.0,1.9605,103808.0,<1H OCEAN
-118.25,33.79,38.0,1730.0,460.0,1724.0,424.0,2.7308,154264.0,NEAR OCEAN
-121.06,38.88,17.0,7635.0,1284.0,3096.0,1227.0,4.2917,180594.0,INLAND
-122.19,39.53,34.0,2679.0,533.0,1287.0,505.0,2.165,65660.0,INLAND
-117.2,32.83,36.0,1089.0,240.0,623.0,226.0,2.5909,216886.0,NEAR OCEAN
-117.86,33.79,31.0,3523.0,922.0,2660.0,949.0,3.1792,196472.0,<1H OCEAN
-124.01,40.89,28.0,1470.0,336.0,811.0,314.0,2.4559,92635.0,<1H OCEAN
-120.2,34.61,15.0,2958.0,690.0,1348.0,617.0,3.8582,239702.01,NEAR OCEAN
-120.97,37.63,39.0,2360.0,607.0,2047.0,605.0,1.7054,74044.0,INLAND
-121.62,37.09,37.0,1593.0,303.0,1030.0,287.0,3.9306,225978.0,<1H OCEAN
-117.17,32.81,26.0,2424.0,388.0,974.0,375.0,4.739,208629.0,NEAR OCEAN
-117.09,32.76,31.0,1235.0,387.0,816.0,397.0,1.5517,129981.0,NEAR OCEAN
-122.24,37.81,52.0,1490.0,238.0,634.0,256.0,6.0302,360212.06,NEAR BAY
-121.34,38.58,18.0,1631.0,228.0,599.0,228.0,7.8031,262833.0,INLAND
-118.28,34.03,26.0,2107.0,809.0,2821.0,572.0,0.844,184380.01,<1H OCEAN
-121.88,37.41,23.0,3224.0,652.0,2183.0,655.0,4.3807,201365.0,<1H OCEAN
-117.11,33.15,14.0,8374.0,1407.0,2916.0,1295.0,4.7019,207647.0,<1H OCEAN
-118.32,33.98,44.0,1448.0,314.0,861.0,310.0,2.2396,125759.0,<1H OCEAN
-122.05,37.31,25.0,4601.0,696.0,2003.0,666.0,8.0727,417196.19,<1H OCEAN
-122.3,38.28,31.0,1633.0,316.0,944.0,300.0,3.3977,142416.0,NEAR BAY
-121.43,38.62,36.0,1765.0,438.0,1008.0,382.0,2.0639,80615.0,INLAND
-123.23,39.77,25.0,2075.0,435.0,991.0,377.0,1.2281,68877.0,INLAND
-116.95,33.79,20.0,2399.0,546.0,1726.0,542.0,1.8845,85606.0,INLAND
-121.01,37.7,12.0,9148.0,1906.0,4656.0,1853.0,3.2447,137557.0,INLAND
-121.2,38.36,14.0,2634.0,463.0,1402.0,432.0,3.8897,150696.0,INLAND
-118.15,33.92,40.0,1335.0,281.0,804.0,282.0,4.3194,190175.0,<1H OCEAN
-122.08,37.39,44.0,1498.0,430.0,848.0,400.0,2.8438,209474.0,NEAR BAY
-121.24,37.96,37.0,1175.0,260.0,951.0,267.0,2.875,84833.0,INLAND
-118.02,33.77,33.0,2683.0,436.0,1520.0,456.0,5.0091,236437.0,<1H OCEAN
-121.3,38.14,17.0,3507.0,696.0,1867.0,709.0,3.2123,114206.0,INLAND
-118.27,33.99,30.0,504.0,140.0,529.0,123.0,1.9531,103408.0,<1H OCEAN
-119.95,37.47,32.0,1312.0,315.0,600.0,265.0,1.5,94453.0,INLAND
-122.04,38.25,52.0,582.0,131.0,241.0,106.0,2.4,115808.0,INLAND
-121.84,37.4,25.0,1866.0,271.0,840.0,275.0,6.8677,318627.01,<1H OCEAN
-117.91,33.87,52.0,2031.0,506.0,1191.0,463.0,2.9076,194434.01,<1H OCEAN
-117.94,33.88,35.0,1694.0,296.0,679.0,282.0,4.3333,220438.0,<1H OCEAN
-119.01,35.44,20.0,3458.0,651.0,1465.0,621.0,2.5806,85428.0,INLAND
-121.44,39.5,26.0,1652.0,325.0,790.0,292.0,3.0446,79885.0,INLAND
-122.25,40.15,15.0,1677.0,346.0,858.0,327.0,2.4375,95699.0,INLAND
-118.16,33.84,36.0,2444.0,432.0,1199.0,424.0,4.1538,221051.01,<1H OCEAN
-118.3,33.89,37.0,2132.0,565.0,1369.0,565.0,3.285,189391.0,<1H OCEAN
-117.66,33.46,26.0,2073.0,370.0,952.0,340.0,5.0877,278566.02,<1H OCEAN
-118.32,34.11,42.0,2462.0,543.0,857.0,482.0,4.0833,410201.29,<1H OCEAN
-122.68,38.44,36.0,1311.0,259.0,648.0,268.0,3.4545,173648.0,<1H OCEAN
-121.84,39.73,52.0,957.0,263.0,513.0,223.0,1.3672,87019.0,INLAND
-121.26,37.93,33.0,2109.0,531.0,2248.0,588.0,1.4583,69097.0,INLAND
-118.19,34.05,46.0,1051.0,302.0,1435.0,305.0,1.6667,133769.0,<1H OCEAN
-117.74,34.07,42.0,2504.0,553.0,1550.0,509.0,3.0294,127152.0,INLAND
-121.62,39.15,23.0,1984.0,528.0,1043.0,452.0,1.9375,85398.0,INLAND
-118.92,35.38,33.0,3122.0,579.0,1733.0,545.0,3.8307,87229.0,INLAND
-122.72,38.42,26.0,1168.0,253.0,937.0,248.0,1.9458,149295.0,<1H OCEAN
-122.01,38.25,16.0,1081.0,181.0,792.0,184.0,4.6779,203744.0,INLAND
-118.18,33.83,39.0,3622.0,745.0,1330.0,648.0,3.3125,289839.01,NEAR OCEAN
-119.78,34.45,23.0,2077.0,306.0,705.0,256.0,6.4744,317883.03,NEAR OCEAN
-118.29,34.09,35.0,2624.0,1116.0,3548.0,1008.0,2.0132,210747.0,<1H OCEAN
-122.47,37.78,52.0,2042.0,378.0,1153.0,408.0,4.1856,402412.02,NEAR BAY
-122.36,37.94,26.0,1540.0,343.0,1007.0,338.0,1.3365,93938.0,NEAR BAY
-117.68,33.51,19.0,2930.0,428.0,1481.0,430.0,6.323,294321.0,<1H OCEAN
-117.61,33.42,31.0,3959.0,856.0,1919.0,775.0,4.0313,293216.03,NEAR OCEAN
-121.9,37.67,15.0,2130.0,273.0,876.0,285.0,7.2639,324253.02,<1H OCEAN
-118.14,33.77,51.0,2812.0,621.0,1171.0,566.0,3.875,381240.02,NEAR OCEAN
-122.42,37.77,52.0,1176.0,493.0,1136.0,436.0,1.375,221629.03,NEAR BAY
-118.12,34.0,31.0,3281.0,768.0,2385.0,733.0,2.7308,183019.0,<1H OCEAN
-121.43,38.58,35.0,5298.0,954.0,1933.0,918.0,3.9167,154220.0,INLAND
-118.17,33.96,25.0,3297.0,1066.0,5027.0,1041.0,2.2817,153890.0,<1H OCEAN
-122.13,37.72,26.0,2862.0,394.0,1030.0,397.0,7.912,424114.07,NEAR BAY
-118.3,33.97,42.0,944.0,200.0,567.0,190.0,2.6311,130899.0,<1H OCEAN
-121.87,37.41,24.0,3308.0,548.0,1891.0,544.0,5.6683,247795.0,<1H OCEAN
-123.36,39.01,35.0,1551.0,321.0,857.0,288.0,2.7232,120793.0,<1H OCEAN
-122.41,37.8,52.0,3260.0,1535.0,3260.0,1457.0,0.9,288234.22,NEAR BAY
-121.99,36.99,29.0,3119.0,507.0,1476.0,487.0,5.8123,382951.32,NEAR OCEAN
-119.05,35.42,35.0,2353.0,483.0,1368.0,455.0,2.325,64605.0,INLAND
-116.9,34.25,16.0,3018.0,523.0,556.0,244.0,3.5288,143848.0,INLAND
-118.35,33.99,48.0,2741.0,439.0,1115.0,459.0,5.0514,251760.02,<1H OCEAN
-122.04,36.95,36.0,1862.0,364.0,1080.0,364.0,4.4567,248106.01,NEAR OCEAN
-122.01,36.95,52.0,1217.0,325.0,508.0,237.0,2.0547,234168.0,NEAR OCEAN
-122.02,37.95,25.0,1205.0,260.0,608.0,272.0,2.4519,165563.0,NEAR BAY
-118.05,33.87,18.0,4928.0,773.0,2952.0,754.0,5.8855,304998.05,<1H OCEAN
-116.93,32.79,19.0,3354.0,,1948.0,682.0,3.0192,168553.0,<1H OCEAN
-117.22,34.12,30.0,2512.0,597.0,1390.0,523.0,2.3725,85780.0,INLAND
-119.83,36.79,24.0,3505.0,819.0,2098.0,774.0,1.9575,67134.0,INLAND
-118.28,33.96,34.0,2074.0,562.0,1913.0,514.0,1.6156,98377.0,<1H OCEAN
-119.71,36.82,12.0,2144.0,568.0,1320.0,566.0,2.3381,77223.0,INLAND
-118.27,33.96,38.0,977.0,295.0,1073.0,292.0,1.0208,94554.0,<1H OCEAN
-118.26,33.89,36.0,2230.0,417.0,1395.0,381.0,2.8493,128306.0,<1H OCEAN
-122.48,37.74,52.0,2166.0,423.0,1072.0,370.0,4.131,322906.01,NEAR OCEAN
-118.08,34.12,34.0,2921.0,641.0,1541.0,562.0,3.6827,237486.0,<1H OCEAN
-118.0,33.81,13.0,2782.0,605.0,1749.0,628.0,4.1276,187880.0,<1H OCEAN
-118.2,33.98,43.0,1091.0,320.0,1418.0,316.0,2.1522,152364.0,<1H OCEAN
-118.3,34.01,52.0,1908.0,428.0,1271.0,394.0,2.5885,126470.0,<1H OCEAN
-122.44,37.76,38.0,2202.0,452.0,833.0,435.0,6.8939,403549.28,NEAR BAY
-117.94,33.62,28.0,1765.0,390.0,832.0,349.0,6.5928,417479.24,<1H OCEAN
-121.48,38.53,43.0,1378.0,280.0,708.0,280.0,2.3542,100781.0,INLAND
-117.32,34.1,27.0,2053.0,461.0,1737.0,463.0,3.1213,104553.0,INLAND
-122.1,37.89,21.0,3282.0,653.0,1398.0,601.0,5.2079,301499.03,NEAR BAY
-117.97,33.92,24.0,2017.0,416.0,900.0,436.0,3.0,181059.0,<1H OCEAN
-118.3,34.06,21.0,3960.0,1490.0,3468.0,1335.0,1.8214,257998.04,<1H OCEAN
-117.91,33.72,32.0,2436.0,504.0,2839.0,516.0,4.5607,189887.01,<1H OCEAN
-118.33,34.04,33.0,1806.0,444.0,1161.0,393.0,2.5927,180138.0,<1H OCEAN
-121.47,38.55,52.0,1384.0,295.0,561.0,244.0,2.0242,103116.0,INLAND
-117.82,33.68,3.0,3068.0,494.0,1357.0,486.0,7.9187,346853.05,<1H OCEAN
-117.94,33.82,29.0,1422.0,409.0,1057.0,390.0,2.3347,181605.0,<1H OCEAN
-122.28,37.86,52.0,938.0,195.0,393.0,189.0,3.8594,207499.0,NEAR BAY
-117.64,33.45,27.0,334.0,56.0,130.0,46.0,4.875,299583.07,NEAR OCEAN
-122.13,39.0,23.0,3832.0,774.0,2435.0,747.0,2.2754,85739.0,INLAND
-118.44,34.2,28.0,1732.0,435.0,1198.0,417.0,2.9219,205964.0,<1H OCEAN
-119.58,36.77,19.0,3225.0,548.0,1760.0,542.0,4.0227,95791.0,INLAND
-118.28,33.99,37.0,1971.0,513.0,1673.0,464.0,1.4625,99471.0,<1H OCEAN
-121.4,38.55,26.0,2697.0,398.0,1088.0,389.0,5.0,159237.0,INLAND
-118.21,33.84,28.0,822.0,205.0,627.0,192.0,3.4583,161454.0,<1H OCEAN
-119.01,35.36,38.0,1838.0,388.0,1203.0,373.0,1.6797,57453.0,INLAND
-117.63,34.02,13.0,4864.0,729.0,2780.0,723.0,5.6168,197143.0,INLAND
-118.18,33.77,36.0,1833.0,688.0,1128.0,620.0,1.1483,151761.0,NEAR OCEAN
-118.32,34.02,51.0,2010.0,460.0,1355.0,433.0,2.0304,120858.0,<1H OCEAN
-121.49,38.53,42.0,1468.0,281.0,571.0,271.0,3.3906,108024.0,INLAND
-120.39,38.0,33.0,2177.0,404.0,891.0,383.0,3.212,111487.0,INLAND
-118.21,34.05,26.0,745.0,258.0,694.0,236.0,1.3846,163051.0,<1H OCEAN
-118.22,33.94,42.0,1046.0,287.0,1218.0,289.0,2.6538,129840.0,<1H OCEAN
-118.19,33.91,33.0,915.0,225.0,826.0,212.0,2.7708,129006.0,<1H OCEAN
-118.41,34.01,26.0,2503.0,449.0,1218.0,426.0,5.3683,412309.24,<1H OCEAN
-118.12,34.14,25.0,3420.0,977.0,1718.0,947.0,3.1033,215915.0,<1H OCEAN
-122.34,37.57,28.0,3751.0,949.0,1691.0,846.0,3.9728,364917.0,NEAR OCEAN
-122.53,38.32,22.0,3577.0,,1371.0,501.0,5.795,289793.02,<1H OCEAN
-121.62,36.43,20.0,1335.0,290.0,717.0,243.0,4.7891,244341.0,<1H OCEAN
-117.87,33.72,37.0,2216.0,497.0,2445.0,506.0,3.8421,175032.0,<1H OCEAN
-120.69,35.52,26.0,2758.0,571.0,1291.0,522.0,2.925,176110.0,<1H OCEAN
-121.87,37.66,27.0,1569.0,242.0,583.0,214.0,5.7519,303904.0,INLAND
-117.73,33.51,5.0,4549.0,786.0,1238.0,632.0,6.1785,356283.14,<1H OCEAN
-121.99,37.33,35.0,1802.0,291.0,841.0,315.0,4.8365,262024.0,<1H OCEAN
-122.01,37.06,19.0,4113.0,767.0,2006.0,732.0,5.1121,323181.04,NEAR OCEAN
-119.64,37.61,30.0,2857.0,661.0,291.0,135.0,2.6838,124075.0,INLAND
-117.23,32.75,23.0,2415.0,653.0,1275.0,596.0,3.1389,236453.0,NEAR OCEAN
-117.16,32.89,5.0,8576.0,1952.0,5006.0,1827.0,4.3598,210655.0,<1H OCEAN
-117.98,33.76,24.0,1880.0,405.0,967.0,418.0,4.4545,208898.0,<1H OCEAN
-118.07,34.11,47.0,832.0,194.0,419.0,156.0,3.1576,232052.01,<1H OCEAN
-122.45,37.78,45.0,2747.0,699.0,1320.0,693.0,3.1576,371526.13,NEAR BAY
-122.22,38.08,37.0,2811.0,,1574.0,516.0,3.1053,119591.0,NEAR BAY
-118.25,34.0,32.0,1218.0,342.0,1292.0,304.0,1.5781,105540.0,<1H OCEAN
-121.96,36.99,23.0,3209.0,748.0,1423.0,666.0,2.7375,230047.0,NEAR OCEAN
-118.28,34.25,35.0,2045.0,450.0,1166.0,407.0,3.5214,218608.0,<1H OCEAN
-118.38,34.3,39.0,1622.0,355.0,903.0,314.0,4.1125,200826.0,<1H OCEAN
-118.37,34.08,22.0,3008.0,938.0,1224.0,816.0,3.2149,359125.09,<1H OCEAN
-121.33,38.7,15.0,2226.0,421.0,1004.0,417.0,2.7868,132044.0,INLAND
-118.08,34.14,42.0,2690.0,589.0,1149.0,535.0,3.88,289063.0,INLAND
-122.26,38.16,23.0,2840.0,491.0,1586.0,466.0,4.0337,145463.0,NEAR BAY
-118.43,34.29,50.0,1181.0,265.0,1196.0,269.0,3.2095,216634.04,<1H OCEAN
-122.44,37.76,30.0,5089.0,1210.0,1935.0,1139.0,4.6053,402848.18,NEAR BAY
-120.86,37.77,28.0,1208.0,232.0,535.0,232.0,2.3523,99951.0,INLAND
-117.89,33.82,21.0,1591.0,298.0,904.0,297.0,4.8906,212873.0,<1H OCEAN
-121.37,38.6,36.0,1119.0,144.0,414.0,150.0,5.8336,215117.0,INLAND
-118.14,33.95,42.0,1413.0,228.0,630.0,219.0,6.8564,435574.42,<1H OCEAN
-122.07,37.66,21.0,5031.0,1168.0,2461.0,1042.0,3.875,227111.01,NEAR BAY
-118.56,34.41,4.0,17313.0,3224.0,6902.0,2707.0,5.6798,285846.04,<1H OCEAN
-121.88,37.27,24.0,4567.0,688.0,2102.0,695.0,5.6895,263498.0,<1H OCEAN
-122.2,37.77,39.0,2689.0,597.0,1888.0,537.0,2.2562,110499.0,NEAR BAY
-118.34,34.17,49.0,3033.0,580.0,1284.0,561.0,4.1161,279758.04,<1H OCEAN
-122.43,37.61,21.0,10252.0,2595.0,4790.0,2428.0,4.1692,328656.03,NEAR OCEAN
-117.99,33.68,13.0,4000.0,883.0,1999.0,881.0,4.7245,253721.0,<1H OCEAN
-121.91,37.33,52.0,2212.0,563.0,1195.0,532.0,2.894,201592.0,<1H OCEAN
-118.32,33.88,37.0,1402.0,254.0,722.0,251.0,6.4781,403238.24,<1H OCEAN
-122.05,37.97,16.0,60.0,10.0,65.0,19.0,6.1359,228663.0,NEAR BAY
-122.2,39.75,18.0,2603.0,576.0,1616.0,588.0,2.0192,72974.0,INLAND
-123.85,39.42,11.0,1804.0,506.0,895.0,451.0,1.7574,98165.0,<1H OCEAN
-118.9,34.2,16.0,6510.0,817.0,2304.0,778.0,7.9943,409158.06,<1H OCEAN
-120.86,37.6,25.0,1178.0,206.0,709.0,214.0,4.5625,154433.0,INLAND
-122.26,38.57,22.0,509.0,103.0,139.0,73.0,2.1979,118651.99,INLAND
-118.36,33.9,42.0,1935.0,388.0,1136.0,379.0,4.74,231475.0,<1H OCEAN
-117.57,33.9,7.0,3797.0,850.0,2369.0,720.0,3.5525,146613.0,INLAND
-119.69,34.43,37.0,2801.0,497.0,1150.0,476.0,5.8311,391192.21,<1H OCEAN
-121.92,36.56,39.0,2144.0,538.0,749.0,419.0,2.7039,266311.02,NEAR OCEAN
-121.47,38.61,35.0,1372.0,360.0,850.0,328.0,1.6331,69788.0,INLAND
-118.4,34.1,27.0,3979.0,510.0,1351.0,520.0,15.0001,500001.0,<1H OCEAN
-119.87,36.83,4.0,4833.0,784.0,2088.0,789.0,5.1781,143668.0,INLAND
-120.42,34.94,32.0,2844.0,551.0,1337.0,516.0,2.7188,147651.0,<1H OCEAN
-121.27,38.05,26.0,378.0,75.0,164.0,65.0,3.4107,135812.0,INLAND
-118.15,33.85,36.0,1435.0,249.0,606.0,234.0,4.1439,215352.0,<1H OCEAN
-122.2,37.9,36.0,2107.0,287.0,740.0,280.0,10.3416,494206.93,NEAR BAY
-118.16,33.78,14.0,1709.0,558.0,1939.0,520.0,1.9808,155075.0,NEAR OCEAN
-122.38,37.59,49.0,1657.0,266.0,613.0,270.0,5.7837,396631.25,NEAR OCEAN
-118.2,33.9,26.0,1000.0,275.0,1178.0,263.0,2.12,119364.0,<1H OCEAN
-118.23,33.91,33.0,677.0,182.0,984.0,174.0,2.5893,103146.0,<1H OCEAN
-121.4,38.63,31.0,1540.0,452.0,1079.0,444.0,1.8571,74830.0,INLAND
-121.82,37.81,12.0,4711.0,659.0,2089.0,621.0,8.3209,327747.04,INLAND
-118.29,34.08,43.0,3056.0,1345.0,3920.0,1304.0,1.925,211566.0,<1H OCEAN
-118.55,34.17,36.0,2127.0,297.0,761.0,274.0,7.8392,485309.8,<1H OCEAN
-117.85,33.81,32.0,1766.0,322.0,876.0,330.0,4.0417,220854.0,<1H OCEAN
-117.83,33.81,28.0,1972.0,315.0,970.0,326.0,5.4298,237739.0,<1H OCEAN
-122.47,37.74,52.0,1538.0,305.0,819.0,319.0,4.0846,311524.0,NEAR BAY
-120.18,34.75,17.0,2074.0,382.0,1035.0,359.0,3.7958,197094.0,<1H OCEAN
-116.99,33.2,17.0,2980.0,539.0,1531.0,505.0,3.1553,203055.0,<1H OCEAN
-121.76,38.55,23.0,8800.0,1857.0,6330.0,1832.0,2.065,110342.0,INLAND
-118.36,33.86,35.0,2126.0,434.0,1044.0,433.0,5.5456,331446.03,<1H OCEAN
-119.72,36.32,40.0,1185.0,221.0,676.0,256.0,2.2721,61945.0,INLAND
-117.12,32.59,28.0,2793.0,706.0,1825.0,676.0,2.6724,152222.0,NEAR OCEAN
-122.26,37.54,5.0,3264.0,442.0,1607.0,453.0,9.1415,462964.47,NEAR BAY
-117.58,34.1,4.0,6360.0,1584.0,3359.0,1396.0,3.5186,147454.0,INLAND
-122.2,37.47,40.0,2959.0,389.0,985.0,365.0,9.9025,500001.0,NEAR BAY
-116.9,34.69,10.0,337.0,102.0,108.0,50.0,0.4999,266652.4,INLAND
-120.84,38.81,11.0,1280.0,286.0,609.0,248.0,3.1635,138552.0,INLAND
-117.37,33.97,34.0,3676.0,697.0,2653.0,682.0,2.5804,104434.0,INLAND
-117.02,32.71,30.0,3187.0,592.0,2082.0,631.0,3.5388,124014.0,NEAR OCEAN
-118.21,33.92,37.0,1705.0,403.0,1839.0,410.0,2.5833,126378.0,<1H OCEAN
-121.64,40.9,24.0,2237.0,434.0,834.0,318.0,1.7538,70106.0,INLAND
-117.23,32.86,16.0,1675.0,354.0,604.0,332.0,5.2326,275393.06,NEAR OCEAN
-122.92,38.97,20.0,2067.0,384.0,904.0,333.0,2.9934,143348.0,<1H OCEAN
-118.36,34.09,34.0,2832.0,883.0,1594.0,843.0,1.7558,268044.03,<1H OCEAN
-117.9,33.74,19.0,1566.0,379.0,1032.0,330.0,2.2105,172867.0,<1H OCEAN
-121.02,39.27,52.0,3720.0,707.0,1424.0,609.0,3.2,145144.0,INLAND
-122.19,37.76,52.0,2024.0,391.0,1030.0,350.0,2.4659,109238.0,NEAR BAY
-122.15,37.67,35.0,2472.0,398.0,1171.0,390.0,5.5797,278144.0,NEAR BAY
-119.18,34.16,12.0,460.0,101.0,405.0,103.0,5.2783,340213.16,NEAR OCEAN
-122.53,37.93,37.0,1722.0,352.0,648.0,337.0,4.125,354527.04,NEAR BAY
-117.67,33.55,6.0,3157.0,721.0,1695.0,710.0,3.7609,185812.0,<1H OCEAN
-119.85,36.82,15.0,1387.0,236.0,638.0,195.0,5.5842,148734.0,INLAND
-118.57,34.15,22.0,5791.0,706.0,2059.0,673.0,10.9201,500001.0,<1H OCEAN
-117.88,33.83,22.0,3522.0,543.0,1706.0,524.0,6.4685,269386.01,<1H OCEAN
-118.33,34.1,43.0,2732.0,1646.0,3049.0,1429.0,1.3157,277188.1,<1H OCEAN
-117.8,33.75,29.0,3058.0,488.0,1197.0,474.0,5.3903,277145.02,<1H OCEAN
-117.2,34.26,17.0,9419.0,1455.0,1382.0,459.0,6.2233,226235.0,INLAND
-117.68,33.65,6.0,10395.0,1915.0,4783.0,1811.0,5.928,281912.0,<1H OCEAN
-119.7,36.82,25.0,2379.0,540.0,1482.0,484.0,2.3173,67133.0,INLAND
-118.37,34.04,25.0,542.0,161.0,442.0,131.0,2.25,193494.02,<1H OCEAN
-121.63,39.18,13.0,1907.0,347.0,821.0,367.0,2.0978,82570.0,INLAND
-118.97,35.38,32.0,1361.0,363.0,1483.0,297.0,1.625,49185.0,INLAND
-121.75,39.4,29.0,1687.0,327.0,864.0,334.0,2.4943,79589.0,INLAND
-122.32,37.55,46.0,1437.0,266.0,607.0,263.0,4.8068,350514.09,NEAR OCEAN
-117.94,33.93,14.0,999.0,232.0,1037.0,244.0,2.7125,160761.0,<1H OCEAN
-119.42,36.35,20.0,1469.0,303.0,1031.0,259.0,1.6645,56162.0,INLAND
-122.31,38.0,29.0,3108.0,534.0,1687.0,516.0,4.3333,176874.0,NEAR BAY
-119.96,38.94,27.0,1492.0,393.0,717.0,254.0,1.8906,101267.0,INLAND
-117.04,34.0,21.0,4624.0,852.0,2174.0,812.0,3.5255,116760.0,INLAND
-117.9,33.71,15.0,539.0,71.0,287.0,66.0,6.3427,297574.01,<1H OCEAN
-122.46,37.88,35.0,2492.0,409.0,812.0,373.0,8.8386,465640.5,NEAR BAY
-118.34,34.19,48.0,814.0,165.0,490.0,176.0,3.1406,242398.05,<1H OCEAN
-118.36,34.2,14.0,1878.0,614.0,1874.0,559.0,2.5267,184839.0,<1H OCEAN
-118.18,34.02,43.0,887.0,219.0,965.0,217.0,2.625,137791.0,<1H OCEAN
-119.83,36.8,24.0,3756.0,681.0,1586.0,739.0,3.8571,95436.0,INLAND
-118.13,33.84,48.0,1895.0,294.0,881.0,293.0,6.3364,412862.22,<1H OCEAN
-122.71,38.43,38.0,1689.0,526.0,1071.0,529.0,1.5026,150552.0,<1H OCEAN
-119.72,34.43,36.0,1156.0,309.0,521.0,304.0,2.6014,300549.0,<1H OCEAN
-117.88,34.12,34.0,912.0,165.0,522.0,150.0,4.0417,171362.0,<1H OCEAN
-117.23,32.74,16.0,735.0,139.0,299.0,134.0,4.6354,246191.04,NEAR OCEAN
-122.46,37.66,15.0,6082.0,1284.0,3861.0,1198.0,5.4221,288611.01,NEAR OCEAN
-121.96,37.23,36.0,4423.0,632.0,1719.0,608.0,7.8407,487169.84,<1H OCEAN
-117.14,33.16,16.0,1660.0,,733.0,214.0,5.6874,248106.03,<1H OCEAN
-121.29,37.87,29.0,488.0,108.0,308.0,115.0,2.6563,106569.0,INLAND
-116.05,34.12,19.0,301.0,65.0,150.0,56.0,3.125,94734.0,INLAND
-118.3,33.89,30.0,2756.0,858.0,1806.0,787.0,3.0329,198496.0,<1H OCEAN
-122.38,37.58,52.0,2039.0,299.0,772.0,303.0,6.471,447306.38,NEAR OCEAN
-122.26,37.83,52.0,2432.0,715.0,1377.0,696.0,2.5898,207000.0,NEAR BAY
-117.46,34.1,35.0,908.0,226.0,667.0,203.0,2.5833,100289.0,INLAND
-121.92,37.33,52.0,2962.0,557.0,1215.0,506.0,4.7768,319903.03,<1H OCEAN
-122.07,37.69,29.0,2304.0,618.0,1021.0,552.0,2.5362,184830.0,NEAR BAY
-119.84,36.85,8.0,3791.0,487.0,1424.0,475.0,10.5144,386641.5,INLAND
-116.52,33.81,12.0,12396.0,2552.0,2548.0,1265.0,3.4394,154968.0,INLAND
-122.68,38.07,26.0,1445.0,244.0,510.0,207.0,5.6305,353870.02,NEAR OCEAN
-121.67,36.67,24.0,3071.0,544.0,1477.0,560.0,3.9219,202199.0,<1H OCEAN
-118.21,33.95,32.0,1116.0,328.0,1265.0,302.0,2.295,142647.0,<1H OCEAN
-121.98,37.28,28.0,3688.0,633.0,1877.0,620.0,5.7251,298315.01,<1H OCEAN
-117.93,33.84,34.0,2160.0,298.0,852.0,305.0,6.0531,285627.02,<1H OCEAN
-118.78,34.16,9.0,30405.0,4093.0,12873.0,3931.0,8.0137,432100.26,NEAR OCEAN
-122.3,37.9,35.0,1102.0,308.0,688.0,303.0,2.3946,169520.0,NEAR BAY
-119.23,34.42,16.0,630.0,117.0,343.0,100.0,5.75,317002.04,<1H OCEAN
-122.53,41.81,21.0,2400.0,485.0,1109.0,443.0,1.7639,64523.0,INLAND
-122.01,37.39,36.0,1976.0,361.0,1348.0,371.0,5.6447,277526.0,<1H OCEAN
-122.34,37.94,47.0,2313.0,433.0,947.0,430.0,3.942,160849.01,NEAR BAY
-121.62,36.71,24.0,4195.0,706.0,2200.0,647.0,4.3451,216363.0,<1H OCEAN
-118.1,33.84,36.0,690.0,109.0,316.0,104.0,3.7813,199797.0,<1H OCEAN
-122.5,37.75,45.0,1672.0,344.0,838.0,314.0,4.1419,277577.0,NEAR OCEAN
-118.12,34.68,12.0,5319.0,875.0,2439.0,779.0,4.6629,143214.0,INLAND
-117.31,33.24,6.0,1580.0,288.0,792.0,265.0,4.0469,179087.03,<1H OCEAN
-120.79,37.08,9.0,97.0,20.0,91.0,22.0,2.9063,131151.0,INLAND
-121.87,37.34,52.0,1170.0,215.0,604.0,207.0,2.6667,222804.0,<1H OCEAN
-117.79,33.77,21.0,4349.0,553.0,1680.0,519.0,6.9014,301840.0,<1H OCEAN
-122.52,37.96,35.0,2012.0,346.0,818.0,352.0,5.2818,305027.02,NEAR BAY
-118.3,33.87,27.0,3144.0,722.0,1510.0,680.0,3.1597,233652.0,<1H OCEAN
-118.05,34.06,45.0,531.0,164.0,722.0,166.0,2.1406,171435.02,<1H OCEAN
-118.21,34.14,44.0,1681.0,407.0,1105.0,387.0,3.2222,207690.0,<1H OCEAN
-117.98,33.78,31.0,2825.0,546.0,1908.0,563.0,3.9798,196906.0,<1H OCEAN
-117.15,34.04,14.0,2845.0,420.0,1172.0,377.0,7.5822,265815.0,INLAND
-118.11,33.81,37.0,1694.0,280.0,776.0,271.0,6.2187,409706.23,<1H OCEAN
-118.48,34.21,25.0,2879.0,723.0,2077.0,649.0,3.3864,212861.0,<1H OCEAN
-118.17,33.82,52.0,2539.0,497.0,1152.0,488.0,4.1354,259798.0,NEAR OCEAN
-121.22,38.4,14.0,2655.0,441.0,1277.0,422.0,4.6989,176432.0,INLAND
-118.19,34.12,46.0,3387.0,820.0,2833.0,813.0,2.987,189791.0,<1H OCEAN
-117.71,34.08,26.0,2744.0,494.0,1411.0,465.0,4.2639,170588.0,INLAND
-118.08,33.85,22.0,1055.0,204.0,682.0,216.0,6.0,273551.0,<1H OCEAN
-118.4,33.87,45.0,2093.0,497.0,842.0,472.0,6.3231,457807.42,<1H OCEAN
-117.4,34.04,17.0,1906.0,334.0,1550.0,338.0,3.025,107051.0,INLAND
-123.5,39.67,22.0,2124.0,450.0,1122.0,446.0,2.1793,84559.0,INLAND
-120.67,37.37,18.0,164.0,30.0,104.0,32.0,1.6607,117291.01,INLAND
-121.48,38.54,41.0,3364.0,685.0,1841.0,626.0,2.1975,86849.0,INLAND
-122.18,37.45,43.0,2061.0,437.0,817.0,385.0,4.4688,379800.37,NEAR BAY
-117.01,32.76,34.0,3415.0,608.0,1464.0,593.0,4.0549,169211.0,<1H OCEAN
-118.36,33.93,40.0,1625.0,500.0,2036.0,476.0,2.6298,168805.0,<1H OCEAN
-122.71,38.34,22.0,1249.0,335.0,699.0,308.0,2.6033,169434.0,<1H OCEAN
-118.51,34.2,35.0,1614.0,308.0,850.0,330.0,4.1806,215944.0,<1H OCEAN
-118.56,34.18,36.0,1366.0,224.0,719.0,270.0,4.8264,229419.0,<1H OCEAN
-122.09,37.35,30.0,1502.0,186.0,501.0,180.0,10.0259,497868.95,NEAR BAY
-119.01,36.05,27.0,1127.0,294.0,839.0,276.0,1.3807,51002.0,INLAND
-117.4,34.08,21.0,3622.0,667.0,2503.0,720.0,3.8531,120811.0,INLAND
-118.41,34.24,38.0,490.0,101.0,402.0,100.0,3.125,240696.01,<1H OCEAN
-117.9,33.74,18.0,1884.0,442.0,1915.0,442.0,2.3783,169303.0,<1H OCEAN
-117.92,34.09,35.0,1810.0,318.0,1164.0,332.0,5.0123,204795.0,<1H OCEAN
-122.28,37.52,29.0,1526.0,355.0,724.0,315.0,4.0313,308717.0,NEAR OCEAN
-117.22,33.14,5.0,4576.0,848.0,2314.0,705.0,5.0123,263071.01,NEAR OCEAN
-122.41,37.75,52.0,1678.0,386.0,1220.0,357.0,2.5809,251385.03,NEAR BAY
-122.47,37.76,52.0,4001.0,809.0,1886.0,756.0,3.3239,351329.03,NEAR BAY
-118.24,33.93,37.0,1027.0,258.0,824.0,248.0,1.5132,93875.0,<1H OCEAN
-118.32,34.04,47.0,1989.0,532.0,1430.0,519.0,1.8333,145791.0,<1H OCEAN
-120.27,37.12,17.0,3328.0,628.0,1580.0,619.0,2.9861,98445.0,INLAND
-121.07,39.15,15.0,6828.0,1319.0,3002.0,1318.0,2.4726,126828.0,INLAND
-122.27,37.82,43.0,1868.0,456.0,1061.0,407.0,1.5045,130322.0,NEAR BAY
-120.43,37.35,15.0,1613.0,203.0,673.0,213.0,5.9378,179362.0,INLAND
-122.47,37.79,52.0,2383.0,477.0,990.0,464.0,3.9688,483460.75,NEAR BAY
-122.31,37.91,39.0,2955.0,696.0,1417.0,682.0,2.7628,163021.0,NEAR BAY
-118.14,33.76,52.0,2677.0,642.0,1144.0,624.0,4.3889,382775.01,NEAR OCEAN
-121.9,37.37,20.0,78.0,72.0,120.0,69.0,1.0938,285293.13,<1H OCEAN
-118.01,33.84,28.0,4097.0,838.0,2112.0,803.0,4.5,203452.0,<1H OCEAN
-117.7,33.57,4.0,3283.0,911.0,1512.0,782.0,3.3125,220978.03,<1H OCEAN
-119.94,38.95,25.0,1789.0,536.0,1134.0,396.0,2.32,105179.0,INLAND
-121.82,37.26,10.0,3030.0,574.0,1623.0,589.0,5.1356,267430.0,<1H OCEAN
-121.24,38.78,18.0,549.0,143.0,249.0,136.0,0.8691,110078.0,INLAND
-122.42,37.77,52.0,1925.0,568.0,867.0,515.0,2.879,334530.07,NEAR BAY
-122.3,37.9,30.0,1772.0,471.0,880.0,437.0,2.2672,178561.0,NEAR BAY
-118.15,33.78,13.0,3056.0,861.0,1600.0,824.0,3.3003,235811.0,NEAR OCEAN
-117.88,33.87,35.0,1919.0,349.0,1302.0,345.0,5.6409,238930.0,<1H OCEAN
-118.51,33.98,40.0,1901.0,679.0,865.0,587.0,2.3417,331440.04,<1H OCEAN
-121.5,38.34,36.0,1212.0,255.0,569.0,256.0,2.0048,98621.0,INLAND
-117.94,33.81,25.0,1731.0,482.0,1127.0,455.0,3.256,196563.0,<1H OCEAN
-118.18,33.92,32.0,2035.0,519.0,2282.0,480.0,3.2734,152150.0,<1H OCEAN
-122.33,40.6,5.0,6383.0,1206.0,2965.0,1141.0,3.8103,126961.0,INLAND
-121.42,38.53,37.0,1958.0,367.0,1171.0,366.0,2.8298,89891.0,INLAND
-118.19,33.83,30.0,2246.0,552.0,1032.0,548.0,3.5871,264916.03,NEAR OCEAN
-122.69,38.27,32.0,2344.0,434.0,1066.0,384.0,4.0313,252517.0,<1H OCEAN
-118.3,34.02,42.0,2386.0,670.0,2327.0,661.0,1.6699,127086.0,<1H OCEAN
-117.77,33.67,12.0,4329.0,1068.0,1913.0,978.0,4.5094,251888.01,<1H OCEAN
-117.98,33.9,6.0,1537.0,347.0,506.0,280.0,4.8264,210210.01,<1H OCEAN
-122.28,37.81,17.0,1237.0,462.0,762.0,439.0,0.9241,140263.0,NEAR BAY
-118.76,34.26,26.0,1750.0,284.0,962.0,278.0,4.5673,224650.03,<1H OCEAN
-117.94,33.89,30.0,2577.0,404.0,1076.0,374.0,6.7528,366111.08,<1H OCEAN
-121.27,38.75,21.0,4812.0,1117.0,1985.0,1045.0,2.5083,142968.0,INLAND
-119.31,36.34,14.0,2985.0,607.0,2250.0,607.0,2.1602,76578.0,INLAND
-117.11,32.73,27.0,3160.0,627.0,1628.0,612.0,3.8864,139788.0,NEAR OCEAN
-118.17,34.05,45.0,733.0,178.0,715.0,165.0,2.5962,136251.0,<1H OCEAN
-120.41,36.77,24.0,1335.0,312.0,1180.0,267.0,1.947,62572.0,INLAND
-118.04,34.1,38.0,2317.0,451.0,1155.0,426.0,4.1488,284764.0,INLAND
-117.87,33.99,21.0,2837.0,515.0,2031.0,555.0,4.9271,210433.0,<1H OCEAN
-118.19,33.8,41.0,2125.0,591.0,1604.0,555.0,2.9943,197106.0,NEAR OCEAN
-120.19,36.61,29.0,1479.0,338.0,1408.0,322.0,2.293,68937.0,INLAND
-122.42,37.74,52.0,1916.0,432.0,889.0,424.0,4.0391,293260.0,NEAR BAY
-117.65,33.48,6.0,1638.0,188.0,572.0,174.0,13.0502,484695.32,<1H OCEAN
-122.03,37.55,22.0,9167.0,1373.0,4319.0,1404.0,6.992,383952.1,NEAR BAY
-117.98,33.94,36.0,4297.0,717.0,2038.0,700.0,5.2851,228260.01,<1H OCEAN
-122.41,37.76,52.0,3452.0,784.0,2987.0,753.0,2.8135,294018.0,NEAR BAY
-118.06,34.12,34.0,2941.0,558.0,1660.0,576.0,4.5667,272830.0,INLAND
-122.08,37.04,34.0,2800.0,577.0,1353.0,512.0,4.1161,246282.01,NEAR OCEAN
-118.41,34.02,16.0,5825.0,1866.0,3390.0,1752.0,3.0965,293220.02,<1H OCEAN
-121.46,38.66,3.0,3438.0,603.0,1602.0,554.0,3.9914,139890.0,INLAND
-121.1,39.15,10.0,680.0,143.0,354.0,140.0,4.0333,159203.0,INLAND
-118.32,33.83,19.0,3792.0,790.0,2105.0,834.0,5.2363,325048.02,<1H OCEAN
-117.78,33.71,4.0,974.0,232.0,428.0,203.0,4.6141,201269.05,<1H OCEAN
-119.71,36.8,25.0,875.0,156.0,646.0,166.0,3.0,88343.0,INLAND
-121.92,37.31,13.0,6035.0,1551.0,2946.0,1481.0,4.0524,258129.01,<1H OCEAN
-121.28,38.7,14.0,5827.0,1246.0,2578.0,1038.0,3.0212,117659.0,INLAND
-121.82,39.75,37.0,2236.0,372.0,974.0,379.0,3.2016,100246.0,INLAND
-118.37,34.08,28.0,4376.0,1202.0,1847.0,1128.0,2.6713,318447.05,<1H OCEAN
-118.34,33.99,47.0,1107.0,199.0,437.0,178.0,3.7344,185107.0,<1H OCEAN
-121.24,37.98,33.0,450.0,123.0,236.0,103.0,1.1964,74548.0,INLAND
-122.31,38.27,34.0,1748.0,284.0,783.0,303.0,4.3585,195633.0,NEAR BAY
-122.01,37.38,32.0,726.0,204.0,538.0,203.0,4.505,246266.0,<1H OCEAN
-118.34,34.16,44.0,1717.0,391.0,848.0,353.0,3.6111,282073.05,<1H OCEAN
-120.88,38.16,8.0,2029.0,387.0,1000.0,364.0,4.0109,149091.0,INLAND
-117.77,33.71,5.0,4050.0,584.0,1986.0,598.0,7.5847,325910.0,<1H OCEAN
-118.13,33.96,36.0,1933.0,341.0,958.0,335.0,4.4732,240507.0,<1H OCEAN
-117.05,33.02,18.0,917.0,121.0,388.0,131.0,6.3517,267402.02,<1H OCEAN
-118.41,33.9,39.0,2040.0,336.0,926.0,351.0,7.5552,455758.51,<1H OCEAN
-122.06,37.39,26.0,18.0,4.0,8.0,4.0,3.75,195314.03,NEAR BAY
-122.3,37.97,34.0,2854.0,528.0,1211.0,452.0,3.5353,160980.0,NEAR BAY
-121.81,39.71,18.0,1222.0,250.0,708.0,281.0,2.0288,80295.0,INLAND
-118.35,34.09,35.0,2705.0,785.0,1526.0,793.0,3.0349,324835.07,<1H OCEAN
-117.02,33.76,20.0,1317.0,203.0,453.0,158.0,2.8393,129830.0,INLAND
-121.68,36.67,26.0,5745.0,1017.0,2780.0,996.0,5.0,252926.01,<1H OCEAN
-118.43,34.22,34.0,2300.0,429.0,1447.0,455.0,4.2656,203286.0,<1H OCEAN
-117.15,34.83,30.0,5370.0,1062.0,2778.0,944.0,3.099,89830.0,INLAND
-121.89,37.35,47.0,2879.0,631.0,2229.0,606.0,3.2599,197325.0,<1H OCEAN
-118.29,33.98,30.0,1162.0,318.0,1207.0,289.0,1.223,107551.0,<1H OCEAN
-122.23,37.82,52.0,3242.0,366.0,1001.0,352.0,12.2138,499305.99,NEAR BAY
-120.83,37.07,16.0,3736.0,761.0,1942.0,730.0,2.5598,100543.0,INLAND
-118.04,34.09,34.0,2001.0,388.0,1461.0,397.0,3.8304,273940.0,INLAND
-118.21,34.09,37.0,1822.0,498.0,1961.0,506.0,1.9881,150905.01,<1H OCEAN
-117.88,33.79,32.0,1484.0,295.0,928.0,295.0,5.1418,213060.0,<1H OCEAN
-120.98,39.93,25.0,2220.0,511.0,912.0,449.0,1.8914,70496.0,INLAND
-115.57,32.79,34.0,1152.0,208.0,621.0,208.0,3.6042,90680.01,INLAND
-121.51,38.49,21.0,4426.0,790.0,1856.0,761.0,4.1,162969.0,INLAND
-120.04,39.24,30.0,2369.0,469.0,510.0,213.0,2.65,118945.0,INLAND
-122.29,37.54,43.0,2268.0,438.0,1151.0,449.0,4.9091,324708.01,NEAR OCEAN
-118.28,33.92,37.0,742.0,151.0,729.0,144.0,3.055,131305.0,<1H OCEAN
-121.8,39.75,11.0,7212.0,1355.0,3264.0,1264.0,3.1125,118396.0,INLAND
-119.38,36.56,25.0,1180.0,222.0,611.0,212.0,2.0729,68593.99,INLAND
-120.99,37.68,30.0,1975.0,375.0,732.0,326.0,2.6932,120154.0,INLAND
-121.75,37.68,35.0,1755.0,299.0,702.0,263.0,5.2443,204219.0,INLAND
-118.98,35.39,29.0,607.0,177.0,476.0,143.0,1.1875,51453.0,INLAND
-117.07,32.67,28.0,2758.0,623.0,2179.0,631.0,2.3814,116945.0,NEAR OCEAN
-118.28,34.01,50.0,2601.0,794.0,3080.0,770.0,1.8656,125335.0,<1H OCEAN
-117.2,34.14,18.0,1920.0,333.0,890.0,323.0,5.159,146273.0,INLAND
-119.32,36.25,21.0,1231.0,,609.0,206.0,2.8365,77920.0,INLAND
-121.51,38.55,45.0,3032.0,631.0,1341.0,597.0,2.8417,109515.0,INLAND
-114.56,33.69,17.0,720.0,174.0,333.0,117.0,1.6509,61942.0,INLAND
-118.36,34.05,48.0,1825.0,404.0,728.0,363.0,3.3824,286421.06,<1H OCEAN
-121.75,36.93,24.0,4026.0,881.0,2264.0,863.0,3.1327,202061.0,<1H OCEAN
-118.18,33.83,44.0,1497.0,277.0,542.0,274.0,5.0052,301108.04,NEAR OCEAN
-118.16,34.03,41.0,1377.0,293.0,1142.0,272.0,3.1724,161816.0,<1H OCEAN
-118.65,34.27,23.0,1724.0,265.0,934.0,306.0,6.0783,256909.0,<1H OCEAN
-118.29,34.11,49.0,2850.0,379.0,1113.0,380.0,12.9591,500001.0,<1H OCEAN
-117.3,34.05,7.0,4672.0,1121.0,2534.0,1046.0,3.4228,114614.0,INLAND
-121.21,38.67,11.0,5500.0,956.0,2827.0,946.0,4.1071,164783.0,INLAND
-118.3,33.81,17.0,5544.0,1068.0,3008.0,1038.0,5.322,277174.01,<1H OCEAN
-118.35,34.01,35.0,3776.0,,1583.0,749.0,3.5486,275258.0,<1H OCEAN
-117.13,32.71,44.0,1697.0,413.0,1396.0,363.0,1.5474,84147.0,NEAR OCEAN
-118.34,34.03,48.0,1426.0,331.0,784.0,356.0,1.6581,149398.0,<1H OCEAN
-121.9,37.28,34.0,4613.0,749.0,2050.0,725.0,5.3922,287657.01,<1H OCEAN
-118.5,34.21,36.0,1254.0,229.0,629.0,245.0,4.9643,233214.0,<1H OCEAN
-118.36,34.03,38.0,2365.0,638.0,2259.0,607.0,2.0879,133846.0,<1H OCEAN
-118.34,33.99,34.0,397.0,132.0,250.0,121.0,1.675,174178.0,<1H OCEAN
-122.07,38.26,15.0,1173.0,146.0,450.0,154.0,6.0487,210419.0,INLAND
-121.95,38.43,19.0,3011.0,551.0,1665.0,535.0,5.1534,178404.0,INLAND
-123.2,39.16,14.0,1908.0,484.0,1195.0,467.0,1.7929,110154.0,<1H OCEAN
-117.92,33.85,38.0,2082.0,532.0,1592.0,510.0,2.3704,177940.0,<1H OCEAN
-117.23,33.78,23.0,3465.0,703.0,2672.0,607.0,1.9767,100076.0,INLAND
-121.76,38.25,32.0,1495.0,333.0,905.0,281.0,2.625,96240.0,INLAND
-122.02,37.34,26.0,1992.0,328.0,980.0,342.0,6.2475,320679.02,<1H OCEAN
-119.81,36.81,33.0,3972.0,594.0,1324.0,561.0,5.4513,186241.0,INLAND
-122.49,37.76,49.0,1724.0,295.0,795.0,297.0,4.3977,337946.01,NEAR BAY
-118.11,33.83,36.0,1726.0,287.0,820.0,288.0,5.5767,246172.0,<1H OCEAN
-122.95,39.13,17.0,380.0,69.0,225.0,72.0,3.25,145911.0,INLAND
-121.37,38.39,15.0,1883.0,254.0,893.0,256.0,6.2575,213496.0,INLAND
-118.18,34.08,31.0,1318.0,311.0,1164.0,289.0,2.9939,163414.0,<1H OCEAN
-118.42,34.16,17.0,277.0,70.0,119.0,59.0,4.0208,316036.09,<1H OCEAN
-118.27,34.05,47.0,661.0,359.0,1406.0,307.0,1.3169,193574.0,<1H OCEAN
-122.5,37.79,52.0,8.0,1.0,13.0,1.0,15.0001,385577.57,NEAR BAY
-116.29,33.74,6.0,12991.0,2555.0,4571.0,1926.0,4.7195,204711.01,INLAND
-122.33,37.58,27.0,5144.0,1481.0,2518.0,1447.0,3.4836,332416.12,NEAR OCEAN
-118.36,34.05,50.0,3518.0,812.0,1724.0,758.0,3.0833,304649.1,<1H OCEAN
-117.75,34.06,52.0,24.0,6.0,46.0,7.0,1.625,227933.01,INLAND
-122.2,37.43,38.0,3626.0,528.0,1350.0,532.0,7.3681,461051.38,NEAR OCEAN
-117.68,34.01,20.0,7326.0,1555.0,5718.0,1538.0,3.2073,148094.0,INLAND
-118.26,33.92,40.0,1076.0,244.0,705.0,255.0,1.7986,97538.0,<1H OCEAN
-117.36,33.17,24.0,2046.0,442.0,812.0,367.0,2.3182,247207.0,NEAR OCEAN
-122.43,37.75,52.0,2700.0,595.0,1181.0,575.0,3.575,353803.0,NEAR BAY
-121.63,39.75,37.0,1296.0,296.0,569.0,257.0,1.8616,69501.0,INLAND
-117.15,32.81,34.0,1629.0,318.0,900.0,282.0,3.1458,193720.03,NEAR OCEAN
-117.67,34.03,20.0,8561.0,1411.0,4861.0,1450.0,4.7056,166226.0,INLAND
-117.32,33.99,27.0,5464.0,850.0,2400.0,836.0,4.711,150637.0,INLAND
-118.32,34.09,30.0,1871.0,766.0,2595.0,819.0,2.0044,223481.0,<1H OCEAN
-118.43,34.22,36.0,1372.0,295.0,774.0,306.0,3.6618,198213.0,<1H OCEAN
-122.47,37.65,27.0,8103.0,1655.0,5023.0,1605.0,4.6452,295809.0,NEAR OCEAN
-118.22,33.93,39.0,1921.0,483.0,2286.0,470.0,3.0167,137918.0,<1H OCEAN
-118.39,34.17,40.0,1696.0,372.0,835.0,385.0,3.6563,269653.05,<1H OCEAN
-118.09,33.8,36.0,1724.0,322.0,838.0,328.0,4.4831,213184.0,<1H OCEAN
-118.06,33.83,21.0,3941.0,655.0,1897.0,670.0,4.88,211355.0,<1H OCEAN
-122.13,37.68,44.0,2147.0,399.0,1175.0,401.0,4.1974,204549.01,NEAR BAY
-122.29,37.92,35.0,583.0,88.0,235.0,84.0,5.943,346296.08,NEAR BAY
-117.77,34.06,27.0,2178.0,629.0,2379.0,591.0,1.9766,111905.0,INLAND
-117.3,33.85,15.0,3991.0,751.0,2317.0,657.0,2.9542,118254.0,INLAND
-118.45,34.25,21.0,2143.0,565.0,1803.0,497.0,3.9833,189202.0,<1H OCEAN
-117.07,32.81,15.0,2000.0,402.0,778.0,369.0,4.3594,164347.0,<1H OCEAN
-117.96,33.75,25.0,1323.0,208.0,852.0,229.0,4.6167,210821.0,<1H OCEAN
-122.29,37.56,12.0,6474.0,1467.0,2516.0,1390.0,5.0353,322356.16,NEAR BAY
-122.04,36.96,44.0,1294.0,269.0,645.0,259.0,3.2437,258642.0,NEAR OCEAN
-117.86,33.74,32.0,691.0,151.0,926.0,148.0,4.125,167271.0,<1H OCEAN
-118.34,34.0,49.0,2465.0,372.0,1018.0,359.0,4.0,193460.02,<1H OCEAN
-117.08,32.58,22.0,2128.0,477.0,1420.0,450.0,3.2687,134019.0,NEAR OCEAN
-117.99,33.74,26.0,4065.0,741.0,1960.0,739.0,4.506,210013.0,<1H OCEAN
-120.27,38.31,13.0,3297.0,662.0,267.0,97.0,3.075,129751.0,INLAND
-121.24,39.37,16.0,2785.0,616.0,1387.0,530.0,2.3886,90613.0,INLAND
-122.22,37.48,47.0,2570.0,783.0,3107.0,724.0,2.8058,232785.0,NEAR OCEAN
-117.18,32.76,17.0,711.0,254.0,327.0,227.0,2.6493,183736.07,NEAR OCEAN
-122.25,37.81,28.0,5806.0,1603.0,2563.0,1497.0,3.2177,294155.09,NEAR BAY
-122.27,37.48,26.0,3542.0,507.0,1392.0,524.0,8.5184,439742.33,NEAR OCEAN
-120.62,35.28,28.0,3952.0,592.0,1469.0,571.0,6.3144,413206.35,NEAR OCEAN
-117.31,34.43,16.0,5130.0,1172.0,3126.0,1046.0,1.6784,84436.0,INLAND
-118.75,34.17,18.0,6217.0,858.0,2703.0,834.0,6.8075,380834.12,NEAR OCEAN
-122.28,37.78,50.0,1487.0,306.0,730.0,327.0,2.5139,155100.0,NEAR BAY
-116.38,33.74,7.0,17579.0,3479.0,3581.0,1820.0,4.084,165087.02,INLAND
-116.86,33.73,13.0,2604.0,443.0,978.0,417.0,2.933,130048.0,INLAND
-122.4,37.76,52.0,1185.0,246.0,480.0,253.0,4.4074,282057.03,NEAR BAY
-118.24,33.99,41.0,1425.0,372.0,1803.0,353.0,1.6731,105069.0,<1H OCEAN
-118.25,34.13,36.0,2946.0,1025.0,2542.0,912.0,2.2244,227829.0,<1H OCEAN
-118.09,33.99,35.0,2787.0,639.0,1923.0,614.0,3.5757,175566.0,<1H OCEAN
-117.86,33.9,25.0,3205.0,409.0,1291.0,408.0,7.2478,325423.0,<1H OCEAN
-117.69,33.54,20.0,1767.0,280.0,801.0,284.0,6.5394,294213.0,<1H OCEAN
-121.37,38.58,37.0,2839.0,390.0,1006.0,400.0,7.3343,326640.02,INLAND
-117.18,33.78,7.0,1697.0,424.0,808.0,354.0,1.3417,126732.0,INLAND
-118.1,33.79,35.0,2370.0,379.0,996.0,380.0,5.7368,295849.01,<1H OCEAN
-118.16,34.06,27.0,1675.0,274.0,785.0,275.0,5.828,301803.02,<1H OCEAN
-116.53,33.88,5.0,4423.0,763.0,1906.0,667.0,4.6855,195436.01,INLAND
-117.92,33.75,23.0,893.0,223.0,1149.0,216.0,2.6442,170283.0,<1H OCEAN
-119.77,36.3,24.0,2202.0,471.0,1052.0,439.0,2.1038,76851.0,INLAND
-116.95,33.68,11.0,1183.0,178.0,543.0,147.0,4.4792,198692.0,INLAND
-119.14,34.49,17.0,321.0,44.0,92.0,39.0,7.75,369272.2,<1H OCEAN
-117.17,32.82,21.0,2869.0,596.0,1471.0,577.0,3.0375,207353.0,NEAR OCEAN
-121.23,38.67,27.0,5266.0,971.0,2432.0,948.0,3.8954,155608.0,INLAND
-117.82,33.85,21.0,2603.0,404.0,1350.0,390.0,6.057,271377.0,<1H OCEAN
-118.19,34.02,34.0,1478.0,369.0,1735.0,348.0,1.8875,144912.0,<1H OCEAN
-122.27,37.78,52.0,1408.0,280.0,718.0,265.0,2.6806,179759.0,NEAR BAY
-122.47,37.69,35.0,1720.0,421.0,1452.0,425.0,3.5909,253873.0,NEAR OCEAN
-117.97,33.68,23.0,1722.0,316.0,865.0,309.0,4.6452,254965.06,<1H OCEAN
-121.37,36.83,14.0,3658.0,612.0,1951.0,600.0,4.76,247810.0,INLAND
-118.96,35.4,27.0,2473.0,400.0,1271.0,427.0,3.5524,87503.0,INLAND
-122.0,38.35,34.0,1084.0,187.0,561.0,198.0,4.2115,162117.0,INLAND
-117.9,34.1,31.0,3007.0,653.0,1766.0,616.0,3.7083,174256.0,<1H OCEAN
-118.15,34.12,52.0,1518.0,344.0,725.0,296.0,3.4018,239122.0,<1H OCEAN
-122.25,37.81,46.0,3232.0,835.0,1373.0,747.0,3.225,237310.01,NEAR BAY
-118.57,34.22,17.0,3262.0,753.0,1879.0,708.0,4.1359,222018.0,<1H OCEAN
-120.08,37.06,18.0,402.0,76.0,213.0,71.0,1.9063,97777.99,INLAND
-118.2,33.84,35.0,3405.0,779.0,1953.0,671.0,2.7813,184177.0,NEAR OCEAN
-120.85,37.77,37.0,1738.0,403.0,936.0,366.0,2.4717,99747.0,INLAND
-118.3,33.82,26.0,2080.0,560.0,2096.0,506.0,2.8106,195992.0,<1H OCEAN
-118.36,34.1,52.0,1096.0,247.0,423.0,230.0,3.0179,359718.06,<1H OCEAN
-117.18,33.51,13.0,270.0,42.0,120.0,42.0,6.993,367123.19,<1H OCEAN
-118.22,33.98,15.0,1011.0,274.0,899.0,219.0,2.7045,146295.0,<1H OCEAN
-118.29,34.03,38.0,1501.0,437.0,1777.0,441.0,2.0848,147171.0,<1H OCEAN
-122.72,40.17,16.0,396.0,78.0,188.0,72.0,1.3889,64016.92,INLAND
-122.17,37.74,43.0,818.0,193.0,494.0,179.0,2.4776,89010.0,NEAR BAY
-117.44,34.09,24.0,3477.0,831.0,2541.0,753.0,2.3682,112428.0,INLAND
-119.16,36.28,18.0,2377.0,414.0,1359.0,424.0,4.4,116899.0,INLAND
-117.27,33.68,8.0,26322.0,4072.0,9360.0,3361.0,5.3238,249106.01,<1H OCEAN
-117.09,32.64,20.0,1999.0,651.0,1302.0,592.0,1.6321,113784.0,NEAR OCEAN
-119.99,36.8,45.0,1270.0,242.0,598.0,214.0,3.2813,99732.0,INLAND
-117.94,34.08,34.0,1970.0,476.0,1269.0,406.0,4.064,186934.0,<1H OCEAN
-117.87,33.88,28.0,2612.0,602.0,1682.0,563.0,3.6417,193264.0,<1H OCEAN
-121.29,37.98,49.0,2501.0,565.0,1171.0,550.0,2.5043,95967.0,INLAND
-118.31,34.03,34.0,2041.0,517.0,1479.0,495.0,2.1173,145833.0,<1H OCEAN
-118.17,33.79,32.0,2171.0,672.0,3002.0,648.0,2.375,157422.0,NEAR OCEAN
-117.22,32.87,5.0,3511.0,1008.0,1599.0,918.0,3.8542,227927.0,NEAR OCEAN
-121.93,37.93,16.0,2876.0,391.0,1089.0,377.0,6.299,264031.0,INLAND
-118.37,33.82,32.0,2815.0,607.0,1338.0,609.0,4.5687,363891.08,<1H OCEAN
-119.76,36.81,19.0,4643.0,1429.0,4638.0,1335.0,1.2716,64090.0,INLAND
-118.2,34.11,37.0,2040.0,611.0,1698.0,545.0,1.9355,170172.0,<1H OCEAN
-117.95,33.63,27.0,891.0,183.0,513.0,171.0,6.0,312408.16,<1H OCEAN
-118.29,34.65,18.0,6893.0,1372.0,2837.0,1221.0,3.3173,137002.0,INLAND
-119.02,35.37,44.0,2687.0,620.0,1521.0,549.0,1.7213,57357.0,INLAND
-119.16,34.12,17.0,224.0,70.0,147.0,71.0,3.6167,268023.09,NEAR OCEAN
-119.86,34.38,26.0,1626.0,375.0,1580.0,359.0,2.1471,217507.01,NEAR OCEAN
-117.67,34.1,28.0,1263.0,248.0,601.0,219.0,3.875,156540.0,INLAND
-118.02,33.95,35.0,2085.0,400.0,1112.0,391.0,3.4886,183940.0,<1H OCEAN
-119.3,36.34,45.0,3723.0,831.0,2256.0,770.0,1.8299,61336.0,INLAND
-121.8,38.01,46.0,2273.0,495.0,1088.0,447.0,2.2532,102557.0,INLAND
-121.33,38.66,15.0,4371.0,908.0,1842.0,818.0,2.7797,134269.0,INLAND
-122.17,37.88,32.0,3633.0,508.0,1393.0,506.0,7.6917,412268.05,NEAR BAY
-118.29,34.01,40.0,885.0,312.0,799.0,221.0,1.1667,130266.0,<1H OCEAN
-121.42,37.75,33.0,1999.0,368.0,1061.0,390.0,3.5242,135683.0,INLAND
-122.04,37.99,38.0,2675.0,541.0,1378.0,480.0,3.8897,143921.0,NEAR BAY
-118.09,34.09,40.0,855.0,208.0,745.0,222.0,3.0125,196336.0,<1H OCEAN
-122.2,37.78,39.0,1752.0,399.0,1071.0,376.0,3.1167,176845.0,NEAR BAY
-118.06,33.83,17.0,1973.0,516.0,1112.0,501.0,3.8512,213003.0,<1H OCEAN
-118.3,34.0,52.0,1743.0,421.0,1206.0,384.0,1.6875,115887.0,<1H OCEAN
-119.36,36.33,11.0,3221.0,617.0,1351.0,565.0,2.9844,98230.0,INLAND
-117.82,33.72,24.0,3260.0,458.0,1383.0,442.0,6.5987,302417.03,<1H OCEAN
-117.91,34.02,17.0,5973.0,1384.0,4349.0,1229.0,3.2799,182832.0,<1H OCEAN
-118.57,34.25,20.0,4679.0,609.0,1945.0,609.0,8.7471,448177.31,<1H OCEAN
-122.01,37.36,16.0,1105.0,354.0,499.0,324.0,4.2061,256650.03,<1H OCEAN
-122.08,37.38,33.0,2771.0,659.0,1496.0,581.0,3.4042,279103.04,NEAR BAY
-120.59,38.45,13.0,2944.0,558.0,1091.0,466.0,3.0,120780.0,INLAND
-118.56,34.2,35.0,2273.0,,1431.0,403.0,4.0789,203844.0,<1H OCEAN
-122.24,37.81,52.0,2093.0,550.0,918.0,483.0,2.7477,188527.0,NEAR BAY
-119.64,36.31,27.0,1513.0,314.0,1071.0,284.0,1.5909,53403.0,INLAND
-117.83,33.65,9.0,638.0,266.0,426.0,234.0,3.7875,269473.06,<1H OCEAN
-117.65,33.4,17.0,2737.0,654.0,910.0,492.0,3.5729,252421.02,NEAR OCEAN
-118.12,33.77,10.0,7264.0,1137.0,2528.0,1057.0,10.2233,471743.4,NEAR OCEAN
-117.55,33.93,25.0,5187.0,934.0,2725.0,860.0,4.1865,167954.0,INLAND
-122.01,37.95,8.0,3866.0,539.0,1555.0,513.0,6.0901,293826.0,NEAR BAY
-117.94,33.94,25.0,3250.0,546.0,1452.0,501.0,5.1084,245627.0,<1H OCEAN
-118.01,33.77,32.0,1771.0,296.0,995.0,272.0,5.8362,282543.03,<1H OCEAN
-123.18,40.58,18.0,1451.0,278.0,695.0,254.0,1.7262,83392.0,INLAND
-117.3,34.15,40.0,961.0,199.0,509.0,182.0,2.06,76120.99,INLAND
-122.4,38.53,24.0,1741.0,289.0,564.0,231.0,3.6118,179923.0,INLAND
-121.41,38.6,16.0,5407.0,1467.0,2523.0,1265.0,2.0471,108026.0,INLAND
-121.18,39.19,16.0,1528.0,351.0,729.0,319.0,2.4688,129478.0,INLAND
-118.25,33.78,32.0,296.0,139.0,511.0,133.0,1.4444,157275.0,NEAR OCEAN
-120.45,34.65,27.0,2215.0,578.0,1544.0,527.0,1.9257,131669.0,NEAR OCEAN
-118.32,33.35,27.0,1675.0,521.0,744.0,331.0,2.1579,267062.02,ISLAND
-121.64,36.82,18.0,1819.0,283.0,919.0,295.0,4.1696,250098.08,<1H OCEAN
-122.28,37.87,46.0,3022.0,696.0,1293.0,675.0,2.543,189466.0,NEAR BAY
-121.38,38.59,38.0,1839.0,287.0,685.0,276.0,4.5313,152942.0,INLAND
-118.06,34.09,40.0,1975.0,389.0,1116.0,378.0,4.2898,227271.0,<1H OCEAN
-116.36,33.78,6.0,24121.0,4522.0,4176.0,2221.0,3.3799,147121.02,INLAND
-117.76,33.88,9.0,4838.0,759.0,2090.0,695.0,6.6536,301741.02,<1H OCEAN
-118.47,34.02,35.0,3057.0,774.0,2223.0,732.0,2.0745,289749.0,<1H OCEAN
-117.9,33.61,41.0,1521.0,328.0,527.0,275.0,4.0764,469556.78,<1H OCEAN
-123.85,39.39,23.0,4671.0,912.0,2095.0,857.0,3.184,183443.0,<1H OCEAN
-122.83,38.39,19.0,1765.0,394.0,868.0,388.0,2.462,180263.0,<1H OCEAN
-122.44,37.76,52.0,1968.0,472.0,784.0,430.0,3.3702,365965.06,NEAR BAY
-122.42,37.74,52.0,1786.0,427.0,856.0,394.0,3.0833,277749.01,NEAR BAY
-118.25,34.0,41.0,1768.0,475.0,1721.0,474.0,1.303,102325.0,<1H OCEAN
-118.28,34.06,52.0,1261.0,616.0,2309.0,581.0,1.6184,217971.0,<1H OCEAN
-120.84,37.5,47.0,2310.0,484.0,1126.0,447.0,2.2083,94485.0,INLAND
-118.37,34.2,34.0,2199.0,609.0,2488.0,597.0,2.9861,192280.0,<1H OCEAN
-117.84,34.63,5.0,6739.0,1251.0,4614.0,1266.0,4.002,153433.0,INLAND
-122.41,37.64,38.0,1204.0,268.0,921.0,247.0,4.4464,262407.0,NEAR OCEAN
-117.9,34.13,5.0,1126.0,316.0,819.0,311.0,1.5,222375.12,<1H OCEAN
-121.87,39.75,22.0,1707.0,296.0,822.0,297.0,3.6625,104607.0,INLAND
-119.81,36.76,48.0,2059.0,388.0,834.0,405.0,2.9306,77835.0,INLAND
-121.87,37.32,39.0,1839.0,471.0,1528.0,456.0,2.6818,181447.0,<1H OCEAN
-118.45,33.99,52.0,1829.0,472.0,779.0,424.0,3.1607,362128.05,<1H OCEAN
-119.5,34.35,39.0,308.0,38.0,59.0,21.0,11.7794,271953.26,NEAR OCEAN
-117.92,33.91,33.0,2868.0,382.0,1204.0,412.0,6.1825,296551.0,<1H OCEAN
-119.8,36.75,52.0,1788.0,449.0,1156.0,418.0,1.7298,64514.0,INLAND
-118.23,33.93,39.0,2065.0,532.0,2015.0,535.0,0.8478,100693.0,<1H OCEAN
-119.79,36.76,52.0,2408.0,498.0,1361.0,465.0,2.1055,62901.0,INLAND
-120.45,34.96,21.0,2121.0,445.0,2211.0,463.0,4.0603,164929.0,<1H OCEAN
-121.96,37.95,13.0,3216.0,765.0,1627.0,715.0,3.0859,138881.0,INLAND
-117.09,32.8,36.0,2163.0,367.0,915.0,360.0,4.7188,181208.0,NEAR OCEAN
-117.85,33.62,18.0,729.0,105.0,316.0,108.0,10.3893,473122.47,<1H OCEAN
-122.19,39.74,39.0,4179.0,814.0,2111.0,809.0,2.3507,77726.0,INLAND
-122.45,37.9,30.0,3763.0,717.0,1292.0,632.0,8.4888,459539.24,NEAR BAY
-122.06,37.86,16.0,5187.0,1014.0,1512.0,986.0,4.4551,284813.09,NEAR BAY
-120.5,38.87,10.0,81.0,41.0,55.0,16.0,4.9583,175742.0,INLAND
-120.41,34.87,15.0,1534.0,251.0,761.0,240.0,4.9028,211795.0,<1H OCEAN
-117.76,34.13,8.0,16759.0,2274.0,7249.0,2156.0,7.4837,307902.0,INLAND
-121.32,36.79,30.0,516.0,90.0,288.0,95.0,3.6333,186662.0,INLAND
-121.96,37.53,23.0,2215.0,475.0,1278.0,492.0,4.2955,234358.0,<1H OCEAN
-124.09,40.92,12.0,2497.0,491.0,1153.0,462.0,2.8182,102405.0,NEAR OCEAN
-121.49,37.94,31.0,1860.0,394.0,1848.0,293.0,2.2891,87402.0,INLAND
-117.26,33.18,9.0,4540.0,793.0,2235.0,746.0,4.5781,249991.0,NEAR OCEAN
-115.51,33.12,21.0,1024.0,218.0,890.0,232.0,2.101,59309.0,INLAND
-117.88,33.74,16.0,1444.0,446.0,2329.0,441.0,3.1691,164671.0,<1H OCEAN
-122.42,37.78,52.0,989.0,425.0,634.0,341.0,2.4414,299012.13,NEAR BAY
-122.2,37.75,36.0,606.0,132.0,531.0,133.0,1.5809,84942.0,NEAR BAY
-116.96,34.94,20.0,2355.0,467.0,1198.0,428.0,3.9934,91022.0,INLAND
-117.95,33.84,34.0,1229.0,215.0,1035.0,218.0,3.5455,178530.0,<1H OCEAN
-121.93,37.71,26.0,4822.0,845.0,2288.0,805.0,4.2281,246288.01,<1H OCEAN
-121.77,37.22,16.0,1617.0,306.0,667.0,264.0,4.5221,259498.02,<1H OCEAN
-121.96,38.34,14.0,3035.0,680.0,1597.0,663.0,3.6036,139806.0,INLAND
-121.32,36.42,20.0,1054.0,269.0,1219.0,273.0,3.0437,150431.0,<1H OCEAN
-118.44,33.98,21.0,18132.0,5419.0,7431.0,4930.0,5.3359,382124.36,<1H OCEAN
-124.17,40.8,52.0,1606.0,419.0,891.0,367.0,1.585,77002.0,NEAR OCEAN
-122.23,37.45,34.0,4177.0,723.0,1586.0,660.0,5.0457,349132.09,NEAR OCEAN
-117.15,34.48,31.0,265.0,55.0,186.0,55.0,2.125,98291.0,INLAND
-117.98,34.14,24.0,1596.0,388.0,1329.0,352.0,3.0417,145260.0,INLAND
-120.95,37.59,29.0,1727.0,439.0,1063.0,386.0,1.8929,88440.0,INLAND
-121.95,37.35,48.0,1246.0,294.0,697.0,284.0,3.6118,249151.0,<1H OCEAN
-122.38,37.34,33.0,1054.0,209.0,400.0,161.0,7.7773,444502.44,NEAR OCEAN
-121.47,38.68,19.0,946.0,182.0,474.0,173.0,5.0155,170070.0,INLAND
-118.45,34.19,11.0,2479.0,900.0,2466.0,855.0,2.2264,200140.0,<1H OCEAN
-121.88,37.26,25.0,3025.0,689.0,1755.0,661.0,3.8893,226101.0,<1H OCEAN
-121.8,40.34,26.0,4815.0,910.0,1341.0,539.0,2.881,94354.0,INLAND
-121.82,37.39,37.0,4137.0,636.0,1569.0,578.0,6.1008,413987.16,<1H OCEAN
-120.87,38.71,13.0,2692.0,470.0,1302.0,420.0,4.0,154428.0,INLAND
-115.56,32.79,20.0,2372.0,835.0,2283.0,767.0,1.1707,62500.0,INLAND
-122.49,37.7,36.0,1946.0,340.0,828.0,313.0,5.2811,314850.0,NEAR OCEAN
-118.37,34.03,37.0,1236.0,,966.0,292.0,3.0694,243455.01,<1H OCEAN
-118.39,34.15,36.0,2696.0,713.0,905.0,659.0,3.1146,372160.11,<1H OCEAN
-119.78,36.73,52.0,1377.0,319.0,1280.0,259.0,1.2344,50727.0,INLAND
-117.89,33.66,33.0,3595.0,785.0,1621.0,732.0,4.1372,273189.0,<1H OCEAN
-121.37,38.56,19.0,6308.0,1167.0,3012.0,1112.0,2.9464,117800.0,INLAND
-118.2,33.85,46.0,1854.0,462.0,1360.0,429.0,2.4844,156041.0,<1H OCEAN
-120.46,37.31,26.0,3170.0,572.0,1524.0,565.0,3.48,106397.0,INLAND
-120.94,37.65,13.0,5075.0,978.0,3033.0,838.0,3.0577,114170.0,INLAND
-121.79,37.66,22.0,14701.0,2210.0,6693.0,2232.0,5.98,267405.0,INLAND
-122.08,40.64,14.0,3099.0,519.0,1447.0,494.0,4.0132,130666.0,INLAND
-118.41,34.02,34.0,1430.0,357.0,805.0,362.0,3.3462,327054.06,<1H OCEAN
-118.3,33.97,46.0,1425.0,317.0,1140.0,304.0,3.375,129812.0,<1H OCEAN
-118.42,34.16,46.0,54.0,9.0,20.0,6.0,0.536,360738.29,<1H OCEAN
-121.88,37.44,17.0,1621.0,299.0,1028.0,293.0,5.2722,234293.0,<1H OCEAN
-118.17,34.19,45.0,1790.0,316.0,1035.0,312.0,4.0985,220125.0,<1H OCEAN
-116.86,32.87,17.0,5799.0,921.0,2630.0,843.0,5.0524,209643.0,<1H OCEAN
-118.13,33.86,37.0,2259.0,425.0,1183.0,413.0,5.1805,249315.01,<1H OCEAN
-119.24,35.77,28.0,1737.0,521.0,1764.0,514.0,1.7813,53860.0,INLAND
-121.67,36.93,22.0,569.0,132.0,542.0,125.0,2.1875,149923.0,<1H OCEAN
-121.94,37.31,5.0,2364.0,578.0,1102.0,502.0,5.2642,311017.04,<1H OCEAN
-119.33,36.32,23.0,3137.0,628.0,1446.0,548.0,2.5,83136.0,INLAND
-117.23,32.8,27.0,1297.0,355.0,776.0,337.0,2.4643,215829.0,NEAR OCEAN
-121.27,37.96,41.0,461.0,101.0,382.0,79.0,1.275,66538.0,INLAND
-118.19,34.13,50.0,1309.0,302.0,883.0,293.0,3.1287,192463.0,<1H OCEAN
-122.52,37.88,52.0,176.0,50.0,88.0,46.0,3.8068,409178.04,NEAR BAY
-118.11,33.9,35.0,1323.0,269.0,1084.0,240.0,5.0753,188321.0,<1H OCEAN
-121.76,38.57,11.0,15018.0,3008.0,7984.0,2962.0,3.1371,142151.0,INLAND
-116.97,33.78,24.0,2680.0,606.0,1728.0,527.0,2.535,111246.0,INLAND
-117.17,32.75,28.0,1514.0,384.0,540.0,352.0,2.1532,157694.0,NEAR OCEAN
-118.4,33.87,38.0,2398.0,431.0,911.0,392.0,5.2319,415151.37,<1H OCEAN
-118.41,34.03,24.0,3711.0,1192.0,1764.0,1147.0,3.1642,354021.02,<1H OCEAN
-122.63,38.24,45.0,1615.0,338.0,823.0,327.0,2.5179,208359.0,<1H OCEAN
-120.59,37.59,36.0,291.0,48.0,124.0,47.0,5.6945,204374.0,INLAND
-120.98,38.34,27.0,3471.0,653.0,1793.0,600.0,3.5508,133199.0,INLAND
-118.37,33.93,10.0,199.0,41.0,61.0,56.0,2.8958,215994.03,<1H OCEAN
-118.28,34.17,52.0,2332.0,433.0,1135.0,440.0,5.5658,363170.07,<1H OCEAN
-118.21,34.04,47.0,1306.0,391.0,1499.0,346.0,2.2788,142921.0,<1H OCEAN
-122.4,37.76,52.0,4265.0,912.0,1555.0,836.0,4.119,319883.03,NEAR BAY
-118.4,34.14,45.0,417.0,89.0,187.0,88.0,5.1377,334396.12,<1H OCEAN
-121.53,38.56,39.0,2438.0,483.0,1103.0,472.0,2.9375,105981.0,INLAND
-121.89,37.25,23.0,2705.0,449.0,1180.0,442.0,6.0791,302801.01,<1H OCEAN
-119.65,36.35,38.0,3148.0,568.0,1378.0,537.0,2.8788,76333.0,INLAND
-117.95,35.13,4.0,2630.0,502.0,1150.0,422.0,4.25,98301.0,INLAND
-121.96,38.02,35.0,2691.0,542.0,1409.0,505.0,3.016,106200.0,INLAND
-122.04,38.24,22.0,2761.0,757.0,2612.0,641.0,1.6875,100602.0,INLAND
-122.11,37.14,29.0,3201.0,640.0,1722.0,570.0,4.4597,256874.05,NEAR OCEAN
-117.3,34.12,50.0,1629.0,437.0,1581.0,394.0,2.2019,75498.0,INLAND
-122.58,38.46,15.0,2936.0,517.0,1182.0,501.0,3.3981,195820.0,<1H OCEAN
-122.18,37.8,23.0,2317.0,336.0,955.0,328.0,6.7527,332322.01,NEAR BAY
-118.15,34.67,5.0,12317.0,2953.0,6291.0,2654.0,3.5732,138843.0,INLAND
-118.19,33.82,11.0,872.0,203.0,422.0,221.0,4.6364,236810.01,NEAR OCEAN
-121.46,38.55,40.0,2077.0,435.0,1454.0,385.0,2.0074,71917.0,INLAND
-117.99,33.66,29.0,1330.0,293.0,613.0,236.0,4.6591,314149.1,<1H OCEAN
-118.27,33.76,46.0,22.0,11.0,32.0,7.0,3.125,245102.02,NEAR OCEAN
-117.28,32.83,34.0,2392.0,653.0,933.0,619.0,3.7306,394880.32,NEAR OCEAN
-118.34,33.93,33.0,4294.0,1224.0,4512.0,1189.0,2.8304,174727.0,<1H OCEAN
-119.55,36.72,6.0,1186.0,234.0,1135.0,218.0,2.1515,89118.0,INLAND
-116.48,33.94,10.0,3254.0,913.0,923.0,486.0,1.8,100186.0,INLAND
-120.93,39.96,15.0,1666.0,351.0,816.0,316.0,2.9559,93381.0,INLAND
-114.65,33.6,28.0,1678.0,322.0,666.0,256.0,2.9653,82448.0,INLAND
-122.48,37.75,48.0,2555.0,548.0,1285.0,482.0,3.7734,328470.0,NEAR BAY
-117.85,34.1,22.0,5179.0,944.0,2315.0,884.0,4.51,204697.0,<1H OCEAN
-122.29,37.9,52.0,1604.0,263.0,594.0,286.0,5.338,333064.13,NEAR BAY
-120.81,38.73,38.0,2005.0,385.0,882.0,353.0,2.5104,111092.0,INLAND
-122.26,37.78,52.0,970.0,217.0,528.0,208.0,3.3438,205949.0,NEAR BAY
-118.47,33.99,41.0,1146.0,310.0,833.0,270.0,2.5938,333682.03,<1H OCEAN
-116.39,33.82,15.0,11115.0,2257.0,4122.0,1653.0,2.7219,109184.0,INLAND
-117.85,33.79,46.0,1846.0,383.0,867.0,336.0,3.4234,211991.0,<1H OCEAN
-122.27,37.89,52.0,1978.0,293.0,723.0,272.0,5.3989,315323.05,NEAR BAY
-122.32,37.55,44.0,2151.0,411.0,849.0,370.0,4.4583,380796.08,NEAR OCEAN
-118.58,34.17,29.0,3393.0,574.0,1471.0,587.0,6.2064,382453.16,<1H OCEAN
-118.44,34.32,14.0,6235.0,1286.0,3568.0,1190.0,4.1724,211525.0,<1H OCEAN
-116.15,34.14,18.0,3312.0,705.0,1251.0,512.0,3.0139,77838.0,INLAND
-117.92,33.75,32.0,790.0,199.0,1196.0,201.0,3.0625,165035.0,<1H OCEAN
-118.36,33.89,27.0,2837.0,684.0,2141.0,648.0,3.1325,231280.0,<1H OCEAN
-117.91,33.78,26.0,4297.0,1037.0,3596.0,967.0,3.045,185676.0,<1H OCEAN
-117.39,34.09,10.0,5736.0,945.0,3528.0,932.0,4.3958,136490.0,INLAND
-118.08,33.86,17.0,2259.0,383.0,1378.0,386.0,5.8733,297813.05,<1H OCEAN
-117.82,33.67,17.0,2895.0,439.0,1588.0,450.0,6.276,291903.0,<1H OCEAN
-116.89,32.99,14.0,2816.0,501.0,1448.0,452.0,5.0278,194597.0,<1H OCEAN
-117.98,34.07,15.0,3543.0,888.0,3131.0,823.0,3.0184,145809.0,INLAND
-122.71,38.42,23.0,1569.0,414.0,1031.0,368.0,1.6267,141771.0,<1H OCEAN
-122.13,37.44,38.0,2835.0,447.0,1148.0,446.0,5.9277,374138.07,NEAR BAY
-121.47,39.01,37.0,1244.0,247.0,484.0,157.0,2.3661,87475.0,INLAND
-118.08,33.94,21.0,3933.0,949.0,2219.0,820.0,2.4926,176250.0,<1H OCEAN
-119.03,34.25,25.0,3344.0,502.0,1483.0,496.0,6.196,275401.0,<1H OCEAN
-118.13,33.81,37.0,1228.0,237.0,572.0,242.0,4.325,224250.0,<1H OCEAN
-117.88,33.74,31.0,1120.0,296.0,1718.0,268.0,2.8077,167222.0,<1H OCEAN
-118.16,33.77,38.0,3235.0,769.0,1284.0,752.0,2.9384,250427.0,NEAR OCEAN
-122.79,39.02,23.0,642.0,203.0,265.0,84.0,1.8833,86726.99,INLAND
-120.03,38.19,26.0,7005.0,1358.0,416.0,189.0,2.125,108098.0,INLAND
-117.09,32.57,17.0,444.0,83.0,357.0,87.0,5.1478,175759.02,NEAR OCEAN
-119.57,37.94,17.0,346.0,130.0,51.0,20.0,3.4861,149829.0,INLAND
-121.07,39.13,8.0,4839.0,832.0,1977.0,762.0,4.0848,174083.0,INLAND
-115.57,32.78,25.0,2007.0,301.0,1135.0,332.0,5.128,136908.01,INLAND
-117.09,33.15,13.0,3958.0,865.0,1981.0,840.0,3.4764,171777.0,<1H OCEAN
-122.85,38.62,16.0,4418.0,704.0,1908.0,697.0,4.5913,235900.0,<1H OCEAN
-118.47,34.23,22.0,8350.0,2717.0,9135.0,2452.0,2.5008,190293.0,<1H OCEAN
-118.14,34.17,42.0,2757.0,713.0,2112.0,653.0,2.7148,180362.01,<1H OCEAN
-122.45,37.71,49.0,2244.0,442.0,1948.0,423.0,4.7639,267597.03,NEAR OCEAN
-122.04,38.25,38.0,1214.0,244.0,632.0,254.0,2.8438,100973.0,INLAND
-118.8,34.21,16.0,1466.0,196.0,661.0,209.0,6.2893,269243.0,<1H OCEAN
-118.08,34.16,42.0,3490.0,665.0,1713.0,620.0,4.5461,289669.0,INLAND
-117.04,32.74,33.0,3880.0,770.0,2288.0,805.0,3.6848,144137.0,NEAR OCEAN
-121.87,37.27,18.0,3561.0,560.0,1753.0,553.0,5.0292,256989.0,<1H OCEAN
-120.48,41.82,20.0,1367.0,284.0,429.0,181.0,2.0227,66729.0,INLAND
-122.76,38.35,30.0,2260.0,374.0,958.0,359.0,5.0323,251577.0,<1H OCEAN
-122.34,40.51,16.0,2247.0,502.0,1206.0,463.0,1.9946,77906.0,INLAND
-117.0,32.73,17.0,6050.0,1143.0,3424.0,1131.0,3.7647,150563.0,<1H OCEAN
-117.31,34.5,14.0,2443.0,447.0,883.0,465.0,2.1111,101873.0,INLAND
-119.33,36.32,19.0,2778.0,431.0,1092.0,451.0,5.2561,130757.0,INLAND
-123.19,39.12,38.0,267.0,57.0,196.0,60.0,2.3125,118210.0,<1H OCEAN
-118.43,34.18,33.0,2717.0,662.0,1546.0,597.0,3.9099,265369.0,<1H OCEAN
-118.24,34.14,27.0,2909.0,1021.0,2614.0,935.0,2.1444,220909.0,<1H OCEAN
-122.46,37.75,52.0,1207.0,152.0,465.0,162.0,10.7569,499758.99,NEAR BAY
-117.05,32.75,35.0,2144.0,388.0,1003.0,383.0,3.0938,151492.0,NEAR OCEAN
-118.96,34.3,16.0,3103.0,482.0,1567.0,467.0,6.907,341831.07,<1H OCEAN
-122.14,37.46,27.0,5580.0,2009.0,4165.0,1763.0,2.4375,192792.0,NEAR BAY
-118.44,34.24,35.0,2344.0,435.0,1531.0,399.0,3.725,182080.0,<1H OCEAN
-121.42,38.55,35.0,182.0,39.0,115.0,43.0,2.6417,97411.0,INLAND
-121.87,37.33,37.0,3137.0,685.0,2048.0,651.0,3.0156,182227.0,<1H OCEAN
-122.22,37.46,37.0,2586.0,495.0,1208.0,502.0,4.3214,345820.08,NEAR OCEAN
-118.35,34.16,49.0,1305.0,228.0,584.0,255.0,5.636,358833.12,<1H OCEAN
-117.88,33.83,25.0,1785.0,248.0,750.0,251.0,6.8407,300428.01,<1H OCEAN
-119.87,36.79,8.0,2875.0,548.0,1718.0,551.0,3.6522,85206.0,INLAND
-122.27,37.85,52.0,4076.0,920.0,1800.0,815.0,2.7054,196054.0,NEAR BAY
-118.16,33.87,32.0,1854.0,471.0,1363.0,478.0,2.6406,177917.0,<1H OCEAN
-120.87,37.76,16.0,2022.0,413.0,1126.0,408.0,2.5655,119871.0,INLAND
-122.44,37.77,52.0,2705.0,647.0,1355.0,628.0,2.0161,282772.0,NEAR BAY
-117.37,34.01,15.0,1386.0,247.0,703.0,185.0,3.6415,133982.0,INLAND
-118.47,34.03,29.0,3287.0,882.0,1523.0,823.0,3.7381,408483.11,<1H OCEAN
-118.28,33.92,39.0,1274.0,282.0,975.0,277.0,1.5114,100618.0,<1H OCEAN
-117.8,33.69,16.0,2745.0,447.0,1429.0,411.0,6.8219,290950.0,<1H OCEAN
-122.17,38.08,7.0,18392.0,2782.0,8276.0,2742.0,6.4232,303433.01,NEAR BAY
-118.07,34.07,31.0,1370.0,284.0,1062.0,277.0,3.5156,176922.0,<1H OCEAN
-122.15,37.47,39.0,1295.0,239.0,566.0,242.0,5.6407,344683.05,NEAR BAY
-117.82,33.81,19.0,2556.0,304.0,822.0,260.0,9.9055,477277.52,<1H OCEAN
-121.86,37.39,17.0,1777.0,328.0,1235.0,329.0,5.4225,229324.0,<1H OCEAN
-117.19,32.75,52.0,25.0,5.0,13.0,5.0,0.536,178910.1,NEAR OCEAN
-121.29,38.03,7.0,2021.0,441.0,1615.0,406.0,2.5842,113561.0,INLAND
-121.89,37.45,15.0,2428.0,513.0,1687.0,519.0,4.75,219423.0,<1H OCEAN
-118.95,34.81,30.0,2817.0,604.0,1089.0,412.0,3.1364,112538.0,INLAND
-118.43,34.01,31.0,2526.0,528.0,1046.0,504.0,4.7009,416658.19,<1H OCEAN
-121.94,38.35,8.0,3157.0,559.0,1758.0,569.0,4.412,142735.0,INLAND
-118.29,33.92,23.0,2503.0,532.0,1735.0,505.0,2.7368,165723.0,<1H OCEAN
-118.08,33.87,23.0,2536.0,552.0,2012.0,556.0,4.1406,187080.0,<1H OCEAN
-117.17,32.71,7.0,2493.0,693.0,951.0,641.0,4.2375,267878.05,NEAR OCEAN
-118.46,34.03,52.0,523.0,,317.0,130.0,2.2794,320269.09,<1H OCEAN
-120.59,37.35,15.0,3249.0,613.0,1569.0,595.0,3.5393,101732.0,INLAND
-122.26,37.45,17.0,2742.0,441.0,986.0,421.0,5.9285,401955.16,NEAR OCEAN
-117.31,34.53,26.0,2299.0,496.0,1259.0,441.0,2.6125,110581.0,INLAND
-120.48,39.66,32.0,1516.0,289.0,304.0,131.0,1.8839,75234.0,INLAND
-118.45,34.31,9.0,1739.0,358.0,820.0,323.0,4.0556,208849.03,<1H OCEAN
-118.16,34.04,45.0,332.0,70.0,302.0,60.0,3.1895,169492.0,<1H OCEAN
-118.23,33.93,37.0,239.0,49.0,308.0,52.0,1.4028,167484.0,<1H OCEAN
-121.04,37.5,33.0,613.0,123.0,343.0,116.0,3.1875,136688.0,INLAND
-121.13,36.21,34.0,2504.0,550.0,1810.0,547.0,3.4821,176796.0,<1H OCEAN
-121.88,37.24,24.0,4420.0,996.0,2981.0,975.0,3.506,247805.01,<1H OCEAN
-118.35,34.17,47.0,858.0,170.0,365.0,171.0,2.0385,234160.0,<1H OCEAN
-121.94,37.34,29.0,3377.0,853.0,1674.0,792.0,3.4233,274556.01,<1H OCEAN
-121.17,37.82,35.0,2506.0,406.0,1316.0,398.0,3.8472,144260.0,INLAND
-118.4,34.07,22.0,2170.0,593.0,850.0,520.0,2.9107,379043.2,<1H OCEAN
-122.41,37.77,52.0,361.0,76.0,168.0,55.0,3.2292,288718.01,NEAR BAY
-122.1,37.4,23.0,514.0,210.0,367.0,206.0,3.1736,217670.0,NEAR BAY
-121.29,38.67,20.0,1992.0,363.0,889.0,346.0,3.6516,134264.0,INLAND
-119.69,36.82,15.0,3303.0,512.0,1687.0,505.0,4.81,119958.0,INLAND
-118.28,34.18,47.0,2243.0,339.0,911.0,319.0,7.4046,448828.39,<1H OCEAN
-118.02,34.04,27.0,5640.0,1001.0,3538.0,978.0,5.065,249847.01,<1H OCEAN
-120.45,34.65,25.0,980.0,276.0,896.0,245.0,2.0,141787.0,NEAR OCEAN
-122.18,37.8,34.0,1355.0,195.0,442.0,195.0,6.2838,393654.03,NEAR BAY
-118.41,34.19,39.0,1169.0,242.0,612.0,247.0,4.1429,222168.0,<1H OCEAN
-122.42,37.79,52.0,3511.0,1232.0,2452.0,1131.0,2.5013,321731.1,NEAR BAY
-117.28,34.26,18.0,3895.0,,1086.0,375.0,3.3672,119886.0,INLAND
-118.31,34.01,52.0,2547.0,475.0,1417.0,444.0,1.8214,123325.0,<1H OCEAN
-118.28,33.97,31.0,2017.0,566.0,2063.0,521.0,1.9219,104671.0,<1H OCEAN
-121.89,36.63,20.0,1834.0,554.0,971.0,514.0,3.0383,213195.0,<1H OCEAN
-118.56,34.23,36.0,2406.0,432.0,1242.0,454.0,4.6944,223478.0,<1H OCEAN
-121.62,39.13,41.0,1147.0,243.0,583.0,239.0,2.2431,81006.0,INLAND
-121.86,37.37,15.0,8162.0,2124.0,8793.0,2086.0,3.3306,203450.0,<1H OCEAN
-122.2,37.77,43.0,2430.0,502.0,1537.0,484.0,2.898,135448.0,NEAR BAY
-117.71,34.1,41.0,555.0,130.0,1492.0,123.0,2.2813,120662.0,INLAND
-118.41,34.21,35.0,2215.0,459.0,1594.0,446.0,4.0167,188701.0,<1H OCEAN
-118.2,33.98,32.0,1403.0,399.0,1506.0,375.0,2.0,154733.0,<1H OCEAN
-118.08,34.55,5.0,16181.0,2971.0,8152.0,2651.0,4.5237,154131.0,INLAND
-121.76,37.69,29.0,3433.0,711.0,1919.0,709.0,3.3841,172905.0,INLAND
-122.02,37.94,19.0,3192.0,612.0,1317.0,594.0,4.125,203516.0,NEAR BAY
-118.27,34.09,52.0,2327.0,555.0,1048.0,491.0,3.7847,257201.01,<1H OCEAN
-122.02,37.89,29.0,6349.0,858.0,2450.0,778.0,7.5,390124.01,NEAR BAY
-121.88,37.46,5.0,1819.0,245.0,802.0,228.0,10.9722,497024.92,<1H OCEAN
-118.1,33.84,36.0,1915.0,316.0,850.0,319.0,4.7222,224144.0,<1H OCEAN
-117.85,34.07,32.0,761.0,101.0,295.0,95.0,11.1077,478726.42,<1H OCEAN
-117.04,32.8,11.0,1802.0,440.0,630.0,428.0,2.0337,136045.0,<1H OCEAN
-118.38,33.81,20.0,1975.0,306.0,703.0,292.0,8.5491,477285.79,NEAR OCEAN
-122.29,37.87,44.0,2539.0,755.0,1382.0,713.0,2.537,194464.0,NEAR BAY
-120.17,39.33,18.0,1046.0,204.0,486.0,179.0,4.119,143687.0,INLAND
-122.0,38.41,11.0,2838.0,429.0,1331.0,426.0,4.945,185297.0,INLAND
-118.12,33.85,37.0,2386.0,409.0,1101.0,399.0,4.6908,217609.0,<1H OCEAN
-118.29,33.71,40.0,1933.0,475.0,902.0,412.0,4.25,318534.07,NEAR OCEAN
-120.84,37.07,24.0,1520.0,335.0,882.0,306.0,2.2019,90214.0,INLAND
-118.38,34.07,21.0,3653.0,956.0,1510.0,890.0,3.5573,436690.3,<1H OCEAN
-121.97,37.97,24.0,1330.0,183.0,656.0,205.0,5.0092,194683.0,INLAND
-118.77,34.28,6.0,4685.0,965.0,2180.0,909.0,4.5458,257321.0,<1H OCEAN
-118.99,35.37,36.0,832.0,198.0,814.0,174.0,1.4773,50877.0,INLAND
-117.18,32.79,30.0,5201.0,1104.0,2961.0,1064.0,3.2661,218179.01,NEAR OCEAN
-118.05,33.93,31.0,894.0,203.0,883.0,190.0,3.6771,166906.0,<1H OCEAN
-120.89,37.45,29.0,1940.0,337.0,1070.0,332.0,3.6597,143546.0,INLAND
-118.2,34.14,52.0,3800.0,646.0,1842.0,620.0,5.5524,361351.13,<1H OCEAN
-118.48,34.19,36.0,2058.0,423.0,1132.0,423.0,3.8833,216556.0,<1H OCEAN
-117.99,33.82,19.0,1991.0,528.0,1202.0,460.0,3.1538,197396.0,<1H OCEAN
-117.76,33.81,2.0,582.0,70.0,199.0,64.0,7.1193,356579.1,<1H OCEAN
-118.93,34.4,17.0,3275.0,599.0,2422.0,637.0,3.7092,183609.0,<1H OCEAN
-122.13,37.71,44.0,1613.0,339.0,776.0,346.0,3.1103,181439.0,NEAR BAY
-122.07,37.89,38.0,2139.0,343.0,809.0,340.0,5.5636,304549.01,NEAR BAY
-121.85,39.74,41.0,2901.0,689.0,1426.0,632.0,1.5633,65495.0,INLAND
-117.04,32.77,16.0,7963.0,1881.0,3769.0,1804.0,2.9624,155539.0,<1H OCEAN
-118.13,33.84,46.0,2439.0,429.0,944.0,374.0,4.2841,254060.01,<1H OCEAN
-117.13,32.72,17.0,1285.0,423.0,1208.0,409.0,1.758,122017.0,NEAR OCEAN
-117.72,33.61,26.0,2653.0,621.0,774.0,584.0,2.49,121919.0,<1H OCEAN
-119.79,36.82,23.0,4358.0,819.0,1852.0,802.0,3.4167,101358.0,INLAND
-118.31,34.16,37.0,2144.0,446.0,860.0,435.0,3.9464,285017.01,<1H OCEAN
-118.62,34.2,23.0,3098.0,542.0,1486.0,492.0,5.7613,276099.01,<1H OCEAN
-121.33,38.28,14.0,980.0,171.0,659.0,183.0,4.4306,155347.0,INLAND
-118.26,33.95,44.0,1481.0,329.0,999.0,315.0,1.5147,95119.0,<1H OCEAN
-120.41,34.86,15.0,978.0,187.0,407.0,182.0,4.375,246459.03,<1H OCEAN
-119.08,36.2,30.0,1677.0,358.0,1159.0,365.0,2.4554,65065.0,INLAND
-117.21,33.02,26.0,3194.0,454.0,1032.0,406.0,10.156,496608.97,NEAR OCEAN
-122.47,37.66,18.0,4172.0,806.0,3226.0,790.0,5.7535,323711.07,NEAR OCEAN
-121.92,36.62,52.0,728.0,161.0,313.0,142.0,3.4327,277588.04,NEAR OCEAN
-119.13,36.13,28.0,1673.0,385.0,1434.0,371.0,2.0586,54447.0,INLAND
-118.46,33.99,52.0,1158.0,253.0,528.0,253.0,3.5234,350727.05,<1H OCEAN
-122.01,36.99,41.0,2548.0,508.0,1290.0,488.0,3.6902,246837.0,NEAR OCEAN
-118.15,34.17,46.0,2553.0,558.0,1740.0,492.0,2.0278,190784.08,<1H OCEAN
-117.25,34.11,30.0,2173.0,560.0,1509.0,486.0,1.4079,74192.0,INLAND
-118.13,33.81,36.0,1749.0,322.0,855.0,319.0,4.6473,231677.0,<1H OCEAN
-118.94,34.18,25.0,3502.0,508.0,1713.0,508.0,5.5181,270203.02,<1H OCEAN
-122.28,37.81,35.0,948.0,184.0,467.0,169.0,1.8088,111569.0,NEAR BAY
-117.08,32.7,37.0,2176.0,418.0,1301.0,375.0,2.875,121040.0,NEAR OCEAN
-118.19,33.98,40.0,973.0,272.0,1257.0,258.0,2.8214,149697.0,<1H OCEAN
-122.11,37.38,22.0,3638.0,719.0,1329.0,650.0,5.0804,362768.17,NEAR BAY
-122.75,39.01,17.0,4162.0,967.0,889.0,414.0,3.4187,151133.0,INLAND
-122.67,38.25,32.0,1333.0,235.0,660.0,206.0,4.0729,257879.0,<1H OCEAN
-119.03,35.34,36.0,3474.0,645.0,1679.0,616.0,2.7256,69864.0,INLAND
-118.32,33.73,25.0,1099.0,168.0,407.0,159.0,7.6886,436123.62,NEAR OCEAN
-118.12,33.75,47.0,3330.0,569.0,1220.0,557.0,7.3672,469010.58,NEAR OCEAN
-117.25,32.8,37.0,1096.0,260.0,490.0,267.0,3.2663,283028.05,NEAR OCEAN
-118.19,34.03,42.0,2250.0,629.0,2588.0,609.0,1.9719,142154.0,<1H OCEAN
-117.91,34.1,35.0,2746.0,478.0,1779.0,501.0,4.25,169179.0,<1H OCEAN
-118.32,33.94,36.0,1153.0,224.0,639.0,226.0,4.0,174273.0,<1H OCEAN
-118.3,33.9,19.0,2421.0,689.0,1726.0,660.0,3.287,198491.0,<1H OCEAN
-117.47,33.94,34.0,2086.0,417.0,1501.0,395.0,3.2311,112812.0,INLAND
-122.27,37.85,52.0,335.0,83.0,152.0,77.0,2.2841,180828.05,NEAR BAY
-119.29,36.32,33.0,2107.0,451.0,1364.0,442.0,2.2024,64017.0,INLAND
-118.22,34.12,37.0,1298.0,242.0,750.0,255.0,5.2049,295524.03,<1H OCEAN
-122.35,37.98,34.0,3756.0,726.0,2237.0,686.0,3.7562,137318.0,NEAR BAY
-122.48,37.67,14.0,3395.0,1059.0,2258.0,945.0,2.964,236206.01,NEAR OCEAN
-118.41,33.97,44.0,2789.0,503.0,3732.0,474.0,4.6176,326299.01,<1H OCEAN
-117.15,33.16,5.0,4750.0,962.0,2726.0,905.0,3.5839,193855.0,<1H OCEAN
-118.41,34.19,45.0,1106.0,225.0,595.0,228.0,3.6625,205889.0,<1H OCEAN
-120.95,37.59,43.0,1561.0,354.0,862.0,332.0,1.8466,80038.0,INLAND
-122.01,39.21,50.0,1592.0,372.0,781.0,307.0,2.2679,85309.0,INLAND
-116.98,32.79,32.0,3756.0,662.0,1611.0,598.0,3.8667,165482.0,<1H OCEAN
-118.34,34.26,37.0,1776.0,301.0,702.0,265.0,5.2661,322831.07,<1H OCEAN
-118.31,33.88,35.0,1939.0,412.0,1036.0,400.0,3.5556,234675.0,<1H OCEAN
-117.13,32.73,52.0,1911.0,415.0,777.0,412.0,2.2429,173577.0,NEAR OCEAN
-117.12,32.9,13.0,1743.0,363.0,854.0,353.0,4.6667,181393.0,<1H OCEAN
-121.33,38.01,27.0,1612.0,234.0,630.0,255.0,5.318,159858.0,INLAND
-117.09,32.64,30.0,3171.0,862.0,2126.0,800.0,2.507,110334.0,NEAR OCEAN
-118.94,34.17,16.0,3746.0,508.0,1556.0,452.0,6.3303,293378.0,<1H OCEAN
-117.46,34.85,7.0,9759.0,1816.0,2933.0,1168.0,3.4912,104399.0,INLAND
-118.19,34.12,44.0,1219.0,324.0,1036.0,282.0,4.0417,194076.0,<1H OCEAN
-117.11,32.75,11.0,1607.0,478.0,1384.0,450.0,2.05,102740.0,NEAR OCEAN
-118.28,34.04,48.0,1521.0,513.0,1772.0,458.0,2.2232,142625.0,<1H OCEAN
-122.44,37.72,49.0,1557.0,405.0,1173.0,385.0,3.4605,241763.0,NEAR BAY
-121.96,37.34,34.0,1461.0,299.0,739.0,276.0,3.4375,256623.0,<1H OCEAN
-121.45,36.51,29.0,1045.0,311.0,1245.0,273.0,1.775,126980.0,<1H OCEAN
-118.22,33.96,42.0,1380.0,331.0,1290.0,288.0,2.8,142929.0,<1H OCEAN
-118.08,34.0,35.0,1188.0,342.0,1373.0,332.0,2.9107,156085.0,<1H OCEAN
-114.6,34.83,46.0,1497.0,309.0,787.0,271.0,2.1908,60116.92,INLAND
-121.28,38.68,14.0,11442.0,2690.0,6068.0,2435.0,2.6016,127177.0,INLAND
-117.86,33.63,17.0,3095.0,551.0,1175.0,534.0,5.3099,292402.1,<1H OCEAN
-118.36,33.98,45.0,1559.0,305.0,891.0,341.0,4.4038,227558.0,<1H OCEAN
-122.55,38.03,29.0,7174.0,1169.0,3063.0,1172.0,6.0902,370221.05,NEAR BAY
-118.37,34.14,21.0,4670.0,1161.0,1914.0,1094.0,3.7986,342809.09,<1H OCEAN
-122.06,37.95,36.0,2213.0,386.0,950.0,370.0,4.7386,209629.0,NEAR BAY
-117.9,33.67,26.0,2507.0,393.0,1333.0,392.0,6.1601,292760.0,<1H OCEAN
-122.07,40.95,14.0,2721.0,627.0,1356.0,468.0,3.0299,96790.0,INLAND
-118.13,33.93,34.0,2122.0,517.0,1578.0,488.0,3.1496,204653.0,<1H OCEAN
-118.3,34.03,40.0,1695.0,374.0,1138.0,357.0,2.7125,134163.0,<1H OCEAN
-121.85,38.0,26.0,3364.0,570.0,1806.0,566.0,4.2647,143211.0,INLAND
-118.45,34.18,22.0,2516.0,826.0,3350.0,713.0,2.0192,183774.0,<1H OCEAN
-114.61,34.84,48.0,1291.0,248.0,580.0,211.0,2.1571,59405.91,INLAND
-122.03,37.31,19.0,2885.0,859.0,1520.0,784.0,3.375,282710.07,<1H OCEAN
-121.44,38.54,44.0,2570.0,509.0,1145.0,503.0,2.5694,87935.0,INLAND
-121.35,38.0,22.0,3564.0,730.0,1539.0,699.0,3.675,137225.0,INLAND
-120.6,35.6,13.0,4461.0,764.0,1795.0,640.0,4.475,245121.0,<1H OCEAN
-118.27,34.07,42.0,1175.0,428.0,1593.0,407.0,2.3438,185112.0,<1H OCEAN
-122.4,38.46,33.0,2542.0,466.0,1099.0,420.0,4.635,270958.0,INLAND
-121.9,37.1,23.0,1708.0,287.0,670.0,238.0,6.4517,292677.03,<1H OCEAN
-117.78,33.76,25.0,2260.0,261.0,719.0,254.0,11.4537,488402.4,<1H OCEAN
-117.24,34.13,26.0,3774.0,716.0,1913.0,620.0,3.3534,105810.0,INLAND
-118.11,33.87,15.0,3254.0,598.0,1772.0,618.0,5.0417,235138.0,<1H OCEAN
-118.15,34.11,52.0,2375.0,369.0,930.0,351.0,7.4111,464464.55,<1H OCEAN
-118.29,33.98,48.0,1124.0,231.0,783.0,223.0,3.4444,135981.0,<1H OCEAN
-117.92,34.08,35.0,1860.0,323.0,1011.0,305.0,3.5536,196870.0,<1H OCEAN
-117.93,34.15,14.0,9610.0,2005.0,4723.0,1907.0,4.0393,186338.0,INLAND
-117.09,32.99,18.0,3215.0,588.0,1618.0,509.0,4.6028,199264.0,<1H OCEAN
-118.36,33.84,35.0,1577.0,279.0,743.0,274.0,5.7654,328885.01,<1H OCEAN
-121.94,36.98,21.0,3520.0,831.0,1486.0,753.0,3.0905,262596.0,NEAR OCEAN
-117.92,33.84,45.0,2019.0,394.0,1549.0,377.0,4.6111,197636.0,<1H OCEAN
-118.34,34.01,35.0,1359.0,359.0,655.0,341.0,2.5568,181437.01,<1H OCEAN
-117.08,34.96,28.0,1777.0,307.0,721.0,259.0,3.6343,74654.0,INLAND
-117.24,33.23,21.0,1718.0,308.0,1194.0,312.0,3.4359,174668.01,<1H OCEAN
-118.19,34.19,34.0,2061.0,260.0,825.0,254.0,15.0001,499691.97,<1H OCEAN
-124.16,40.79,52.0,1264.0,277.0,591.0,284.0,1.7778,69534.0,NEAR OCEAN
-118.33,34.01,43.0,2227.0,564.0,956.0,472.0,2.0217,167445.0,<1H OCEAN
-117.2,34.04,24.0,1587.0,222.0,676.0,234.0,6.0715,161691.0,INLAND
-117.84,33.77,26.0,3350.0,581.0,1314.0,550.0,3.5195,226587.0,<1H OCEAN
-117.66,35.6,14.0,1740.0,391.0,850.0,317.0,2.5812,84254.0,INLAND
-118.22,34.08,34.0,1709.0,562.0,2105.0,503.0,1.9704,157761.01,<1H OCEAN
-118.46,34.17,24.0,2814.0,675.0,1463.0,620.0,4.1875,250917.0,<1H OCEAN
-122.27,37.85,52.0,1228.0,293.0,648.0,303.0,2.1202,146814.0,NEAR BAY
-118.38,33.87,27.0,2287.0,491.0,1101.0,466.0,4.675,371706.0,<1H OCEAN
-117.25,32.94,16.0,4755.0,807.0,1829.0,756.0,6.7694,348258.03,NEAR OCEAN
-122.31,37.54,46.0,2444.0,397.0,952.0,402.0,4.75,357322.08,NEAR OCEAN
-119.72,36.76,23.0,6403.0,,3573.0,1260.0,2.3006,75382.0,INLAND
-118.0,33.94,37.0,903.0,158.0,444.0,158.0,3.75,179918.0,<1H OCEAN
-121.15,38.89,20.0,2024.0,313.0,879.0,309.0,5.2903,200263.0,INLAND
-122.0,37.36,19.0,2237.0,433.0,1158.0,426.0,6.7718,331781.01,<1H OCEAN
-121.9,38.01,16.0,2604.0,454.0,1696.0,481.0,4.6628,163911.0,INLAND
-122.78,38.52,23.0,2511.0,549.0,1052.0,527.0,2.4922,169335.0,<1H OCEAN
-117.2,34.13,14.0,3998.0,711.0,1509.0,665.0,3.4138,112852.0,INLAND
-118.13,34.44,10.0,2726.0,465.0,1773.0,459.0,4.8295,239742.0,INLAND
-118.38,34.15,36.0,2933.0,619.0,1115.0,579.0,4.3036,410141.12,<1H OCEAN
-118.9,34.26,5.0,25187.0,3521.0,11956.0,3478.0,6.9712,343945.05,<1H OCEAN
-121.82,37.35,24.0,2298.0,575.0,2409.0,569.0,3.4509,186349.0,<1H OCEAN
-119.57,36.7,30.0,2370.0,412.0,1248.0,410.0,3.1442,88444.0,INLAND
-118.59,34.25,15.0,9716.0,2387.0,4992.0,2225.0,3.6231,223110.0,<1H OCEAN
-117.5,34.66,20.0,1319.0,309.0,486.0,196.0,2.0184,97586.98,INLAND
-122.04,37.3,25.0,3807.0,600.0,1678.0,600.0,6.6818,350272.05,<1H OCEAN
-117.83,33.75,34.0,2660.0,601.0,1475.0,567.0,3.4152,182211.0,<1H OCEAN
-117.05,33.52,5.0,3471.0,530.0,1541.0,502.0,4.8083,229613.0,<1H OCEAN
-116.33,33.75,5.0,19107.0,3923.0,2880.0,1376.0,4.036,155161.02,INLAND
-118.92,34.4,23.0,1290.0,283.0,1060.0,279.0,3.3152,191842.0,<1H OCEAN
-118.43,34.3,28.0,271.0,61.0,246.0,62.0,1.7062,188027.04,<1H OCEAN
-120.99,38.67,8.0,4913.0,744.0,2005.0,723.0,5.4413,207863.0,INLAND
-119.77,36.77,38.0,3065.0,658.0,1441.0,625.0,2.0564,65319.0,INLAND
-120.67,38.76,35.0,2104.0,403.0,1060.0,400.0,2.1682,98881.0,INLAND
-122.11,37.89,32.0,2372.0,516.0,1067.0,492.0,4.3235,275404.02,NEAR BAY
-121.28,38.9,31.0,1297.0,259.0,765.0,240.0,2.7656,99224.0,INLAND
-117.25,33.2,10.0,2050.0,473.0,1302.0,471.0,2.7961,146322.0,<1H OCEAN
-117.47,33.98,8.0,12106.0,1913.0,5810.0,1717.0,4.9886,160421.0,INLAND
-118.08,33.9,42.0,1768.0,372.0,1155.0,368.0,3.558,179575.0,<1H OCEAN
-118.32,33.79,21.0,6638.0,1634.0,3240.0,1568.0,3.6797,335174.0,<1H OCEAN
-122.38,41.54,14.0,4453.0,797.0,1817.0,685.0,2.7468,92814.0,INLAND
-118.31,34.02,41.0,1046.0,216.0,727.0,201.0,1.6667,127473.0,<1H OCEAN
-117.84,34.13,26.0,3773.0,694.0,2103.0,688.0,4.6937,218332.0,INLAND
-117.63,34.09,8.0,3557.0,890.0,2251.0,765.0,2.6818,124009.0,INLAND
-117.64,33.63,10.0,4814.0,643.0,1808.0,588.0,8.798,383943.06,<1H OCEAN
-122.28,37.52,27.0,2958.0,655.0,1285.0,577.0,4.0801,330991.0,NEAR OCEAN
-122.78,38.37,21.0,795.0,163.0,414.0,162.0,3.7991,206455.0,<1H OCEAN
-119.83,36.77,23.0,2168.0,503.0,1190.0,425.0,2.625,72818.0,INLAND
-116.35,34.13,9.0,1969.0,406.0,805.0,349.0,1.5491,70584.0,INLAND
-116.52,33.84,17.0,4465.0,859.0,853.0,445.0,3.6875,136247.0,INLAND
-120.97,38.65,9.0,3707.0,602.0,1601.0,555.0,4.0714,178321.0,INLAND
-122.43,37.8,52.0,3172.0,848.0,1259.0,806.0,4.1047,489463.81,NEAR BAY
-118.12,33.96,38.0,2105.0,348.0,956.0,350.0,4.4125,242763.0,<1H OCEAN
-119.52,36.61,33.0,1225.0,275.0,1065.0,248.0,1.8958,59263.0,INLAND
-116.96,32.79,35.0,1081.0,266.0,691.0,259.0,2.6324,157021.0,<1H OCEAN
-121.54,39.47,14.0,1724.0,315.0,939.0,302.0,2.4952,92313.0,INLAND
-121.13,36.2,16.0,1868.0,443.0,1323.0,436.0,2.9559,170552.0,<1H OCEAN
-121.41,38.58,18.0,6955.0,1882.0,2803.0,1740.0,3.089,135714.0,INLAND
-118.16,33.85,36.0,1979.0,339.0,952.0,339.0,4.0815,217462.0,<1H OCEAN
-121.43,38.57,46.0,2443.0,476.0,939.0,457.0,3.5893,141853.0,INLAND
-118.31,34.06,24.0,1336.0,453.0,1268.0,426.0,2.8202,259729.05,<1H OCEAN
-121.2,39.23,9.0,2802.0,447.0,955.0,418.0,5.2359,186732.0,INLAND
-117.89,33.74,34.0,1759.0,353.0,2083.0,330.0,3.2292,166245.0,<1H OCEAN
-121.77,36.71,18.0,6601.0,1395.0,3562.0,1299.0,3.512,211518.0,<1H OCEAN
-118.02,33.96,36.0,2002.0,361.0,913.0,311.0,4.5446,222630.01,<1H OCEAN
-121.27,38.65,33.0,1984.0,289.0,842.0,276.0,5.2949,191091.0,INLAND
-122.28,37.85,49.0,1130.0,244.0,607.0,239.0,2.4597,138140.0,NEAR BAY
-118.38,34.08,48.0,1226.0,288.0,370.0,264.0,3.9375,391960.16,<1H OCEAN
-121.98,37.31,28.0,3840.0,629.0,1883.0,662.0,6.4095,340928.06,<1H OCEAN
-116.72,33.56,13.0,3166.0,682.0,1250.0,475.0,2.355,135542.0,INLAND
-118.0,33.92,26.0,2830.0,399.0,1204.0,404.0,6.1273,291593.0,<1H OCEAN
-118.17,33.91,39.0,1157.0,273.0,877.0,305.0,3.1087,148350.0,<1H OCEAN
-117.08,33.01,5.0,5659.0,931.0,2565.0,902.0,6.1949,275195.0,<1H OCEAN
-122.13,36.97,27.0,991.0,194.0,543.0,155.0,4.7188,271942.08,NEAR OCEAN
-117.51,34.0,36.0,3791.0,746.0,2258.0,672.0,3.2067,126697.0,INLAND
-118.46,34.27,28.0,1865.0,463.0,1182.0,440.0,2.6193,182287.0,<1H OCEAN
-120.26,38.13,17.0,301.0,94.0,122.0,47.0,4.0583,149119.0,INLAND
-118.44,34.27,36.0,1111.0,275.0,1333.0,266.0,3.5347,152622.0,<1H OCEAN
-117.21,32.85,15.0,2593.0,521.0,901.0,456.0,4.2065,223456.01,NEAR OCEAN
-122.86,38.62,35.0,2597.0,522.0,1231.0,499.0,2.7432,176869.0,<1H OCEAN
-122.19,37.83,29.0,1791.0,271.0,661.0,269.0,6.8538,370678.11,NEAR BAY
-121.03,37.63,5.0,2881.0,584.0,1490.0,570.0,3.0398,132317.0,INLAND
-118.33,33.88,36.0,1271.0,346.0,811.0,345.0,3.2417,237127.0,<1H OCEAN
-119.68,36.8,7.0,2855.0,518.0,1748.0,498.0,4.2066,99605.0,INLAND
-117.2,32.76,40.0,581.0,157.0,298.0,156.0,2.4,237887.1,NEAR OCEAN
-118.46,34.01,43.0,513.0,98.0,266.0,103.0,5.6428,322601.05,<1H OCEAN
-117.83,34.15,20.0,2421.0,306.0,1023.0,298.0,8.0683,359467.01,INLAND
-117.33,34.07,32.0,2086.0,458.0,1355.0,412.0,2.5238,90860.0,INLAND
-120.37,37.98,29.0,2508.0,591.0,1112.0,550.0,1.6021,104943.0,INLAND
-117.09,32.81,7.0,6100.0,1185.0,2710.0,1040.0,5.5673,238841.0,NEAR OCEAN
-122.12,37.75,28.0,794.0,111.0,329.0,109.0,7.6923,374539.18,NEAR BAY
-117.91,33.61,38.0,1232.0,178.0,410.0,171.0,11.075,498905.92,<1H OCEAN
-120.0,35.91,16.0,259.0,53.0,131.0,38.0,3.125,78139.0,INLAND
-118.42,34.19,34.0,2622.0,572.0,1997.0,573.0,3.338,216852.0,<1H OCEAN
-120.71,40.36,19.0,4462.0,828.0,2229.0,777.0,3.5536,113689.0,INLAND
-120.48,37.32,13.0,3641.0,897.0,1737.0,788.0,2.1418,97229.0,INLAND
-124.16,40.95,20.0,1075.0,214.0,529.0,196.0,3.1406,119471.0,NEAR OCEAN
-118.4,34.22,36.0,2557.0,540.0,1556.0,491.0,3.6591,197381.0,<1H OCEAN
-117.1,32.67,22.0,1690.0,541.0,1669.0,494.0,2.0213,99870.0,NEAR OCEAN
-118.28,34.08,42.0,1618.0,522.0,1454.0,440.0,3.1607,216420.0,<1H OCEAN
-118.21,33.79,33.0,32.0,18.0,96.0,36.0,4.5938,235229.04,NEAR OCEAN
-117.29,34.12,40.0,2198.0,612.0,1517.0,531.0,1.0951,75453.0,INLAND
-118.21,33.9,41.0,941.0,233.0,973.0,253.0,1.9583,124634.0,<1H OCEAN
-118.01,34.08,35.0,1852.0,358.0,1414.0,347.0,4.275,230607.0,INLAND
-122.48,37.59,29.0,5889.0,959.0,2784.0,923.0,5.3991,296273.0,NEAR OCEAN
-118.32,34.09,34.0,1478.0,675.0,1976.0,653.0,2.0557,214053.01,<1H OCEAN
-122.41,37.73,33.0,2789.0,567.0,1682.0,552.0,3.8643,248001.0,NEAR BAY
-116.97,32.65,4.0,16450.0,2833.0,7985.0,2683.0,5.6631,247255.0,NEAR OCEAN
-122.23,37.82,52.0,1611.0,203.0,556.0,179.0,8.7477,440768.22,NEAR BAY
-118.6,34.07,16.0,319.0,59.0,149.0,64.0,4.625,367884.28,<1H OCEAN
-117.82,33.67,15.0,1010.0,274.0,649.0,261.0,2.5197,180379.0,<1H OCEAN
-122.51,37.76,43.0,2527.0,619.0,1332.0,558.0,3.0465,313536.0,NEAR OCEAN
-121.95,37.32,33.0,726.0,168.0,351.0,147.0,3.1458,259744.0,<1H OCEAN
-121.52,38.59,35.0,6418.0,1545.0,3814.0,1496.0,1.6647,94935.0,INLAND
-118.25,33.99,39.0,1274.0,319.0,1362.0,324.0,2.1793,111180.0,<1H OCEAN
-118.47,35.72,18.0,4754.0,1075.0,1366.0,690.0,2.0694,82767.0,INLAND
-122.16,37.68,16.0,1687.0,348.0,568.0,352.0,2.3869,181863.0,NEAR BAY
-117.87,34.11,34.0,1324.0,211.0,799.0,228.0,4.5234,181659.0,<1H OCEAN
-119.48,37.0,16.0,2904.0,551.0,1467.0,509.0,3.1736,108181.0,INLAND
-117.08,32.64,11.0,1651.0,533.0,947.0,515.0,1.6806,110974.01,NEAR OCEAN
-117.41,33.96,32.0,2837.0,617.0,1393.0,595.0,2.3798,109888.0,INLAND
-124.16,40.6,39.0,1322.0,283.0,642.0,292.0,2.4519,79771.0,NEAR OCEAN
-118.29,33.81,19.0,7023.0,1538.0,3993.0,1412.0,5.0532,289092.01,<1H OCEAN
-121.88,37.24,14.0,7174.0,950.0,2782.0,899.0,8.3065,415212.02,<1H OCEAN
-122.21,38.09,37.0,4368.0,779.0,2083.0,741.0,3.8667,143512.0,NEAR BAY
-121.67,39.26,29.0,3041.0,683.0,2106.0,687.0,1.6315,68860.0,INLAND
-121.7,36.48,19.0,2150.0,479.0,1052.0,428.0,3.5039,224515.0,<1H OCEAN
-124.09,40.88,50.0,921.0,187.0,420.0,187.0,2.2188,81878.0,NEAR OCEAN
-122.44,37.52,16.0,7077.0,1179.0,3502.0,1148.0,5.9919,375636.06,NEAR OCEAN
-117.68,33.49,18.0,4173.0,625.0,1649.0,634.0,6.3568,296768.0,<1H OCEAN
-118.09,34.06,38.0,3230.0,840.0,3485.0,827.0,2.629,173120.0,<1H OCEAN
-120.48,37.31,42.0,2361.0,512.0,1684.0,511.0,2.355,84337.0,INLAND
-122.56,41.53,29.0,1729.0,355.0,848.0,328.0,2.2024,62124.0,INLAND
-117.66,33.51,18.0,2626.0,,1302.0,522.0,4.0167,219007.0,<1H OCEAN
-121.15,38.68,6.0,9798.0,1551.0,4583.0,1494.0,5.0159,189076.0,INLAND
-118.13,33.82,44.0,1785.0,307.0,779.0,291.0,4.3056,253202.0,<1H OCEAN
-118.28,33.93,45.0,529.0,112.0,448.0,120.0,3.5833,142244.0,<1H OCEAN
-117.19,32.77,16.0,3273.0,670.0,1305.0,671.0,4.1368,236132.0,NEAR OCEAN
-121.29,38.01,2.0,6403.0,1116.0,3327.0,957.0,4.4871,161087.0,INLAND
-117.86,33.75,5.0,187.0,49.0,207.0,51.0,1.8,305115.32,<1H OCEAN
-122.98,38.44,29.0,4450.0,939.0,1328.0,590.0,3.1,172550.0,<1H OCEAN
-120.54,38.75,9.0,3006.0,540.0,1102.0,418.0,3.9812,136982.0,INLAND
-118.08,33.81,21.0,1189.0,281.0,577.0,264.0,3.3155,231443.01,<1H OCEAN
-122.28,37.8,38.0,684.0,176.0,344.0,155.0,2.0114,129771.01,NEAR BAY
-118.22,33.81,38.0,1486.0,359.0,1345.0,326.0,3.3988,162337.0,NEAR OCEAN
-121.32,36.43,22.0,2927.0,637.0,2546.0,618.0,2.7153,130740.0,<1H OCEAN
-117.98,34.02,32.0,2945.0,651.0,2044.0,652.0,3.1979,177526.0,<1H OCEAN
-121.45,38.57,52.0,2006.0,412.0,825.0,384.0,3.2963,148605.0,INLAND
-118.95,35.37,34.0,1672.0,359.0,1059.0,349.0,2.1588,60536.0,INLAND
-117.55,33.9,21.0,1839.0,324.0,871.0,307.0,3.4459,145614.0,INLAND
-121.91,36.59,17.0,5039.0,833.0,1678.0,710.0,6.2323,392815.15,NEAR OCEAN
-118.2,33.8,42.0,4577.0,1146.0,2749.0,1094.0,2.5012,181027.0,NEAR OCEAN
-122.47,37.89,23.0,10774.0,1736.0,3895.0,1683.0,7.2905,398313.07,NEAR BAY
-122.19,37.76,38.0,1493.0,370.0,1144.0,351.0,0.7683,91047.0,NEAR BAY
-118.36,34.04,49.0,995.0,184.0,462.0,194.0,2.7917,210487.01,<1H OCEAN
-122.29,37.89,52.0,2269.0,380.0,1004.0,371.0,5.1696,299798.01,NEAR BAY
-117.12,32.96,15.0,2869.0,405.0,1526.0,402.0,6.0175,258986.0,<1H OCEAN
-121.68,36.9,13.0,833.0,130.0,405.0,127.0,5.2729,286199.03,<1H OCEAN
-118.36,34.21,41.0,337.0,65.0,198.0,50.0,1.8929,200737.02,<1H OCEAN
-122.32,37.95,35.0,1612.0,354.0,887.0,331.0,2.5769,117519.0,NEAR BAY
-117.86,33.77,39.0,4159.0,655.0,1669.0,651.0,4.6111,227692.0,<1H OCEAN
-117.11,33.14,10.0,3208.0,636.0,1395.0,582.0,3.4455,167839.0,<1H OCEAN
-117.89,33.99,22.0,3272.0,618.0,1784.0,591.0,4.0324,199936.0,<1H OCEAN
-118.14,33.91,37.0,932.0,171.0,578.0,175.0,4.375,192294.0,<1H OCEAN
-117.65,35.0,36.0,1184.0,316.0,672.0,241.0,1.9107,66327.0,INLAND
-118.14,34.09,38.0,1745.0,457.0,1547.0,460.0,2.85,197593.0,<1H OCEAN
-118.26,34.13,37.0,196.0,74.0,194.0,68.0,1.2188,244797.11,<1H OCEAN
-117.85,33.89,24.0,3326.0,503.0,1616.0,494.0,5.7457,273390.0,<1H OCEAN
-117.93,33.76,17.0,3341.0,803.0,3381.0,825.0,3.371,182083.0,<1H OCEAN
-122.33,37.58,43.0,1772.0,422.0,1573.0,401.0,2.7474,276870.01,NEAR OCEAN
-118.35,33.91,28.0,2108.0,534.0,1485.0,536.0,4.0775,249354.0,<1H OCEAN
-120.87,37.07,26.0,2036.0,401.0,1343.0,414.0,3.6331,194894.0,INLAND
-117.95,34.07,37.0,1375.0,260.0,951.0,272.0,3.2083,173975.0,<1H OCEAN
-121.85,37.72,43.0,228.0,40.0,83.0,42.0,10.3203,465734.58,INLAND
-118.06,33.99,46.0,1203.0,219.0,637.0,211.0,3.3611,188545.0,<1H OCEAN
-121.46,38.63,26.0,3185.0,658.0,2444.0,626.0,1.56,71591.0,INLAND
-118.67,34.16,17.0,16544.0,2206.0,6214.0,2118.0,9.1228,472696.6,<1H OCEAN
-120.04,36.96,23.0,2126.0,506.0,2091.0,491.0,1.3713,56540.0,INLAND
-121.95,37.96,18.0,2739.0,393.0,1072.0,374.0,6.1436,218200.0,INLAND
-122.18,37.78,43.0,1985.0,440.0,1085.0,407.0,3.4205,176014.0,NEAR BAY
-117.31,33.1,15.0,2392.0,446.0,747.0,421.0,3.5341,184174.0,NEAR OCEAN
-118.02,33.75,26.0,2989.0,479.0,1596.0,475.0,5.7157,247256.0,<1H OCEAN
-118.71,34.27,26.0,990.0,223.0,719.0,232.0,3.163,215186.01,<1H OCEAN
-118.29,33.99,46.0,2608.0,636.0,1766.0,596.0,1.5846,106850.0,<1H OCEAN
-118.45,34.27,35.0,1579.0,300.0,1012.0,265.0,5.1296,219976.0,<1H OCEAN
-117.66,33.61,21.0,1932.0,266.0,860.0,286.0,7.1497,293065.0,<1H OCEAN
-117.38,34.08,11.0,5684.0,1139.0,3095.0,1036.0,3.6875,122372.0,INLAND
-120.81,38.67,14.0,8396.0,1578.0,3952.0,1474.0,3.0565,126700.0,INLAND
-122.22,37.78,50.0,1776.0,473.0,1807.0,440.0,1.7276,122133.0,NEAR BAY
-118.29,33.72,25.0,2469.0,584.0,1253.0,535.0,3.1932,247735.0,NEAR OCEAN
-119.1,35.33,4.0,6640.0,898.0,3121.0,902.0,6.759,245174.0,INLAND
-117.08,32.91,9.0,1547.0,218.0,683.0,231.0,7.5604,353311.11,<1H OCEAN
-117.89,33.74,33.0,619.0,139.0,1217.0,146.0,4.6875,178635.0,<1H OCEAN
-119.31,34.44,5.0,403.0,48.0,208.0,54.0,12.632,485073.72,NEAR OCEAN
-122.0,37.31,28.0,3811.0,585.0,1795.0,581.0,7.8383,437692.33,<1H OCEAN
-120.46,34.64,16.0,686.0,217.0,614.0,200.0,0.8106,202947.09,NEAR OCEAN
-121.12,39.2,9.0,1431.0,254.0,681.0,221.0,3.045,138593.0,INLAND
-118.2,33.79,48.0,2105.0,592.0,1807.0,539.0,2.7183,169259.0,NEAR OCEAN
-118.77,34.27,7.0,3074.0,794.0,1816.0,654.0,2.7137,227036.09,<1H OCEAN
-122.25,37.83,35.0,1613.0,428.0,675.0,422.0,3.4722,242032.02,NEAR BAY
-122.46,37.78,47.0,1682.0,379.0,837.0,375.0,5.2806,362071.14,NEAR BAY
-122.04,36.95,27.0,1987.0,374.0,961.0,343.0,3.9667,251798.0,NEAR OCEAN
-117.99,34.15,44.0,2492.0,611.0,1951.0,596.0,3.1304,177915.0,INLAND
-118.46,35.13,19.0,3109.0,640.0,1457.0,620.0,2.6417,84873.0,INLAND
-118.36,34.1,36.0,2963.0,838.0,1129.0,745.0,2.5588,300785.05,<1H OCEAN
-118.42,34.15,27.0,2795.0,602.0,1073.0,535.0,5.1496,449061.48,<1H OCEAN
-117.81,34.08,13.0,18448.0,2474.0,7775.0,2397.0,7.7876,310711.0,INLAND
-117.66,33.64,17.0,3173.0,501.0,1555.0,520.0,6.7079,277663.0,<1H OCEAN
-118.11,33.83,36.0,1820.0,313.0,899.0,295.0,4.918,228424.0,<1H OCEAN
-121.88,37.43,31.0,2573.0,474.0,1898.0,475.0,5.6651,258387.0,<1H OCEAN
-118.1,34.1,34.0,2578.0,645.0,1628.0,617.0,2.34,189401.0,<1H OCEAN
-119.23,35.77,36.0,3225.0,635.0,2034.0,593.0,2.4044,66601.0,INLAND
-122.15,37.43,47.0,2600.0,490.0,1149.0,465.0,5.0203,357786.2,NEAR BAY
-122.42,37.62,36.0,1017.0,165.0,407.0,159.0,4.8,311863.0,NEAR OCEAN
-118.45,34.01,36.0,2424.0,418.0,1123.0,417.0,6.4755,423409.18,<1H OCEAN
-118.27,34.08,43.0,962.0,253.0,658.0,244.0,3.2386,214981.01,<1H OCEAN
-118.38,34.27,8.0,3248.0,847.0,2608.0,731.0,2.8214,189673.06,<1H OCEAN
-122.02,37.6,31.0,2155.0,522.0,1858.0,437.0,2.652,168396.0,NEAR BAY
-117.8,34.1,13.0,2996.0,495.0,1187.0,464.0,6.2456,236840.01,INLAND
-118.38,34.04,39.0,2614.0,569.0,1665.0,553.0,3.4063,307120.04,<1H OCEAN
-117.83,33.93,14.0,1956.0,282.0,671.0,269.0,6.5841,291174.0,<1H OCEAN
-117.86,33.62,23.0,3166.0,411.0,1092.0,345.0,7.9367,355267.1,<1H OCEAN
-117.19,34.05,33.0,3007.0,498.0,1252.0,488.0,3.8816,116198.0,INLAND
-117.84,33.74,25.0,1818.0,577.0,1426.0,532.0,3.2104,168284.0,<1H OCEAN
-117.24,32.79,25.0,2135.0,691.0,566.0,320.0,2.6902,243854.0,NEAR OCEAN
-121.8,37.23,18.0,2581.0,358.0,1284.0,377.0,6.7385,316960.03,<1H OCEAN
-117.04,34.04,30.0,3474.0,735.0,1674.0,691.0,2.5863,98410.0,INLAND
-119.8,36.29,7.0,479.0,84.0,327.0,103.0,5.1728,172755.0,INLAND
-117.9,34.11,23.0,4776.0,1316.0,4797.0,1187.0,2.1667,167214.0,<1H OCEAN
-117.95,33.77,38.0,1476.0,308.0,1114.0,309.0,4.1917,190454.0,<1H OCEAN
-122.09,37.67,39.0,2069.0,500.0,1408.0,478.0,3.1115,184171.0,NEAR BAY
-118.42,34.03,45.0,1262.0,223.0,637.0,221.0,5.0866,375827.08,<1H OCEAN
-118.05,33.85,25.0,2856.0,388.0,1212.0,362.0,6.1737,318792.0,<1H OCEAN
-121.79,37.32,6.0,2850.0,561.0,2160.0,581.0,5.5336,252075.0,<1H OCEAN
-118.16,33.97,39.0,1444.0,447.0,1890.0,416.0,2.1181,159524.0,<1H OCEAN
-115.59,32.79,8.0,2183.0,307.0,1000.0,287.0,6.3814,207838.0,INLAND
-117.93,33.93,37.0,1128.0,273.0,931.0,234.0,2.8,163400.0,<1H OCEAN
-117.3,34.46,8.0,6246.0,1273.0,3883.0,1264.0,2.7917,104246.0,INLAND
-117.9,33.73,30.0,746.0,172.0,1048.0,163.0,4.1,166377.0,<1H OCEAN
-122.55,38.0,18.0,3119.0,803.0,1395.0,722.0,3.9265,236995.0,NEAR BAY
-118.18,33.78,17.0,1419.0,436.0,1300.0,360.0,2.0769,150123.0,NEAR OCEAN
-119.29,36.12,24.0,1248.0,226.0,641.0,200.0,2.4722,69674.0,INLAND
-118.45,35.62,18.0,2304.0,527.0,782.0,390.0,1.4141,75578.0,INLAND
-121.79,37.31,22.0,2199.0,361.0,1270.0,386.0,5.1149,233367.0,<1H OCEAN
-119.83,36.37,25.0,1549.0,269.0,819.0,272.0,2.7159,79385.0,INLAND
-122.42,37.74,52.0,1674.0,346.0,734.0,335.0,3.8864,269036.0,NEAR BAY
-123.18,39.23,18.0,243.0,55.0,115.0,54.0,2.125,157985.0,<1H OCEAN
-121.29,38.68,20.0,1881.0,378.0,921.0,360.0,1.8589,87241.0,INLAND
-117.25,32.81,39.0,1846.0,350.0,765.0,329.0,3.9187,350962.05,NEAR OCEAN
-118.05,33.73,25.0,2472.0,450.0,1301.0,467.0,5.0699,246357.02,<1H OCEAN
-122.27,37.56,17.0,3211.0,847.0,1553.0,812.0,4.9434,325309.15,NEAR BAY
-118.33,34.05,44.0,1574.0,390.0,1323.0,404.0,2.5284,229103.0,<1H OCEAN
-121.39,38.64,33.0,1503.0,282.0,652.0,229.0,3.6937,137243.0,INLAND
-118.25,34.07,16.0,719.0,225.0,801.0,218.0,2.3942,204647.0,<1H OCEAN
-122.12,37.42,35.0,2445.0,533.0,1187.0,519.0,5.2803,355943.11,NEAR BAY
-117.17,34.05,29.0,4007.0,700.0,1576.0,696.0,3.1801,113587.0,INLAND
-117.33,33.87,14.0,2300.0,335.0,1001.0,311.0,5.1045,174234.0,INLAND
-117.32,34.06,52.0,802.0,160.0,564.0,131.0,2.1591,93764.0,INLAND
-121.34,38.03,20.0,4213.0,751.0,2071.0,714.0,4.4063,145922.0,INLAND
-122.47,37.51,15.0,4974.0,764.0,2222.0,774.0,6.7606,404229.13,NEAR OCEAN
-121.94,37.54,27.0,3715.0,526.0,1631.0,538.0,6.2179,306431.02,<1H OCEAN
-118.18,33.89,25.0,5896.0,1464.0,4149.0,1362.0,2.6742,158695.0,<1H OCEAN
-117.05,32.77,33.0,3535.0,683.0,1568.0,672.0,2.8097,162273.0,NEAR OCEAN
-118.01,34.05,37.0,682.0,172.0,813.0,173.0,3.8125,168420.0,<1H OCEAN
-123.16,39.13,33.0,1320.0,303.0,1048.0,303.0,1.7813,107261.0,<1H OCEAN
-121.27,38.02,32.0,342.0,58.0,138.0,52.0,2.9821,122384.0,INLAND
-119.86,34.41,24.0,1576.0,580.0,1630.0,531.0,1.24,216184.0,NEAR OCEAN
-118.18,33.87,44.0,2137.0,461.0,1126.0,439.0,3.4408,169979.0,<1H OCEAN
-122.24,37.82,52.0,3665.0,517.0,1470.0,520.0,6.155,388433.19,NEAR BAY
-117.9,33.65,27.0,3310.0,598.0,1402.0,563.0,6.632,385046.26,<1H OCEAN
-122.26,37.88,52.0,2604.0,837.0,1798.0,769.0,1.725,212206.01,NEAR BAY
-122.44,37.78,52.0,2695.0,657.0,1243.0,573.0,2.8569,343993.01,NEAR BAY
-121.81,37.25,5.0,1975.0,520.0,861.0,440.0,4.4565,263331.03,<1H OCEAN
-118.14,33.86,36.0,1774.0,348.0,934.0,333.0,4.8571,217867.0,<1H OCEAN
-118.2,34.07,34.0,1765.0,551.0,2203.0,500.0,2.2708,150704.0,<1H OCEAN
-119.83,36.83,14.0,2351.0,341.0,1128.0,363.0,6.9903,227165.0,INLAND
-115.91,33.36,15.0,459.0,95.0,160.0,73.0,0.922,55101.0,INLAND
-116.86,32.8,19.0,1747.0,291.0,848.0,290.0,4.875,181384.0,<1H OCEAN
-117.97,33.93,31.0,1975.0,373.0,918.0,347.0,4.4107,224799.0,<1H OCEAN
-118.39,34.19,23.0,1875.0,710.0,2555.0,657.0,2.0968,180235.0,<1H OCEAN
-122.32,37.54,34.0,3661.0,692.0,1608.0,656.0,5.0774,332496.07,NEAR OCEAN
-122.25,37.83,28.0,5022.0,1750.0,2558.0,1661.0,2.4234,231297.01,NEAR BAY
-117.98,34.02,33.0,3512.0,632.0,1971.0,598.0,4.4653,194742.0,<1H OCEAN
-117.94,33.79,24.0,4179.0,784.0,1902.0,733.0,4.7986,209194.0,<1H OCEAN
-117.99,33.8,25.0,3179.0,639.0,2526.0,623.0,3.3281,186446.0,<1H OCEAN
-117.92,34.1,35.0,2994.0,603.0,1933.0,561.0,4.0052,169194.0,<1H OCEAN
-118.0,33.85,33.0,2053.0,418.0,1154.0,405.0,4.0455,207312.0,<1H OCEAN
-117.93,33.69,26.0,2822.0,473.0,1258.0,469.0,6.4441,306017.02,<1H OCEAN
-118.2,34.05,40.0,1146.0,323.0,1354.0,321.0,1.9205,137927.0,<1H OCEAN
-122.27,37.81,40.0,880.0,451.0,582.0,380.0,0.977,145204.0,NEAR BAY
-121.3,38.03,11.0,2866.0,654.0,1404.0,525.0,2.505,115715.0,INLAND
-117.87,33.74,31.0,2338.0,652.0,3289.0,631.0,2.6734,157418.0,<1H OCEAN
-117.24,33.05,15.0,3029.0,555.0,1559.0,546.0,5.3129,274525.02,NEAR OCEAN
-117.9,33.85,31.0,3413.0,764.0,2326.0,728.0,4.325,200390.0,<1H OCEAN
-121.27,37.87,34.0,1010.0,206.0,678.0,234.0,2.9531,102709.0,INLAND
-118.31,33.96,47.0,2005.0,392.0,1134.0,415.0,3.7143,153034.0,<1H OCEAN
-118.28,34.1,49.0,2843.0,880.0,2004.0,796.0,2.7875,210530.0,<1H OCEAN
-122.32,37.97,33.0,1156.0,190.0,643.0,209.0,4.5,202103.0,NEAR BAY
-121.31,38.66,26.0,1604.0,245.0,751.0,267.0,4.7381,145762.0,INLAND
-121.43,37.75,41.0,1717.0,325.0,855.0,303.0,2.75,116611.0,INLAND
-118.29,34.11,24.0,3696.0,1125.0,1685.0,1031.0,2.3789,239470.02,<1H OCEAN
-122.02,38.38,16.0,808.0,137.0,371.0,145.0,6.0767,226335.0,INLAND
-122.01,37.92,18.0,2808.0,337.0,1038.0,337.0,8.3956,393541.1,NEAR BAY
-117.3,34.13,42.0,2115.0,557.0,1532.0,494.0,1.4531,73440.0,INLAND
-118.37,34.21,33.0,2034.0,470.0,1990.0,423.0,3.7455,177514.0,<1H OCEAN
-121.83,36.98,19.0,4431.0,705.0,1764.0,679.0,4.3321,240192.0,<1H OCEAN
-121.96,39.3,39.0,701.0,130.0,271.0,89.0,2.1845,74671.0,INLAND
-118.3,34.03,37.0,2781.0,766.0,2586.0,729.0,1.8564,158350.0,<1H OCEAN
-118.3,34.05,44.0,1612.0,650.0,2028.0,593.0,1.9152,199094.0,<1H OCEAN
-118.01,34.09,29.0,3402.0,747.0,2331.0,690.0,3.6094,196945.0,INLAND
-117.06,33.01,24.0,2618.0,485.0,726.0,443.0,3.5192,174867.0,<1H OCEAN
-122.53,37.88,36.0,2688.0,485.0,1064.0,449.0,4.4583,404364.08,NEAR BAY
-121.24,38.68,20.0,1402.0,236.0,676.0,236.0,3.7426,148295.0,INLAND
-117.95,34.0,34.0,2376.0,468.0,1858.0,449.0,4.1328,173167.0,<1H OCEAN
-118.23,34.07,40.0,506.0,119.0,397.0,114.0,3.1944,138498.0,<1H OCEAN
-117.89,33.87,32.0,1569.0,422.0,835.0,386.0,3.0465,196175.0,<1H OCEAN
-122.09,37.69,20.0,4296.0,817.0,1732.0,800.0,4.8036,235771.0,NEAR BAY
-121.63,36.65,44.0,309.0,121.0,315.0,80.0,1.6071,183583.0,<1H OCEAN
-122.05,37.68,23.0,7518.0,1279.0,3827.0,1294.0,5.1701,257379.0,NEAR BAY
-117.04,32.71,28.0,5274.0,991.0,3727.0,961.0,3.57,140024.0,NEAR OCEAN
-117.04,32.7,7.0,9311.0,1703.0,7302.0,1694.0,4.419,198088.0,NEAR OCEAN
-118.26,34.07,52.0,1802.0,613.0,2382.0,587.0,1.8438,188053.0,<1H OCEAN
-118.13,34.17,49.0,1962.0,435.0,1329.0,457.0,3.2898,190477.0,<1H OCEAN
-116.97,32.79,19.0,4108.0,1101.0,2971.0,1006.0,1.9893,130911.0,<1H OCEAN
-119.55,36.51,46.0,55.0,11.0,26.0,5.0,4.125,111863.0,INLAND
-120.92,37.65,23.0,505.0,124.0,163.0,129.0,1.3696,110527.0,INLAND
-120.8,38.51,23.0,1001.0,195.0,369.0,157.0,3.125,123510.0,INLAND
-121.83,38.0,15.0,6365.0,1646.0,3838.0,1458.0,2.5495,126903.0,INLAND
-122.42,37.93,47.0,3453.0,779.0,1353.0,728.0,4.016,350791.27,NEAR BAY
-122.27,37.47,44.0,3022.0,473.0,1235.0,477.0,6.7058,451179.52,NEAR OCEAN
-122.36,37.94,45.0,907.0,188.0,479.0,161.0,3.0862,150526.0,NEAR BAY
-118.32,33.33,52.0,2127.0,512.0,733.0,288.0,3.3906,318013.03,ISLAND
-117.06,32.73,33.0,3444.0,619.0,1884.0,582.0,3.7891,130746.0,NEAR OCEAN
-118.97,37.64,13.0,1907.0,544.0,575.0,234.0,3.0685,125258.0,INLAND
-117.27,34.12,52.0,954.0,246.0,943.0,256.0,0.8658,75168.0,INLAND
-120.55,37.32,21.0,1410.0,229.0,590.0,205.0,3.3194,108652.0,INLAND
-117.99,33.9,33.0,2161.0,383.0,1235.0,383.0,5.6454,234404.0,<1H OCEAN
-118.0,33.91,19.0,5166.0,770.0,2374.0,753.0,5.979,285937.0,<1H OCEAN
-118.37,33.81,36.0,2031.0,339.0,817.0,337.0,5.1271,379565.13,NEAR OCEAN
-117.97,33.66,14.0,6090.0,1338.0,1974.0,1248.0,2.8061,205080.0,<1H OCEAN
-117.17,33.28,16.0,1921.0,312.0,862.0,280.0,5.1786,227168.04,<1H OCEAN
-119.88,36.81,30.0,2288.0,474.0,1435.0,425.0,1.3221,58328.0,INLAND
-117.74,34.05,29.0,2452.0,700.0,3029.0,665.0,2.1354,115278.0,INLAND
-117.13,32.79,35.0,1458.0,262.0,723.0,257.0,4.2098,168766.0,NEAR OCEAN
-122.06,37.65,33.0,1227.0,286.0,848.0,291.0,3.8036,170791.0,NEAR BAY
-118.3,33.99,47.0,2212.0,533.0,1903.0,554.0,1.9853,105406.0,<1H OCEAN
-118.06,35.68,15.0,1962.0,403.0,730.0,321.0,2.25,87477.0,INLAND
-118.38,33.89,35.0,1778.0,330.0,732.0,312.0,6.5745,418341.12,<1H OCEAN
-122.45,37.73,52.0,2510.0,438.0,1153.0,407.0,5.1238,321231.02,NEAR BAY
-121.97,37.24,35.0,2553.0,533.0,1117.0,498.0,4.4063,277378.0,<1H OCEAN
-118.14,33.95,44.0,1812.0,338.0,822.0,314.0,6.7744,402006.23,<1H OCEAN
-121.97,37.53,35.0,2277.0,420.0,1353.0,413.0,4.75,222134.0,<1H OCEAN
-118.15,34.86,10.0,4597.0,1009.0,2227.0,821.0,2.6149,107842.0,INLAND
-117.2,32.86,4.0,4308.0,1095.0,1923.0,932.0,3.9356,229130.0,NEAR OCEAN
-118.3,34.01,52.0,1444.0,343.0,1154.0,334.0,2.0625,116401.0,<1H OCEAN
-117.98,33.79,35.0,2356.0,478.0,1659.0,480.0,4.1115,191518.0,<1H OCEAN
-122.42,37.62,43.0,2367.0,409.0,1141.0,400.0,4.8295,293802.0,NEAR OCEAN
-118.2,33.94,42.0,618.0,163.0,680.0,179.0,3.3472,135065.0,<1H OCEAN
-117.01,32.81,21.0,4203.0,618.0,1620.0,600.0,5.3441,224023.0,<1H OCEAN
-116.98,32.74,17.0,3943.0,843.0,1995.0,766.0,2.6944,148688.0,<1H OCEAN
-122.01,37.53,19.0,4572.0,712.0,2346.0,709.0,6.0667,315301.03,NEAR BAY
-117.92,34.03,32.0,1819.0,375.0,1728.0,375.0,3.975,165841.01,<1H OCEAN
-123.17,39.15,30.0,1904.0,331.0,816.0,325.0,4.425,181532.0,<1H OCEAN
-123.76,41.03,24.0,2386.0,565.0,1058.0,414.0,2.0644,74035.0,<1H OCEAN
-122.44,37.73,46.0,3581.0,758.0,1670.0,703.0,4.1932,270222.0,NEAR BAY
-120.43,34.93,10.0,2980.0,585.0,1593.0,562.0,3.285,166425.0,<1H OCEAN
-122.42,37.64,41.0,98.0,20.0,68.0,19.0,2.225,289787.04,NEAR OCEAN
-117.98,34.14,27.0,6341.0,1289.0,2899.0,1192.0,3.6336,170838.0,INLAND
-122.3,37.91,40.0,2866.0,617.0,1305.0,589.0,3.6321,217738.0,NEAR BAY
-118.32,33.8,29.0,4317.0,1037.0,2102.0,959.0,3.1275,274290.0,<1H OCEAN
-118.41,34.04,49.0,601.0,95.0,228.0,106.0,8.0239,463164.78,<1H OCEAN
-121.94,37.34,36.0,3142.0,632.0,1372.0,560.0,5.0175,294893.02,<1H OCEAN
-117.21,32.84,34.0,2158.0,366.0,1046.0,335.0,4.5402,224133.0,NEAR OCEAN
-118.12,34.16,30.0,1762.0,416.0,940.0,398.0,2.8631,192075.0,<1H OCEAN
-119.87,36.54,34.0,1370.0,287.0,818.0,269.0,2.4044,72101.0,INLAND
-117.92,33.94,30.0,2506.0,394.0,1255.0,421.0,4.7813,208922.0,<1H OCEAN
-118.09,33.75,32.0,6239.0,974.0,2615.0,950.0,6.6188,440292.34,NEAR OCEAN
-118.28,34.0,46.0,1650.0,463.0,1992.0,458.0,2.3403,125934.0,<1H OCEAN
-119.29,36.54,18.0,2581.0,628.0,2732.0,592.0,1.8429,60320.0,INLAND
-121.92,36.55,37.0,2190.0,419.0,490.0,300.0,3.7852,365453.14,NEAR OCEAN
-118.44,34.16,35.0,3080.0,642.0,1362.0,623.0,4.1218,339030.02,<1H OCEAN
-122.26,37.84,52.0,696.0,191.0,345.0,174.0,2.6736,145849.0,NEAR BAY
-119.76,36.79,26.0,3654.0,837.0,1976.0,830.0,2.1544,75471.0,INLAND
-119.73,36.73,9.0,1621.0,428.0,678.0,394.0,2.2437,82218.0,INLAND
-118.99,35.3,33.0,2248.0,434.0,1461.0,405.0,2.9402,74865.0,INLAND
-118.2,34.02,49.0,1098.0,317.0,1411.0,301.0,2.75,140390.0,<1H OCEAN
-118.47,34.05,25.0,2689.0,719.0,1229.0,663.0,3.5909,402022.14,<1H OCEAN
-118.18,33.88,47.0,882.0,185.0,536.0,174.0,4.625,175294.0,<1H OCEAN
-117.93,33.83,30.0,1561.0,381.0,1104.0,391.0,3.375,189926.0,<1H OCEAN
-122.47,37.78,52.0,2635.0,587.0,1302.0,577.0,3.7292,404063.04,NEAR BAY
-121.73,38.0,3.0,9217.0,1522.0,3578.0,1272.0,5.0016,168054.0,INLAND
-121.97,37.25,32.0,2892.0,496.0,1193.0,492.0,6.131,340685.02,<1H OCEAN
-122.71,38.44,27.0,966.0,251.0,462.0,230.0,1.7,172647.0,<1H OCEAN
-117.72,33.62,19.0,5777.0,1261.0,1711.0,1225.0,2.7634,146860.0,<1H OCEAN
-122.46,37.72,52.0,2951.0,406.0,1115.0,397.0,6.7228,417616.25,NEAR OCEAN
-121.23,37.84,28.0,1347.0,241.0,713.0,225.0,4.0208,134806.0,INLAND
-117.53,33.88,22.0,2855.0,667.0,2453.0,624.0,3.1312,132325.0,INLAND
-117.25,32.82,23.0,6139.0,826.0,2036.0,807.0,9.5245,478921.77,NEAR OCEAN
-118.15,34.04,33.0,818.0,195.0,664.0,198.0,2.1944,167977.0,<1H OCEAN
-119.79,36.79,19.0,1524.0,448.0,960.0,386.0,1.5122,62220.0,INLAND
-122.05,37.63,5.0,3785.0,936.0,2240.0,792.0,3.2829,215544.01,NEAR BAY
-121.32,38.62,29.0,2430.0,448.0,1087.0,394.0,3.0864,131763.0,INLAND
-121.82,38.01,47.0,1265.0,254.0,587.0,247.0,2.6364,109379.0,INLAND
-122.26,38.03,25.0,2239.0,361.0,928.0,353.0,4.4474,186383.0,NEAR BAY
-118.0,33.75,26.0,1382.0,387.0,1977.0,368.0,2.7589,183846.0,<1H OCEAN
-118.07,33.85,16.0,3771.0,606.0,2196.0,564.0,7.0113,352314.06,<1H OCEAN
-121.92,37.73,24.0,1407.0,327.0,501.0,295.0,2.4821,150400.0,<1H OCEAN
-122.56,37.95,34.0,2677.0,411.0,933.0,410.0,6.1444,415216.16,NEAR OCEAN
-117.29,34.13,44.0,2337.0,563.0,1238.0,467.0,1.5156,74032.0,INLAND
-118.08,33.99,38.0,1683.0,328.0,1369.0,339.0,3.6196,163963.0,<1H OCEAN
-121.68,39.82,15.0,3996.0,748.0,1786.0,728.0,3.5189,112001.0,INLAND
-121.89,37.26,25.0,3319.0,531.0,1560.0,502.0,5.8479,273295.0,<1H OCEAN
-117.05,34.04,23.0,3967.0,766.0,1518.0,698.0,2.29,104543.0,INLAND
-117.84,33.9,24.0,1723.0,223.0,707.0,219.0,7.0352,291032.02,<1H OCEAN
-117.93,33.94,28.0,3664.0,719.0,1820.0,657.0,4.225,203482.0,<1H OCEAN
-117.94,33.78,34.0,2627.0,468.0,1409.0,450.0,4.7731,204839.0,<1H OCEAN
-117.29,35.54,35.0,7922.0,1636.0,3431.0,1329.0,3.4145,78345.0,INLAND
-116.88,33.93,37.0,1495.0,429.0,865.0,342.0,1.2188,82186.0,INLAND
-117.88,33.84,34.0,1410.0,214.0,837.0,240.0,6.1168,249389.0,<1H OCEAN
-117.49,33.99,21.0,2050.0,392.0,1153.0,336.0,4.84,146448.0,INLAND
-117.98,34.03,21.0,797.0,162.0,484.0,166.0,2.625,172987.01,<1H OCEAN
-119.23,34.19,16.0,5297.0,810.0,1489.0,667.0,6.4522,407976.29,NEAR OCEAN
-117.86,33.75,13.0,1632.0,598.0,3356.0,659.0,1.5054,165664.0,<1H OCEAN
-118.43,34.01,27.0,3133.0,1021.0,2242.0,1002.0,2.697,307827.0,<1H OCEAN
-122.31,38.01,18.0,4123.0,874.0,1895.0,772.0,3.2759,149547.0,NEAR BAY
-122.43,37.79,52.0,3486.0,847.0,1248.0,813.0,7.2623,409254.36,NEAR BAY
-118.19,33.95,42.0,1651.0,463.0,1559.0,436.0,2.3882,152805.0,<1H OCEAN
-117.11,32.91,15.0,1840.0,235.0,855.0,241.0,7.5992,327505.05,<1H OCEAN
-118.47,34.04,32.0,2909.0,748.0,1310.0,706.0,4.516,418360.28,<1H OCEAN
-122.42,37.75,52.0,2163.0,607.0,1447.0,546.0,3.3555,301874.0,NEAR BAY
-117.34,34.08,35.0,1380.0,248.0,730.0,264.0,3.2305,96870.0,INLAND
-122.06,37.99,17.0,1319.0,316.0,384.0,269.0,1.8229,154483.0,NEAR BAY
-122.06,37.54,20.0,6483.0,1068.0,3526.0,1060.0,5.0838,254530.01,NEAR BAY
-117.14,32.74,16.0,6075.0,1816.0,2592.0,1634.0,2.5553,148902.0,NEAR OCEAN
-122.07,38.0,37.0,978.0,202.0,462.0,184.0,3.625,153648.0,NEAR BAY
-122.35,40.57,18.0,2226.0,490.0,859.0,451.0,1.6821,79244.0,INLAND
-121.37,38.69,35.0,1093.0,192.0,590.0,190.0,2.7009,97967.0,INLAND
-120.19,36.6,25.0,875.0,214.0,931.0,214.0,1.5536,54838.0,INLAND
-121.28,38.03,11.0,826.0,150.0,684.0,166.0,3.9265,133248.0,INLAND
-117.51,33.95,12.0,9016.0,1486.0,4285.0,1457.0,4.9984,172742.0,INLAND
-118.36,33.88,31.0,2518.0,543.0,1107.0,508.0,4.7404,282403.0,<1H OCEAN
-122.3,37.97,35.0,1811.0,377.0,911.0,340.0,3.375,145846.0,NEAR BAY
-120.87,37.76,16.0,1174.0,249.0,601.0,242.0,1.7143,110661.0,INLAND
-115.73,33.09,27.0,452.0,103.0,258.0,61.0,2.9,85323.0,INLAND
-121.22,37.79,38.0,2152.0,451.0,1320.0,457.0,2.5025,95252.0,INLAND
-121.98,37.95,14.0,6290.0,854.0,2724.0,820.0,6.7371,281937.0,INLAND
-121.79,37.67,26.0,2163.0,339.0,947.0,346.0,6.0797,236591.0,INLAND
-117.9,33.9,18.0,3821.0,576.0,1430.0,568.0,6.9399,313483.01,<1H OCEAN
-122.04,37.85,27.0,6039.0,780.0,2181.0,761.0,9.5862,468553.65,NEAR BAY
-119.73,34.42,25.0,2024.0,312.0,907.0,335.0,5.4127,328183.0,NEAR OCEAN
-116.44,33.77,18.0,4872.0,1110.0,955.0,656.0,2.2439,139582.0,INLAND
-117.31,34.17,25.0,2795.0,596.0,1650.0,569.0,3.0078,102740.0,INLAND
-117.14,32.8,35.0,1267.0,212.0,710.0,204.0,2.5368,144344.0,NEAR OCEAN
-122.13,37.7,43.0,3046.0,557.0,1333.0,544.0,3.4583,200631.0,NEAR BAY
-122.48,38.31,29.0,2375.0,560.0,1124.0,502.0,2.3276,178983.0,<1H OCEAN
-118.37,33.88,44.0,1325.0,245.0,669.0,253.0,4.4211,318168.0,<1H OCEAN
-121.45,38.64,23.0,1481.0,343.0,1079.0,315.0,1.867,67246.0,INLAND
-122.57,38.02,33.0,9531.0,1487.0,3798.0,1409.0,5.6512,346871.0,NEAR BAY
-118.02,33.79,23.0,6368.0,1030.0,3281.0,1001.0,6.1142,310099.01,<1H OCEAN
-124.07,40.87,47.0,1765.0,326.0,796.0,333.0,2.2138,81239.0,NEAR OCEAN
-116.91,34.24,23.0,6379.0,1636.0,1350.0,568.0,1.6336,85739.0,INLAND
-117.65,33.62,15.0,2708.0,410.0,1140.0,389.0,6.2899,314031.0,<1H OCEAN
-116.94,32.81,8.0,2517.0,632.0,1686.0,613.0,2.136,127414.0,<1H OCEAN
-119.78,36.76,50.0,1343.0,322.0,1063.0,342.0,1.75,54997.0,INLAND
-122.05,38.0,16.0,1085.0,217.0,356.0,232.0,2.3462,150572.0,NEAR BAY
-122.24,37.49,30.0,2956.0,590.0,1191.0,594.0,3.7463,297059.0,NEAR OCEAN
-121.46,38.54,39.0,1453.0,324.0,843.0,281.0,1.7692,69343.0,INLAND
-117.93,33.95,31.0,3600.0,468.0,1382.0,435.0,7.4597,376488.11,<1H OCEAN
-117.96,33.69,20.0,3123.0,441.0,1319.0,432.0,6.091,295990.0,<1H OCEAN
-122.04,37.96,27.0,2587.0,729.0,1500.0,623.0,1.837,155138.0,NEAR BAY
-121.3,37.97,52.0,2259.0,417.0,766.0,385.0,2.2981,97545.0,INLAND
-121.74,37.35,34.0,440.0,90.0,217.0,93.0,5.2327,301510.05,<1H OCEAN
-121.58,39.14,52.0,662.0,160.0,520.0,149.0,0.8928,85864.0,INLAND
-119.75,36.71,38.0,1481.0,,1543.0,372.0,1.4577,49283.0,INLAND
-118.36,33.98,29.0,2861.0,816.0,1715.0,775.0,2.7712,171896.0,<1H OCEAN
-122.18,37.73,42.0,909.0,215.0,646.0,198.0,2.9063,147543.0,NEAR BAY
-122.64,38.87,16.0,1177.0,240.0,519.0,199.0,1.5739,83953.0,INLAND
-120.72,38.42,17.0,5654.0,1085.0,2237.0,953.0,3.0465,124090.0,INLAND
-118.2,33.77,24.0,2404.0,819.0,1566.0,753.0,1.5076,162862.0,NEAR OCEAN
-118.43,34.2,28.0,3386.0,,2240.0,737.0,3.0221,211677.0,<1H OCEAN
-122.74,38.44,23.0,2819.0,612.0,1644.0,546.0,2.6576,153565.0,<1H OCEAN
-118.12,33.91,35.0,620.0,122.0,381.0,124.0,3.7917,189964.0,<1H OCEAN
-118.03,33.95,37.0,1772.0,321.0,934.0,326.0,4.1471,197968.01,<1H OCEAN
-122.76,38.46,14.0,4794.0,767.0,2252.0,768.0,4.2061,208211.0,<1H OCEAN
-121.83,37.28,33.0,1115.0,250.0,1168.0,261.0,3.9009,172552.0,<1H OCEAN
-118.48,34.25,35.0,1865.0,335.0,1074.0,337.0,5.1068,226234.0,<1H OCEAN
-121.35,38.28,17.0,2756.0,557.0,1986.0,530.0,3.2234,113834.0,INLAND
-118.18,33.82,43.0,2210.0,469.0,1042.0,418.0,3.5,232989.01,NEAR OCEAN
-122.02,37.01,20.0,1005.0,138.0,345.0,129.0,10.0968,497139.95,NEAR OCEAN
-117.67,33.49,10.0,366.0,61.0,128.0,61.0,8.163,382524.13,<1H OCEAN
-117.59,34.13,10.0,20263.0,3915.0,9716.0,3744.0,3.8505,150411.0,INLAND
-117.89,34.09,35.0,1205.0,330.0,583.0,319.0,2.3971,180668.0,<1H OCEAN
-122.68,38.43,29.0,488.0,63.0,161.0,62.0,6.0774,351711.05,<1H OCEAN
-118.32,33.87,28.0,3763.0,762.0,1967.0,724.0,5.3244,287557.0,<1H OCEAN
-118.58,34.06,25.0,4440.0,693.0,1560.0,636.0,8.8666,480663.74,<1H OCEAN
-118.03,33.96,37.0,1180.0,256.0,614.0,242.0,3.117,187530.0,<1H OCEAN
-117.81,33.82,20.0,2819.0,319.0,1019.0,319.0,12.2092,489621.77,<1H OCEAN
-122.15,37.41,29.0,473.0,103.0,359.0,87.0,7.0309,429352.41,NEAR BAY
-116.87,33.57,12.0,1153.0,265.0,446.0,195.0,3.038,178419.0,INLAND
-121.72,37.7,17.0,1671.0,352.0,729.0,252.0,6.1023,223390.0,INLAND
-122.26,38.0,6.0,678.0,104.0,318.0,91.0,5.2375,245523.02,NEAR BAY
-118.25,34.14,13.0,3487.0,1131.0,3749.0,1072.0,2.1602,201606.0,<1H OCEAN
-118.4,33.86,41.0,2237.0,597.0,938.0,523.0,4.7105,418422.2,<1H OCEAN
-117.18,33.15,7.0,6225.0,1683.0,5410.0,1580.0,2.32,140760.0,<1H OCEAN
-117.33,34.12,33.0,933.0,219.0,838.0,211.0,1.3417,64465.0,INLAND
-117.98,33.68,14.0,3396.0,477.0,1542.0,472.0,7.3982,354593.0,<1H OCEAN
-122.46,37.78,52.0,2051.0,552.0,1400.0,510.0,3.2396,419318.04,NEAR BAY
-122.33,37.97,45.0,1982.0,376.0,1179.0,398.0,3.5463,137584.0,NEAR BAY
-122.31,37.56,45.0,1792.0,301.0,829.0,318.0,4.9013,322601.03,NEAR OCEAN
-118.13,33.86,45.0,1866.0,343.0,919.0,344.0,3.5833,224290.0,<1H OCEAN
-118.42,34.18,30.0,1323.0,353.0,856.0,333.0,3.3594,231036.02,<1H OCEAN
-121.52,38.9,32.0,1650.0,313.0,802.0,284.0,2.9048,103167.0,INLAND
-121.99,37.26,29.0,2718.0,365.0,982.0,339.0,7.9234,467429.36,<1H OCEAN
-120.98,37.64,39.0,2617.0,659.0,2052.0,642.0,1.6952,74204.0,INLAND
-117.87,33.92,14.0,4039.0,669.0,1905.0,670.0,6.3303,293450.05,<1H OCEAN
-117.79,33.77,23.0,3596.0,451.0,1292.0,458.0,8.5403,374471.07,<1H OCEAN
-117.96,33.73,22.0,3479.0,455.0,1454.0,488.0,6.6324,305410.01,<1H OCEAN
-121.63,37.12,17.0,1830.0,398.0,1110.0,388.0,2.4821,147606.0,<1H OCEAN
-117.89,33.77,29.0,2577.0,445.0,1849.0,470.0,4.4732,193162.0,<1H OCEAN
-118.24,34.15,7.0,2063.0,670.0,1892.0,643.0,1.7301,191313.0,<1H OCEAN
-122.06,37.96,37.0,1784.0,313.0,788.0,304.0,4.2917,184957.0,NEAR BAY
-119.85,36.76,10.0,2067.0,450.0,845.0,354.0,1.8214,66500.0,INLAND
-118.09,34.01,36.0,1465.0,363.0,1538.0,342.0,3.5469,161248.0,<1H OCEAN
-123.73,39.17,20.0,4620.0,1042.0,1745.0,794.0,2.375,123936.0,NEAR OCEAN
-121.4,36.84,40.0,2352.0,536.0,1430.0,535.0,3.0912,151283.0,INLAND
-118.21,33.8,41.0,1251.0,279.0,1053.0,278.0,3.2778,173884.0,NEAR OCEAN
-119.62,36.56,30.0,1722.0,372.0,1467.0,403.0,1.8878,56444.0,INLAND
-118.81,34.25,4.0,9147.0,1827.0,3950.0,1661.0,5.716,293287.05,<1H OCEAN
-117.1,33.0,5.0,15502.0,2613.0,7417.0,2358.0,5.9094,274313.0,<1H OCEAN
-118.38,33.86,15.0,1778.0,311.0,908.0,330.0,7.674,422366.45,<1H OCEAN
-118.31,34.04,29.0,2038.0,578.0,2070.0,570.0,2.0658,165669.0,<1H OCEAN
-121.5,38.52,37.0,2008.0,466.0,1261.0,427.0,2.2574,91117.0,INLAND
-118.0,34.13,35.0,1005.0,224.0,742.0,221.0,3.5481,172415.0,INLAND
-118.35,33.91,19.0,1949.0,559.0,1282.0,498.0,2.7813,227158.0,<1H OCEAN
-118.98,35.37,36.0,1562.0,398.0,1223.0,329.0,0.9675,50288.0,INLAND
-117.9,33.88,28.0,2696.0,346.0,947.0,356.0,9.0055,461829.57,<1H OCEAN
-121.65,39.16,16.0,5022.0,1103.0,2087.0,956.0,2.3963,94462.0,INLAND
-119.81,36.6,24.0,2246.0,462.0,1291.0,394.0,2.4006,68171.0,INLAND
-118.02,34.15,44.0,2419.0,437.0,1045.0,432.0,3.875,283459.0,INLAND
-118.09,34.7,6.0,4558.0,804.0,1543.0,563.0,2.8548,118253.0,INLAND
-118.42,34.27,37.0,1024.0,246.0,1371.0,239.0,3.225,150171.0,<1H OCEAN
-118.32,34.07,52.0,2156.0,306.0,861.0,311.0,8.8062,463788.47,<1H OCEAN
-122.46,37.73,52.0,3547.0,506.0,1276.0,491.0,8.0069,492539.91,NEAR BAY
-116.53,33.78,18.0,2547.0,463.0,411.0,214.0,2.5489,176319.0,INLAND
-120.99,39.22,16.0,1497.0,275.0,737.0,243.0,2.8942,132324.0,INLAND
-116.47,34.07,22.0,5473.0,1234.0,2581.0,1098.0,1.9375,90087.0,INLAND
-122.28,37.82,52.0,1170.0,235.0,701.0,233.0,1.6098,94686.0,NEAR BAY
-118.47,35.64,17.0,2248.0,535.0,927.0,427.0,1.3023,78519.0,INLAND
-118.26,33.97,46.0,1086.0,249.0,880.0,250.0,1.5962,99436.0,<1H OCEAN
-117.2,32.78,38.0,2662.0,498.0,1132.0,496.0,4.0057,310329.07,NEAR OCEAN
-118.55,34.28,16.0,8879.0,,3468.0,1200.0,8.1125,401111.02,<1H OCEAN
-117.86,33.84,19.0,1725.0,392.0,920.0,400.0,3.0087,201857.0,<1H OCEAN
-117.78,33.78,6.0,9792.0,1283.0,3744.0,1179.0,10.1714,459174.18,<1H OCEAN
-121.86,37.41,16.0,2938.0,589.0,1718.0,568.0,5.5073,255956.0,<1H OCEAN
-117.58,34.11,14.0,11635.0,2055.0,6443.0,2009.0,4.7547,167519.0,INLAND
-118.02,34.12,38.0,1778.0,288.0,870.0,281.0,6.5784,414709.23,INLAND
-117.08,32.93,5.0,14944.0,2490.0,6600.0,2407.0,6.0857,269335.02,<1H OCEAN
-117.62,34.02,16.0,2040.0,325.0,1207.0,324.0,5.0431,153848.0,INLAND
-117.25,32.86,27.0,2530.0,469.0,594.0,326.0,7.2821,445474.35,NEAR OCEAN
-121.32,37.96,47.0,1700.0,344.0,922.0,357.0,3.1845,114417.0,INLAND
-118.45,33.96,36.0,2723.0,547.0,1090.0,519.0,6.3267,444199.36,<1H OCEAN
-119.79,36.77,30.0,1610.0,410.0,1000.0,397.0,2.0357,63666.0,INLAND
-118.2,33.92,42.0,1411.0,314.0,1432.0,322.0,3.0871,141872.0,<1H OCEAN
-118.33,34.16,23.0,1359.0,428.0,770.0,380.0,3.4016,271941.03,<1H OCEAN
-118.24,33.89,34.0,1479.0,332.0,1166.0,322.0,2.6165,106293.0,<1H OCEAN
-115.38,32.81,35.0,1263.0,262.0,950.0,241.0,1.8958,67368.0,INLAND
-117.82,33.85,18.0,1810.0,305.0,1189.0,326.0,5.2227,240033.0,<1H OCEAN
-121.97,37.3,25.0,5463.0,1351.0,2758.0,1310.0,3.0079,202151.0,<1H OCEAN
-121.24,38.75,5.0,9137.0,1368.0,3667.0,1294.0,5.4896,218487.0,INLAND
-118.91,36.79,19.0,1616.0,324.0,187.0,80.0,3.7857,99113.0,INLAND
-121.27,37.95,43.0,557.0,165.0,573.0,144.0,1.7212,67914.0,INLAND
-122.49,37.75,52.0,2226.0,385.0,1177.0,416.0,4.8516,330874.04,NEAR OCEAN
-123.2,39.15,27.0,990.0,238.0,592.0,225.0,2.0074,121678.0,<1H OCEAN
-122.26,37.54,5.0,1649.0,388.0,779.0,376.0,6.9635,360458.09,NEAR BAY
-117.29,33.05,28.0,1146.0,338.0,672.0,292.0,3.1667,275717.07,NEAR OCEAN
-118.39,33.88,31.0,1448.0,244.0,607.0,259.0,8.1513,489187.66,<1H OCEAN
-118.24,33.99,28.0,312.0,89.0,498.0,87.0,2.4107,112120.0,<1H OCEAN
-117.92,33.77,28.0,3614.0,960.0,3282.0,889.0,3.522,177014.0,<1H OCEAN
-118.16,33.86,26.0,6607.0,1663.0,4066.0,1558.0,2.5068,175282.0,<1H OCEAN
-122.16,37.71,36.0,666.0,132.0,366.0,134.0,3.4643,170440.0,NEAR BAY
-119.67,36.82,2.0,2579.0,376.0,1133.0,342.0,4.5577,121829.0,INLAND
-122.24,37.47,40.0,1504.0,270.0,689.0,287.0,6.1244,394658.17,NEAR OCEAN
-122.6,38.11,23.0,8642.0,1294.0,3594.0,1253.0,5.3962,273593.0,<1H OCEAN
-117.61,33.63,2.0,4678.0,817.0,1970.0,712.0,6.1078,304376.01,<1H OCEAN
-118.28,33.96,23.0,1983.0,611.0,2048.0,600.0,1.5313,113416.0,<1H OCEAN
-117.89,33.85,18.0,2036.0,414.0,1292.0,380.0,3.875,195019.0,<1H OCEAN
-121.77,36.93,24.0,1943.0,447.0,1844.0,461.0,3.0192,168625.0,<1H OCEAN
-121.37,38.68,36.0,1775.0,296.0,937.0,305.0,3.1786,104283.0,INLAND
-118.26,33.85,25.0,2324.0,326.0,1087.0,328.0,5.293,250436.01,<1H OCEAN
-122.17,37.73,43.0,1473.0,371.0,1231.0,341.0,2.1587,100191.0,NEAR BAY
-122.54,37.96,44.0,1552.0,204.0,596.0,208.0,10.129,497807.97,NEAR BAY
-124.16,40.8,52.0,2416.0,618.0,1150.0,571.0,1.7308,91305.0,NEAR OCEAN
-120.45,34.66,7.0,3329.0,504.0,1462.0,452.0,4.7875,220112.02,NEAR OCEAN
-120.45,34.95,10.0,2207.0,644.0,2232.0,543.0,2.375,137336.0,<1H OCEAN
-117.17,33.34,15.0,3313.0,679.0,1022.0,564.0,2.7986,146813.0,<1H OCEAN
-118.42,34.0,33.0,1139.0,299.0,734.0,257.0,3.2708,336213.02,<1H OCEAN
-119.35,36.52,39.0,3027.0,608.0,2199.0,592.0,2.6445,71745.0,INLAND
-121.84,37.29,4.0,2937.0,648.0,1780.0,665.0,4.3851,203787.0,<1H OCEAN
-120.24,37.96,34.0,1747.0,395.0,935.0,362.0,1.625,87552.0,INLAND
-122.42,37.77,52.0,4226.0,1315.0,2619.0,1242.0,2.5755,327889.04,NEAR BAY
-117.91,33.9,27.0,829.0,114.0,383.0,133.0,9.3125,474187.55,<1H OCEAN
-121.53,38.58,33.0,4988.0,1169.0,2414.0,1075.0,1.9728,92168.0,INLAND
-121.23,37.8,11.0,2451.0,665.0,1155.0,533.0,2.2254,116167.0,INLAND
-117.65,33.58,2.0,2411.0,354.0,703.0,217.0,7.8061,343368.03,<1H OCEAN
-121.0,37.6,22.0,4412.0,925.0,3116.0,817.0,2.6899,114080.0,INLAND
-118.07,34.17,36.0,2415.0,394.0,1215.0,413.0,5.5418,357220.04,INLAND
-117.69,33.64,16.0,2592.0,372.0,1279.0,383.0,6.9741,308508.01,<1H OCEAN
-121.78,37.23,18.0,1747.0,317.0,1055.0,285.0,5.898,261223.01,<1H OCEAN
-121.85,37.4,23.0,1793.0,319.0,1145.0,310.0,5.5968,246809.0,<1H OCEAN
-121.32,37.98,20.0,1591.0,589.0,1916.0,536.0,1.3531,89381.0,INLAND
-118.16,33.84,36.0,2831.0,573.0,1462.0,569.0,3.8646,220033.0,<1H OCEAN
-118.04,34.12,44.0,2007.0,288.0,921.0,307.0,6.5989,400932.18,INLAND
-122.21,37.8,50.0,2833.0,605.0,1260.0,552.0,2.8929,158800.0,NEAR BAY
-117.8,34.05,5.0,4536.0,1178.0,2485.0,909.0,4.1118,212588.0,<1H OCEAN
-121.43,38.61,33.0,2289.0,576.0,1100.0,503.0,2.1694,94807.0,INLAND
-121.8,36.72,14.0,2493.0,407.0,1296.0,418.0,5.4508,273577.0,<1H OCEAN
-122.02,37.58,15.0,3052.0,760.0,2097.0,728.0,3.3617,222064.01,NEAR BAY
-119.32,36.19,11.0,1281.0,291.0,861.0,313.0,1.0962,55544.0,INLAND
-118.2,33.81,46.0,1388.0,254.0,742.0,241.0,4.6458,218515.0,NEAR OCEAN
-117.91,33.75,8.0,2346.0,679.0,3842.0,674.0,3.0635,174559.0,<1H OCEAN
-118.13,34.02,38.0,1243.0,310.0,788.0,286.0,2.5852,179668.0,<1H OCEAN
-118.12,34.7,7.0,4915.0,885.0,2833.0,874.0,4.3229,138995.0,INLAND
-122.41,37.75,52.0,2164.0,606.0,2034.0,513.0,2.0325,243666.01,NEAR BAY
-118.26,34.09,51.0,1532.0,366.0,669.0,333.0,3.6434,248401.0,<1H OCEAN
-122.29,37.92,36.0,1450.0,235.0,568.0,234.0,6.0,331579.03,NEAR BAY
-117.43,34.1,34.0,1345.0,265.0,834.0,290.0,3.7011,106323.0,INLAND
-117.9,33.71,16.0,4208.0,630.0,2592.0,662.0,6.1966,283072.02,<1H OCEAN
-118.43,33.9,27.0,1536.0,377.0,553.0,326.0,5.4088,410160.35,<1H OCEAN
-121.43,36.5,14.0,1835.0,468.0,1867.0,461.0,2.3879,120842.0,<1H OCEAN
-120.45,37.32,21.0,1318.0,202.0,618.0,197.0,4.8214,127942.0,INLAND
-118.25,33.93,40.0,975.0,270.0,1068.0,270.0,0.9889,91606.0,<1H OCEAN
-122.5,37.74,45.0,1771.0,349.0,1098.0,342.0,3.7552,273437.0,NEAR OCEAN
-122.04,37.95,29.0,866.0,138.0,341.0,133.0,4.7188,223059.0,NEAR BAY
-117.34,34.02,28.0,2683.0,708.0,2047.0,636.0,2.275,91641.0,INLAND
-118.26,33.9,38.0,1566.0,318.0,981.0,318.0,4.0234,152661.01,<1H OCEAN
-120.45,34.94,24.0,1702.0,447.0,1240.0,417.0,2.4091,129104.0,<1H OCEAN
-117.24,33.18,19.0,3337.0,565.0,1646.0,554.0,5.0195,244046.01,<1H OCEAN
-118.15,34.18,46.0,2230.0,488.0,1985.0,456.0,2.2328,159178.0,<1H OCEAN
-122.16,37.46,45.0,2068.0,348.0,844.0,366.0,6.227,420174.3,NEAR BAY
-117.95,33.78,9.0,3553.0,1035.0,2017.0,986.0,2.9726,186426.0,<1H OCEAN
-119.05,34.13,12.0,57.0,22.0,69.0,15.0,5.0066,310165.13,NEAR OCEAN
-118.3,33.98,44.0,1597.0,388.0,902.0,321.0,1.9556,103992.0,<1H OCEAN
-120.98,37.69,18.0,3176.0,468.0,1296.0,471.0,5.5684,198538.0,INLAND
-118.27,34.05,52.0,1292.0,864.0,2081.0,724.0,0.9563,250206.04,<1H OCEAN
-122.41,37.8,52.0,1866.0,748.0,2957.0,710.0,1.8295,237857.07,NEAR BAY
-117.98,33.99,26.0,3343.0,455.0,1429.0,457.0,7.0778,368879.03,<1H OCEAN
-121.93,37.31,26.0,2182.0,704.0,1638.0,704.0,2.8981,212480.0,<1H OCEAN
-121.44,38.61,33.0,1591.0,466.0,1000.0,418.0,1.0467,72144.0,INLAND
-118.28,34.76,19.0,3430.0,601.0,1817.0,571.0,4.7875,140441.0,INLAND
-117.02,32.79,36.0,2211.0,384.0,868.0,329.0,4.0491,165110.0,<1H OCEAN
-117.21,34.08,5.0,5749.0,1385.0,2382.0,1088.0,3.0587,110888.0,INLAND
-118.21,34.05,45.0,2146.0,607.0,2868.0,625.0,2.121,143473.0,<1H OCEAN
-121.22,37.8,37.0,1038.0,222.0,521.0,211.0,2.125,108679.0,INLAND
-122.45,37.77,52.0,2645.0,626.0,1275.0,553.0,3.35,408385.19,NEAR BAY
-121.87,37.46,43.0,91.0,12.0,58.0,16.0,15.0001,236823.06,<1H OCEAN
-118.26,34.02,38.0,980.0,285.0,1308.0,310.0,1.5652,121202.0,<1H OCEAN
-117.23,32.73,35.0,2914.0,683.0,1562.0,638.0,2.5259,237248.0,NEAR OCEAN
-118.25,34.23,41.0,1979.0,496.0,1157.0,459.0,4.4083,272345.01,<1H OCEAN
-118.15,33.78,17.0,1584.0,435.0,904.0,406.0,2.0875,148864.0,NEAR OCEAN
-117.48,33.91,22.0,3611.0,666.0,1869.0,649.0,4.2207,154747.0,INLAND
-122.06,38.26,36.0,1248.0,221.0,672.0,222.0,3.3839,120206.0,INLAND
-117.12,32.7,36.0,1011.0,253.0,763.0,226.0,1.8187,84323.0,NEAR OCEAN
-121.87,37.35,27.0,3500.0,1036.0,3019.0,955.0,2.9222,185252.0,<1H OCEAN
-118.15,33.88,24.0,4232.0,1092.0,2688.0,1035.0,2.52,176852.0,<1H OCEAN
-122.55,38.07,5.0,1495.0,235.0,555.0,201.0,6.7232,336408.09,NEAR BAY
-118.05,34.13,23.0,3264.0,729.0,1475.0,668.0,3.735,282253.0,INLAND
-119.02,35.43,39.0,2033.0,370.0,956.0,379.0,3.1736,80964.0,INLAND
-122.42,37.73,52.0,3230.0,654.0,1765.0,611.0,3.3333,249203.0,NEAR BAY
-122.53,37.97,52.0,1560.0,451.0,700.0,419.0,2.5125,215483.01,NEAR BAY
-122.21,37.78,44.0,1729.0,414.0,1240.0,393.0,2.3125,119471.0,NEAR BAY
-117.29,34.15,42.0,1811.0,345.0,856.0,352.0,2.9667,93218.0,INLAND
-117.98,33.68,24.0,4177.0,,1704.0,606.0,6.2473,276953.0,<1H OCEAN
-122.18,38.17,7.0,4093.0,651.0,2228.0,646.0,5.2523,194131.0,NEAR BAY
-117.98,33.71,24.0,3430.0,548.0,1601.0,512.0,5.6825,269251.0,<1H OCEAN
-118.34,35.27,10.0,2939.0,605.0,1167.0,446.0,2.3917,81172.0,INLAND
-121.38,38.55,23.0,2790.0,430.0,1407.0,460.0,4.3288,133034.0,INLAND
-118.32,34.09,32.0,563.0,191.0,626.0,185.0,2.0341,196315.0,<1H OCEAN
-121.5,38.58,5.0,761.0,306.0,2031.0,295.0,0.7526,157904.0,INLAND
-118.3,34.19,52.0,1704.0,277.0,746.0,262.0,4.7986,319608.03,<1H OCEAN
-116.42,33.76,14.0,16921.0,2837.0,2524.0,1262.0,7.6281,299615.0,INLAND
-118.27,34.15,14.0,1744.0,536.0,1494.0,531.0,3.2171,228906.01,<1H OCEAN
-117.98,34.1,22.0,5661.0,1209.0,5389.0,1178.0,3.7727,160801.0,INLAND
-115.64,32.8,23.0,1228.0,235.0,569.0,235.0,3.1667,77956.0,INLAND
-119.73,36.68,32.0,755.0,205.0,681.0,207.0,1.7986,60882.0,INLAND
-118.6,34.13,20.0,14291.0,1934.0,5452.0,1875.0,9.1232,487854.84,<1H OCEAN
-118.3,34.04,50.0,1757.0,522.0,2080.0,488.0,1.7225,147379.0,<1H OCEAN
-120.68,35.25,16.0,4208.0,897.0,1634.0,806.0,2.2868,219830.01,NEAR OCEAN
-122.3,37.56,36.0,1379.0,228.0,750.0,227.0,5.5381,343886.02,NEAR OCEAN
-119.25,35.77,35.0,1618.0,378.0,1449.0,398.0,1.6786,50619.0,INLAND
-122.23,37.78,52.0,472.0,146.0,415.0,126.0,2.6429,122612.0,NEAR BAY
-122.23,37.46,33.0,2643.0,464.0,1015.0,427.0,4.2232,351813.11,NEAR OCEAN
-121.57,39.76,20.0,1384.0,257.0,557.0,232.0,2.0882,83448.0,INLAND
-118.98,35.36,15.0,1482.0,338.0,1059.0,279.0,1.2617,53654.0,INLAND
-118.32,34.08,46.0,2038.0,534.0,1250.0,525.0,2.4196,239635.01,<1H OCEAN
-119.71,34.41,31.0,1034.0,319.0,997.0,308.0,2.6538,239976.0,NEAR OCEAN
-118.43,37.4,19.0,2460.0,405.0,1225.0,425.0,4.1576,140774.0,INLAND
-117.29,34.12,47.0,1648.0,432.0,1308.0,385.0,1.2069,70593.0,INLAND
-118.59,34.22,17.0,6015.0,1464.0,3056.0,1347.0,4.0077,254415.02,<1H OCEAN
-117.38,34.12,17.0,5959.0,1208.0,4115.0,1088.0,2.4053,114852.0,INLAND
-117.94,33.86,36.0,2824.0,493.0,1394.0,507.0,4.6477,207079.0,<1H OCEAN
-118.98,36.06,33.0,2043.0,443.0,1497.0,417.0,2.343,61394.0,INLAND
-118.49,34.27,33.0,3047.0,527.0,1578.0,507.0,4.58,230384.0,<1H OCEAN
-121.63,39.82,11.0,3974.0,727.0,1610.0,634.0,2.6147,96077.0,INLAND
-117.03,32.73,38.0,3174.0,606.0,1557.0,619.0,3.5861,141123.0,NEAR OCEAN
-118.32,33.79,32.0,2381.0,467.0,1264.0,488.0,4.1477,324306.0,<1H OCEAN
-122.43,37.73,52.0,1142.0,224.0,494.0,206.0,5.0602,304044.04,NEAR BAY
-121.91,36.59,31.0,2034.0,335.0,966.0,322.0,4.6964,282791.0,NEAR OCEAN
-118.21,33.94,34.0,892.0,318.0,1443.0,341.0,2.1903,143736.0,<1H OCEAN
-117.59,33.67,29.0,1223.0,215.0,633.0,204.0,6.5143,342190.22,<1H OCEAN
-118.33,33.91,39.0,1224.0,312.0,1106.0,333.0,3.3491,182859.0,<1H OCEAN
-121.64,36.8,18.0,5915.0,1000.0,2975.0,975.0,4.5812,245263.0,<1H OCEAN
-122.48,37.75,49.0,2203.0,407.0,1052.0,405.0,4.4375,330458.02,NEAR BAY
-122.42,37.8,52.0,1777.0,486.0,932.0,427.0,3.3643,482695.7,NEAR BAY
-118.39,34.17,26.0,3345.0,818.0,1599.0,773.0,3.3516,272682.01,<1H OCEAN
-121.37,38.42,18.0,2643.0,502.0,1755.0,541.0,3.3281,114119.0,INLAND
-124.14,40.78,35.0,2426.0,423.0,982.0,432.0,3.4219,91465.0,NEAR OCEAN
-118.32,33.89,34.0,2675.0,560.0,1270.0,492.0,4.5053,221750.0,<1H OCEAN
-122.41,37.75,52.0,3065.0,622.0,1405.0,606.0,3.7813,279518.0,NEAR BAY
-117.39,33.93,26.0,3014.0,494.0,1832.0,485.0,4.8333,148349.0,INLAND
-120.23,37.86,16.0,324.0,61.0,135.0,61.0,2.4615,141126.0,INLAND
-121.91,37.29,36.0,945.0,149.0,371.0,158.0,5.6266,326529.06,<1H OCEAN
-114.65,32.79,21.0,44.0,33.0,64.0,27.0,0.8571,55642.0,INLAND
-117.78,33.97,2.0,556.0,63.0,179.0,54.0,8.4411,376306.07,<1H OCEAN
-118.45,37.37,26.0,3135.0,524.0,1385.0,523.0,4.337,145512.0,INLAND
-117.85,33.61,14.0,4340.0,741.0,1505.0,670.0,7.5674,322894.04,<1H OCEAN
-122.01,36.98,47.0,2403.0,517.0,1144.0,455.0,2.5954,236934.0,NEAR OCEAN
-118.2,33.93,40.0,1929.0,417.0,1780.0,419.0,3.4402,151440.0,<1H OCEAN
-121.91,36.62,40.0,1292.0,271.0,504.0,230.0,2.475,216887.0,<1H OCEAN
-118.18,33.87,38.0,2664.0,626.0,1627.0,604.0,3.7527,170211.0,<1H OCEAN
-122.05,37.38,24.0,2424.0,501.0,1367.0,507.0,4.072,285775.01,<1H OCEAN
-118.26,34.0,37.0,2615.0,697.0,2484.0,630.0,1.9208,107907.0,<1H OCEAN
-118.19,34.02,40.0,474.0,124.0,546.0,121.0,2.3438,135555.0,<1H OCEAN
-121.21,38.75,11.0,4552.0,639.0,2006.0,623.0,4.3962,182641.0,INLAND
-117.63,33.62,9.0,4257.0,785.0,1293.0,745.0,3.7139,206604.0,<1H OCEAN
-121.71,38.72,32.0,710.0,155.0,550.0,154.0,2.8882,114013.0,INLAND
-121.88,37.67,25.0,2244.0,301.0,937.0,324.0,6.4524,276520.01,INLAND
-118.37,34.21,36.0,1392.0,326.0,1181.0,303.0,3.1563,167255.0,<1H OCEAN
-118.25,34.01,43.0,1575.0,475.0,1980.0,469.0,1.7425,106172.0,<1H OCEAN
-117.79,35.21,4.0,2.0,2.0,6.0,2.0,2.375,221745.23,INLAND
-118.24,34.03,52.0,142.0,47.0,137.0,45.0,1.8333,167588.0,<1H OCEAN
-120.99,37.66,46.0,1750.0,347.0,754.0,356.0,2.9137,112687.0,INLAND
-122.56,37.97,52.0,1833.0,324.0,735.0,306.0,4.6944,340599.05,NEAR BAY
-122.43,37.77,52.0,2416.0,620.0,1188.0,591.0,2.3887,307423.06,NEAR BAY
-121.91,37.93,13.0,1610.0,198.0,703.0,217.0,8.7059,329894.01,INLAND
-118.43,33.99,43.0,2483.0,548.0,1212.0,493.0,4.0189,348458.07,<1H OCEAN
-122.19,39.91,39.0,2467.0,529.0,1433.0,502.0,1.8571,62498.0,INLAND
-118.28,34.0,48.0,1514.0,376.0,1353.0,344.0,2.1607,116868.0,<1H OCEAN
-118.15,34.11,52.0,1000.0,192.0,363.0,158.0,4.2981,242769.0,<1H OCEAN
-121.99,36.98,40.0,1104.0,224.0,669.0,215.0,4.3409,242153.0,NEAR OCEAN
-118.87,34.2,26.0,1924.0,245.0,775.0,244.0,7.001,359788.04,<1H OCEAN
-122.5,37.74,44.0,2527.0,518.0,1434.0,444.0,3.875,283689.0,NEAR OCEAN
-122.26,37.5,24.0,2307.0,510.0,842.0,507.0,3.6111,311562.01,NEAR OCEAN
-118.95,34.17,23.0,2630.0,404.0,1184.0,385.0,5.2955,309206.07,<1H OCEAN
-122.72,38.45,41.0,1743.0,373.0,780.0,357.0,3.1467,170300.0,<1H OCEAN
-122.86,38.42,38.0,1166.0,223.0,584.0,225.0,3.6667,190700.0,<1H OCEAN
-121.79,38.67,30.0,2602.0,401.0,981.0,405.0,4.7222,180835.0,INLAND
-119.19,34.22,26.0,3175.0,736.0,2460.0,775.0,3.125,201942.0,NEAR OCEAN
-121.7,38.65,22.0,1360.0,282.0,808.0,229.0,2.4167,100159.0,INLAND
-119.68,36.81,16.0,2668.0,454.0,1536.0,457.0,3.9792,88911.0,INLAND
-121.91,36.6,35.0,2605.0,410.0,1110.0,406.0,5.5519,329024.01,NEAR OCEAN
-117.68,33.48,15.0,1786.0,299.0,727.0,293.0,5.0527,267933.05,<1H OCEAN
-121.28,38.14,38.0,2803.0,500.0,1223.0,509.0,4.119,155565.0,INLAND
-117.24,33.36,11.0,2786.0,480.0,1250.0,450.0,4.5,220898.01,<1H OCEAN
-117.13,32.96,15.0,2267.0,292.0,1180.0,289.0,6.712,279370.01,<1H OCEAN
-122.38,41.43,45.0,2245.0,448.0,1155.0,421.0,1.6509,61756.0,INLAND
-122.04,37.99,36.0,2765.0,495.0,1478.0,441.0,4.125,158369.0,NEAR BAY
-121.81,38.84,37.0,352.0,65.0,238.0,67.0,2.8542,135159.0,INLAND
-122.31,37.56,45.0,1685.0,321.0,815.0,314.0,4.2955,306947.0,NEAR OCEAN
-118.28,33.82,30.0,3615.0,760.0,2813.0,752.0,5.3849,247608.03,<1H OCEAN
-122.64,38.25,31.0,2554.0,515.0,1507.0,533.0,3.8,207975.0,<1H OCEAN
-118.27,34.16,15.0,5036.0,1299.0,3164.0,1175.0,2.9148,237127.0,<1H OCEAN
-117.06,32.71,11.0,2397.0,523.0,1566.0,514.0,3.8687,130233.0,NEAR OCEAN
-122.06,37.38,21.0,1798.0,399.0,837.0,410.0,5.6999,340158.07,NEAR BAY
-118.11,34.01,41.0,815.0,252.0,775.0,231.0,2.2847,167326.0,<1H OCEAN
-118.23,34.09,41.0,438.0,201.0,690.0,161.0,2.0476,159737.0,<1H OCEAN
-118.2,33.94,44.0,1413.0,298.0,1200.0,307.0,3.5125,161550.0,<1H OCEAN
-118.41,33.93,22.0,2514.0,605.0,1225.0,568.0,4.1818,351894.01,<1H OCEAN
-118.2,33.94,45.0,1818.0,408.0,1705.0,373.0,4.0441,162383.0,<1H OCEAN
-122.87,38.61,23.0,2676.0,521.0,1456.0,500.0,3.7361,194777.0,<1H OCEAN
-118.04,34.04,32.0,1619.0,323.0,1492.0,342.0,3.5,160144.0,<1H OCEAN
-118.38,33.81,36.0,1018.0,148.0,329.0,169.0,10.5045,500001.0,NEAR OCEAN
-118.2,34.12,41.0,1908.0,503.0,1557.0,453.0,2.9194,172962.0,<1H OCEAN
-122.36,37.92,52.0,215.0,41.0,126.0,43.0,1.3929,120545.0,NEAR BAY
-118.44,34.18,36.0,2077.0,496.0,1206.0,528.0,2.2326,214304.0,<1H OCEAN
-117.81,33.63,17.0,4477.0,610.0,1798.0,612.0,8.1093,358829.02,<1H OCEAN
-122.22,38.08,37.0,4590.0,857.0,2920.0,832.0,3.436,137249.0,NEAR BAY
-117.08,32.63,33.0,2891.0,793.0,1607.0,754.0,2.1281,138388.01,NEAR OCEAN
-122.29,40.44,30.0,1270.0,365.0,840.0,324.0,1.3904,62693.0,INLAND
-124.16,40.78,50.0,2285.0,403.0,837.0,353.0,2.5417,93024.01,NEAR OCEAN
-118.35,34.13,39.0,1610.0,278.0,511.0,278.0,4.3333,432309.19,<1H OCEAN
-122.26,37.57,23.0,7995.0,1254.0,3484.0,1198.0,6.5948,363970.11,NEAR BAY
-117.23,33.83,2.0,1424.0,251.0,681.0,192.0,4.0833,165338.0,INLAND
-122.59,38.43,20.0,2791.0,546.0,785.0,512.0,3.4561,192395.0,<1H OCEAN
-118.38,34.04,31.0,2846.0,727.0,2120.0,672.0,2.7226,252378.01,<1H OCEAN
-117.96,33.87,35.0,1972.0,367.0,1152.0,356.0,3.7222,190392.0,<1H OCEAN
-118.19,34.02,44.0,2702.0,770.0,3260.0,721.0,2.3575,144464.0,<1H OCEAN
-122.0,38.36,34.0,2735.0,539.0,1390.0,491.0,2.7262,102023.0,INLAND
-116.99,32.71,21.0,3049.0,582.0,2355.0,585.0,3.8904,152390.0,NEAR OCEAN
-121.78,37.68,17.0,3112.0,872.0,1392.0,680.0,3.0222,155762.0,INLAND
-121.26,38.68,4.0,3080.0,827.0,1195.0,683.0,2.7477,133574.0,INLAND
-117.72,33.61,26.0,2033.0,463.0,618.0,450.0,2.5685,129676.01,<1H OCEAN
-121.38,38.69,35.0,2943.0,554.0,1460.0,510.0,2.6713,110428.0,INLAND
-120.95,39.93,26.0,2023.0,385.0,922.0,365.0,2.8125,79225.0,INLAND
-122.47,37.5,18.0,2297.0,416.0,1086.0,381.0,4.875,390451.1,NEAR OCEAN
-118.02,33.76,27.0,2905.0,587.0,1781.0,561.0,4.25,201264.0,<1H OCEAN
-122.49,37.74,52.0,2189.0,433.0,1147.0,420.0,3.4583,313387.0,NEAR OCEAN
-118.19,33.97,30.0,1790.0,556.0,1827.0,520.0,1.7562,162643.0,<1H OCEAN
-118.02,33.84,35.0,3473.0,563.0,2091.0,580.0,4.4821,201286.0,<1H OCEAN
-117.31,34.04,5.0,2785.0,577.0,1310.0,536.0,3.39,126439.0,INLAND
-118.04,34.08,35.0,1148.0,258.0,975.0,253.0,4.037,177234.0,<1H OCEAN
-119.2,34.26,25.0,2203.0,367.0,1194.0,377.0,5.4087,273930.02,NEAR OCEAN
-117.99,33.84,31.0,2982.0,547.0,1895.0,570.0,4.9115,204268.0,<1H OCEAN
-118.2,34.13,52.0,2035.0,459.0,2589.0,438.0,3.5349,189100.0,<1H OCEAN
-121.85,36.6,41.0,3138.0,717.0,1890.0,642.0,2.4864,161064.0,<1H OCEAN
-118.11,34.08,42.0,3172.0,644.0,1829.0,642.0,3.3966,213694.0,<1H OCEAN
-117.97,33.83,16.0,2035.0,564.0,1118.0,503.0,3.2546,197078.0,<1H OCEAN
-117.15,32.76,37.0,1921.0,502.0,811.0,472.0,2.75,196279.0,NEAR OCEAN
-117.81,33.66,20.0,2851.0,490.0,1192.0,463.0,5.8752,285377.0,<1H OCEAN
-116.97,32.79,32.0,1255.0,338.0,782.0,302.0,2.6635,152904.0,<1H OCEAN
-122.23,37.8,51.0,1590.0,414.0,949.0,392.0,1.9028,128807.0,NEAR BAY
-119.78,36.8,34.0,3426.0,623.0,1938.0,647.0,2.8994,75806.0,INLAND
-122.01,37.53,27.0,1890.0,303.0,889.0,314.0,5.7057,267520.0,NEAR BAY
-118.89,34.22,20.0,3878.0,665.0,1651.0,591.0,5.5402,284507.0,<1H OCEAN
-124.17,40.77,30.0,1895.0,366.0,990.0,359.0,2.2227,75227.0,NEAR OCEAN
-120.96,37.67,17.0,2434.0,511.0,1558.0,546.0,2.9219,116590.0,INLAND
-122.14,37.73,52.0,2024.0,320.0,823.0,334.0,5.0,279612.08,NEAR BAY
-121.62,39.15,36.0,2321.0,455.0,1168.0,489.0,3.0962,104600.0,INLAND
-116.54,33.87,16.0,3648.0,1035.0,1687.0,581.0,1.9167,94618.0,INLAND
-118.41,34.0,35.0,684.0,161.0,381.0,159.0,2.8393,291436.01,<1H OCEAN
-118.14,33.79,23.0,2573.0,688.0,1478.0,604.0,3.4833,233111.02,NEAR OCEAN
-117.96,33.85,35.0,1175.0,191.0,568.0,186.0,4.125,205234.0,<1H OCEAN
-118.05,33.83,24.0,4316.0,678.0,2286.0,665.0,5.7018,261036.0,<1H OCEAN
-122.14,37.9,32.0,5738.0,746.0,2099.0,732.0,10.3224,496041.95,NEAR BAY
-117.95,34.09,18.0,1179.0,324.0,1296.0,331.0,2.851,167353.0,<1H OCEAN
-117.66,35.61,5.0,5735.0,932.0,2623.0,862.0,4.8494,141953.0,INLAND
-118.22,34.14,52.0,2298.0,406.0,1203.0,387.0,5.5291,343860.01,<1H OCEAN
-118.38,34.04,45.0,767.0,130.0,254.0,118.0,6.2895,421258.4,<1H OCEAN
-118.09,33.89,42.0,991.0,,717.0,219.0,4.0926,182512.0,<1H OCEAN
-121.37,38.57,16.0,3895.0,896.0,1762.0,855.0,2.6635,127058.0,INLAND
-118.39,34.17,26.0,6429.0,1611.0,2806.0,1491.0,3.1929,259347.02,<1H OCEAN
-121.38,36.85,13.0,4115.0,782.0,2903.0,747.0,3.7316,211741.0,INLAND
-122.1,37.66,36.0,1305.0,225.0,768.0,234.0,4.275,196401.0,NEAR BAY
-122.43,37.43,17.0,11999.0,2249.0,5467.0,1989.0,4.8405,407627.16,NEAR OCEAN
-117.3,33.07,16.0,3147.0,765.0,2165.0,690.0,3.5585,237692.01,NEAR OCEAN
-122.49,37.59,35.0,2683.0,475.0,1498.0,484.0,5.1282,300416.0,NEAR OCEAN
-118.31,34.05,40.0,1667.0,365.0,1161.0,384.0,3.1406,190905.0,<1H OCEAN
-118.42,34.0,45.0,1807.0,355.0,883.0,371.0,5.0357,359024.04,<1H OCEAN
-122.02,37.59,18.0,1165.0,333.0,855.0,319.0,3.6923,201202.0,NEAR BAY
-116.39,33.72,19.0,7646.0,1618.0,2496.0,1075.0,3.5569,160566.04,INLAND
-124.15,40.78,41.0,2127.0,358.0,911.0,349.0,3.1711,114085.0,NEAR OCEAN
-119.29,34.44,34.0,4314.0,878.0,2361.0,831.0,3.2279,253430.0,NEAR OCEAN
-122.17,37.73,46.0,2163.0,470.0,925.0,435.0,3.25,198667.01,NEAR BAY
-117.44,33.93,33.0,1371.0,236.0,715.0,227.0,4.375,133990.0,INLAND
-117.99,34.06,32.0,2491.0,616.0,2660.0,595.0,2.564,150228.0,INLAND
-122.29,37.81,46.0,12.0,4.0,18.0,7.0,0.4999,230880.13,NEAR BAY
-118.42,34.0,14.0,3771.0,1180.0,2355.0,978.0,3.1603,335832.02,<1H OCEAN
-121.82,37.73,47.0,127.0,23.0,51.0,21.0,4.3472,154052.0,INLAND
-122.03,37.54,16.0,4458.0,856.0,3038.0,870.0,5.0739,240644.0,NEAR BAY
-122.7,38.45,39.0,2015.0,335.0,640.0,315.0,4.1734,243770.0,<1H OCEAN
-117.31,34.14,44.0,1487.0,273.0,972.0,281.0,3.2292,101627.0,INLAND
-117.98,34.08,17.0,3640.0,830.0,3537.0,807.0,3.4784,150411.0,INLAND
-121.99,38.27,16.0,4138.0,758.0,1762.0,723.0,3.1979,132148.0,INLAND
-118.22,33.92,32.0,1263.0,333.0,1789.0,346.0,1.9957,112531.0,<1H OCEAN
-117.92,34.06,35.0,2894.0,467.0,1420.0,479.0,5.184,220087.0,<1H OCEAN
-119.85,36.97,13.0,2872.0,477.0,1607.0,481.0,4.475,107099.0,INLAND
-118.27,34.14,10.0,1060.0,332.0,1025.0,288.0,3.0074,216929.0,<1H OCEAN
-122.66,38.27,16.0,1523.0,308.0,477.0,315.0,2.1696,159010.0,<1H OCEAN
-118.48,34.04,49.0,3780.0,741.0,1435.0,690.0,4.3158,438403.34,<1H OCEAN
-117.99,33.84,34.0,2079.0,343.0,1379.0,352.0,5.103,210520.0,<1H OCEAN
-121.25,39.17,9.0,999.0,189.0,411.0,176.0,2.125,102107.0,INLAND
-117.05,32.67,32.0,4227.0,785.0,2842.0,795.0,3.9646,145190.0,NEAR OCEAN
-121.29,37.97,52.0,2995.0,555.0,1392.0,503.0,1.7794,90680.0,INLAND
-117.08,33.82,6.0,1771.0,293.0,935.0,279.0,4.065,153594.0,INLAND
-118.29,33.99,43.0,1902.0,398.0,1153.0,363.0,1.9375,100973.0,<1H OCEAN
-121.06,39.22,52.0,1749.0,422.0,837.0,391.0,2.325,108155.0,INLAND
-118.38,33.96,44.0,2395.0,458.0,1287.0,450.0,4.6923,324645.0,<1H OCEAN
-117.18,32.78,21.0,4185.0,1018.0,3122.0,993.0,3.0481,209436.0,NEAR OCEAN
-118.14,34.01,46.0,1746.0,447.0,1296.0,392.0,2.3929,171326.0,<1H OCEAN
-122.34,37.59,44.0,1395.0,269.0,736.0,288.0,5.6206,348281.07,NEAR OCEAN
-121.8,37.69,17.0,3956.0,639.0,2222.0,662.0,5.4324,216885.0,INLAND
-122.58,38.08,27.0,10839.0,1637.0,4406.0,1623.0,5.615,295498.0,NEAR BAY
-122.22,38.1,38.0,931.0,181.0,566.0,207.0,3.0221,137059.0,NEAR BAY
-118.04,34.1,39.0,2302.0,412.0,1590.0,406.0,4.8017,266145.0,INLAND
-118.21,33.83,38.0,793.0,193.0,601.0,187.0,2.8837,174790.0,NEAR OCEAN
-118.27,34.24,30.0,2180.0,369.0,1050.0,390.0,6.3688,349514.08,<1H OCEAN
-119.12,36.05,27.0,1575.0,321.0,1063.0,317.0,2.1477,62717.0,INLAND
-118.11,33.75,24.0,1608.0,314.0,592.0,314.0,5.0926,392885.27,NEAR OCEAN
-117.94,33.67,26.0,2552.0,314.0,925.0,323.0,8.1839,364093.08,<1H OCEAN
-118.54,34.28,18.0,5481.0,780.0,2477.0,764.0,6.7248,318158.05,<1H OCEAN
-122.04,37.35,28.0,3250.0,485.0,1328.0,473.0,7.4729,421131.21,<1H OCEAN
-121.99,37.36,32.0,1754.0,324.0,917.0,330.0,4.6761,251204.0,<1H OCEAN
-117.39,34.04,27.0,2919.0,549.0,1841.0,564.0,2.8682,106482.0,INLAND
-122.23,37.79,43.0,5963.0,1344.0,4367.0,1231.0,2.1917,190106.01,NEAR BAY
-121.54,38.58,30.0,4648.0,1252.0,2524.0,1089.0,1.3177,94280.0,INLAND
-118.29,34.02,21.0,1641.0,491.0,1526.0,453.0,2.087,133971.0,<1H OCEAN
-117.87,33.83,27.0,2287.0,,1140.0,351.0,5.6163,277332.02,<1H OCEAN
-118.17,34.03,31.0,1014.0,252.0,1064.0,247.0,2.4167,142140.0,<1H OCEAN
-121.24,38.78,11.0,1851.0,352.0,1049.0,369.0,3.5288,141512.0,INLAND
-118.13,34.13,39.0,2099.0,397.0,1500.0,380.0,4.8304,257742.04,<1H OCEAN
-117.09,32.76,29.0,1650.0,496.0,882.0,445.0,2.2287,142408.0,NEAR OCEAN
-120.84,35.32,17.0,4197.0,802.0,1656.0,732.0,3.526,263424.0,NEAR OCEAN
-121.85,37.26,16.0,2312.0,303.0,1158.0,295.0,7.4323,352730.06,<1H OCEAN
-117.18,32.95,4.0,19001.0,2688.0,8980.0,2441.0,6.3237,289694.01,<1H OCEAN
-116.45,33.8,9.0,5534.0,1206.0,2283.0,1008.0,3.6161,142353.02,INLAND
-117.25,33.0,14.0,2518.0,458.0,931.0,414.0,5.8393,373620.19,NEAR OCEAN
-122.13,37.68,43.0,1676.0,340.0,924.0,328.0,3.6,178161.0,NEAR BAY
-121.94,37.34,42.0,2174.0,420.0,1304.0,464.0,3.1429,231020.0,<1H OCEAN
-121.86,37.66,22.0,3634.0,664.0,1699.0,640.0,4.1597,217087.0,INLAND
-117.76,34.06,30.0,1700.0,504.0,1719.0,459.0,2.227,114379.0,INLAND
-117.02,32.7,22.0,2756.0,516.0,1849.0,486.0,4.1837,144273.0,NEAR OCEAN
-124.01,40.97,21.0,1513.0,319.0,943.0,301.0,3.538,116751.0,<1H OCEAN
-122.94,38.49,37.0,3169.0,719.0,777.0,344.0,2.7072,150459.0,<1H OCEAN
-117.26,33.19,4.0,2342.0,595.0,1518.0,545.0,2.9469,186039.0,NEAR OCEAN
-117.59,34.02,14.0,1463.0,261.0,881.0,245.0,4.7857,152244.0,INLAND
-122.19,37.82,32.0,1835.0,264.0,635.0,263.0,8.317,416334.06,NEAR BAY
-122.44,37.75,52.0,3114.0,637.0,1144.0,591.0,4.0,353702.01,NEAR BAY
-118.28,34.01,46.0,441.0,167.0,621.0,144.0,1.8824,117148.0,<1H OCEAN
-117.15,32.72,51.0,1321.0,,781.0,499.0,1.3071,156542.0,NEAR OCEAN
-122.43,37.72,50.0,2912.0,562.0,1989.0,537.0,3.6667,245445.0,NEAR BAY
-117.86,34.24,52.0,803.0,267.0,628.0,225.0,4.1932,223851.0,INLAND
-121.45,37.72,2.0,2239.0,321.0,766.0,219.0,5.75,204130.0,INLAND
-118.67,34.27,15.0,3221.0,659.0,1390.0,607.0,3.5313,205809.0,<1H OCEAN
-118.32,34.09,44.0,2666.0,,2297.0,726.0,1.676,214460.01,<1H OCEAN
-122.2,37.88,36.0,1065.0,160.0,398.0,155.0,7.7736,421027.16,NEAR BAY
-117.07,32.69,29.0,1429.0,293.0,1091.0,317.0,3.4609,123586.0,NEAR OCEAN
-120.9,39.95,20.0,1349.0,238.0,601.0,203.0,3.5417,101184.0,INLAND
-118.48,34.26,36.0,1770.0,296.0,938.0,304.0,5.749,258693.0,<1H OCEAN
-118.54,34.22,34.0,2193.0,513.0,1299.0,497.0,3.6187,218977.0,<1H OCEAN
-121.84,37.66,13.0,13182.0,2074.0,4847.0,1950.0,5.6417,240706.0,INLAND
-119.69,36.38,25.0,1688.0,302.0,879.0,277.0,3.3214,92093.0,INLAND
-118.11,33.92,32.0,1016.0,190.0,729.0,177.0,4.3,184350.0,<1H OCEAN
-120.69,36.84,18.0,902.0,195.0,771.0,174.0,2.2083,80098.0,INLAND
-118.23,33.76,21.0,49.0,14.0,29.0,16.0,5.0,318864.09,NEAR OCEAN
-122.27,37.78,45.0,1169.0,263.0,723.0,286.0,3.9444,224250.02,NEAR BAY
-117.72,33.53,14.0,1672.0,295.0,704.0,293.0,5.1129,295191.05,<1H OCEAN
-117.18,32.69,37.0,3112.0,716.0,1304.0,674.0,3.2121,330679.12,NEAR OCEAN
-119.78,36.31,14.0,1287.0,291.0,737.0,269.0,3.1667,81739.0,INLAND
-122.22,37.77,40.0,494.0,114.0,547.0,135.0,2.8015,124684.0,NEAR BAY
-119.56,36.1,25.0,1093.0,262.0,893.0,252.0,2.13,61798.0,INLAND
-118.27,34.0,43.0,1258.0,381.0,1276.0,358.0,1.8917,106898.0,<1H OCEAN
-121.79,38.01,17.0,4032.0,814.0,1749.0,618.0,3.1728,145107.0,INLAND
-118.49,34.01,28.0,651.0,252.0,333.0,174.0,1.9722,292891.0,<1H OCEAN
-121.77,37.68,44.0,495.0,112.0,277.0,109.0,2.6667,150952.0,INLAND
-118.39,34.28,24.0,4694.0,820.0,3566.0,777.0,4.4818,212936.0,<1H OCEAN
-118.02,33.83,26.0,3616.0,892.0,2257.0,821.0,3.1497,198250.0,<1H OCEAN
-118.21,33.79,44.0,121.0,29.0,153.0,30.0,2.1964,159102.03,NEAR OCEAN
-121.44,38.58,42.0,2334.0,435.0,892.0,446.0,3.0208,99678.0,INLAND
-117.86,33.87,19.0,1591.0,279.0,891.0,237.0,5.6573,260151.0,<1H OCEAN
-118.35,34.08,52.0,2877.0,721.0,1186.0,704.0,3.2645,338990.09,<1H OCEAN
-122.38,40.54,36.0,1216.0,240.0,647.0,228.0,2.6944,96283.0,INLAND
-119.79,34.44,25.0,1479.0,314.0,977.0,309.0,4.1797,286008.03,NEAR OCEAN
-121.27,37.96,52.0,583.0,114.0,310.0,93.0,2.5625,94402.0,INLAND
-120.02,39.24,32.0,1347.0,444.0,825.0,303.0,1.8269,98168.0,INLAND
-120.15,39.2,14.0,1382.0,242.0,141.0,66.0,4.1016,177970.01,INLAND
-118.31,33.88,32.0,2421.0,671.0,1491.0,587.0,3.5644,237439.0,<1H OCEAN
-117.99,34.0,26.0,2988.0,397.0,1371.0,415.0,6.6988,331763.03,<1H OCEAN
-122.0,38.23,1.0,2062.0,343.0,872.0,268.0,5.2636,173545.0,INLAND
-122.07,37.91,28.0,1731.0,295.0,810.0,295.0,5.0391,264429.05,NEAR BAY
-117.42,34.1,18.0,3977.0,809.0,2231.0,742.0,4.1399,133300.0,INLAND
-118.14,34.01,42.0,1973.0,510.0,1841.0,502.0,2.5326,166868.0,<1H OCEAN
-118.46,34.42,25.0,2988.0,525.0,1884.0,513.0,4.7007,202205.0,<1H OCEAN
-117.31,34.44,10.0,1731.0,299.0,1056.0,312.0,3.6007,121119.0,INLAND
-121.89,37.67,19.0,2034.0,288.0,852.0,295.0,6.5285,301617.0,INLAND
-117.21,33.95,5.0,8403.0,1240.0,3962.0,1150.0,5.2174,174956.0,INLAND
-121.65,39.32,40.0,812.0,154.0,374.0,142.0,2.7891,95979.0,INLAND
-118.18,33.82,52.0,2618.0,472.0,943.0,440.0,3.7895,254170.01,NEAR OCEAN
-117.83,33.77,26.0,4931.0,853.0,2249.0,818.0,4.275,246678.0,<1H OCEAN
-117.2,32.85,26.0,2298.0,549.0,980.0,555.0,2.4207,217245.0,NEAR OCEAN
-122.32,37.92,28.0,4649.0,977.0,2606.0,953.0,3.2674,246922.09,NEAR BAY
-118.36,34.17,44.0,2295.0,560.0,1543.0,528.0,2.3851,222412.01,<1H OCEAN
-118.38,33.84,25.0,5775.0,1149.0,2637.0,1117.0,5.4968,355393.02,<1H OCEAN
-122.08,37.37,29.0,1229.0,,707.0,194.0,7.1108,450553.49,NEAR BAY
-117.7,33.57,9.0,1204.0,355.0,469.0,293.0,3.6196,275820.17,<1H OCEAN
-121.88,37.4,9.0,6751.0,,4240.0,1438.0,5.34,243448.01,<1H OCEAN
-121.43,39.18,36.0,1124.0,184.0,504.0,171.0,2.1667,84094.0,INLAND
-117.32,33.22,15.0,4784.0,1039.0,1810.0,986.0,2.4375,145975.0,NEAR OCEAN
-117.32,34.19,6.0,1068.0,182.0,999.0,188.0,4.7222,138579.0,INLAND
-118.01,33.88,19.0,1434.0,391.0,1088.0,341.0,3.369,181154.0,<1H OCEAN
-118.16,33.78,52.0,3248.0,853.0,1819.0,815.0,3.1739,285536.03,NEAR OCEAN
-118.29,34.18,10.0,4292.0,1075.0,2719.0,987.0,3.6974,246207.0,<1H OCEAN
-119.14,34.17,16.0,1593.0,353.0,836.0,357.0,2.726,268161.05,NEAR OCEAN
-118.25,33.89,41.0,1476.0,286.0,1086.0,278.0,2.4632,98771.0,<1H OCEAN
-121.07,39.05,10.0,1813.0,311.0,827.0,287.0,3.6087,160200.0,INLAND
-120.71,37.39,40.0,680.0,160.0,785.0,175.0,2.6058,102932.0,INLAND
-117.16,32.73,52.0,1682.0,617.0,873.0,534.0,2.0972,169900.0,NEAR OCEAN
-121.34,38.57,14.0,5737.0,1008.0,2731.0,983.0,4.4602,157436.0,INLAND
-117.24,32.8,18.0,2205.0,661.0,874.0,580.0,3.8018,253304.01,NEAR OCEAN
-116.57,35.43,8.0,9975.0,1743.0,6835.0,1439.0,2.7138,85517.0,INLAND
-117.96,33.75,22.0,2300.0,539.0,1625.0,542.0,2.78,184949.0,<1H OCEAN
-121.83,37.34,26.0,1848.0,339.0,1952.0,327.0,4.087,163670.01,<1H OCEAN
-118.29,34.09,52.0,1272.0,322.0,984.0,353.0,1.9063,208919.0,<1H OCEAN
-120.94,40.14,31.0,3127.0,664.0,1345.0,580.0,1.5774,67072.0,INLAND
-117.97,33.82,26.0,2335.0,504.0,1121.0,502.0,2.9891,206495.0,<1H OCEAN
-122.43,37.8,52.0,2994.0,821.0,1240.0,779.0,3.3715,481057.72,NEAR BAY
-117.85,34.0,26.0,2712.0,402.0,1389.0,377.0,5.6513,253480.0,<1H OCEAN
-117.85,33.81,26.0,4186.0,767.0,2447.0,777.0,4.9917,235664.0,<1H OCEAN
-122.49,38.32,30.0,1631.0,284.0,788.0,284.0,3.3098,184621.0,<1H OCEAN
-118.51,34.16,23.0,11154.0,1995.0,4076.0,1809.0,5.4609,380927.26,<1H OCEAN
-119.99,38.88,17.0,2807.0,529.0,675.0,251.0,2.7457,119549.0,INLAND
-118.32,34.2,36.0,759.0,136.0,372.0,135.0,4.9886,240027.01,<1H OCEAN
-118.09,33.82,36.0,2219.0,393.0,1042.0,396.0,5.2299,236305.0,<1H OCEAN
-122.08,37.63,37.0,1793.0,364.0,1534.0,346.0,3.6458,165359.0,NEAR BAY
-121.25,37.92,19.0,2109.0,427.0,1742.0,426.0,2.4097,96912.0,INLAND
-117.69,33.53,17.0,5041.0,778.0,2396.0,801.0,6.0868,283880.0,<1H OCEAN
-117.99,33.72,26.0,1787.0,275.0,801.0,270.0,5.5514,244065.0,<1H OCEAN
-118.15,34.0,32.0,3218.0,739.0,2368.0,730.0,3.1406,215422.0,<1H OCEAN
-121.0,35.94,16.0,3077.0,628.0,1479.0,536.0,3.3724,178876.0,<1H OCEAN
-117.14,33.23,11.0,4068.0,829.0,918.0,500.0,3.1272,216526.0,<1H OCEAN
-118.31,34.1,40.0,4984.0,2158.0,4828.0,2028.0,1.6903,250040.05,<1H OCEAN
-117.71,33.62,22.0,2520.0,387.0,1338.0,391.0,5.8898,281955.02,<1H OCEAN
-117.84,34.11,17.0,3499.0,621.0,1911.0,621.0,4.8894,206248.0,INLAND
-122.08,37.08,35.0,1541.0,297.0,791.0,277.0,4.425,238040.02,NEAR OCEAN
-118.43,34.17,37.0,1982.0,331.0,794.0,340.0,5.9275,372739.06,<1H OCEAN
-117.64,33.68,4.0,5687.0,970.0,2677.0,938.0,6.5069,298410.0,<1H OCEAN
-118.27,33.86,29.0,2587.0,489.0,2115.0,475.0,3.7466,184824.0,<1H OCEAN
-117.05,33.01,17.0,3430.0,425.0,1468.0,433.0,10.6186,457432.47,<1H OCEAN
-118.17,33.94,17.0,1145.0,209.0,499.0,202.0,4.6389,185237.0,<1H OCEAN
-122.28,37.8,52.0,96.0,31.0,191.0,34.0,0.75,183927.09,NEAR BAY
-122.28,37.53,15.0,5417.0,1199.0,2593.0,1098.0,4.8047,342055.17,NEAR OCEAN
-118.47,34.05,22.0,5215.0,1193.0,2048.0,1121.0,4.7009,454645.51,<1H OCEAN
-122.28,37.54,24.0,5114.0,1357.0,3169.0,1268.0,3.9699,303097.02,NEAR OCEAN
-122.03,37.35,25.0,3095.0,514.0,1251.0,507.0,5.5388,330365.0,<1H OCEAN
-117.24,32.81,33.0,1588.0,289.0,683.0,301.0,5.4103,350286.29,NEAR OCEAN
-122.29,37.89,52.0,3171.0,698.0,1498.0,696.0,3.1795,244559.0,NEAR BAY
-118.87,34.23,14.0,4242.0,746.0,1858.0,689.0,6.0145,350924.07,<1H OCEAN
-119.45,35.07,45.0,973.0,183.0,500.0,177.0,2.6389,85412.0,INLAND
-121.64,37.85,22.0,1999.0,415.0,967.0,320.0,4.4583,190354.0,INLAND
-120.01,34.54,30.0,2992.0,609.0,1288.0,465.0,3.9375,264243.01,NEAR OCEAN
-117.26,33.05,14.0,2323.0,373.0,1057.0,372.0,6.2513,308868.01,NEAR OCEAN
-122.31,38.32,35.0,3997.0,762.0,2074.0,703.0,3.285,150356.0,NEAR BAY
-119.35,36.33,14.0,1195.0,220.0,568.0,229.0,3.1486,91826.0,INLAND
-117.8,33.78,17.0,4138.0,805.0,2442.0,780.0,4.7804,209239.0,<1H OCEAN
-116.51,33.94,12.0,3369.0,780.0,1315.0,584.0,1.7388,85938.0,INLAND
-121.32,37.95,40.0,964.0,230.0,742.0,209.0,1.2625,66841.0,INLAND
-119.08,35.39,10.0,6435.0,1040.0,3242.0,1030.0,5.575,159126.0,INLAND
-116.96,32.79,17.0,5236.0,1325.0,3308.0,1233.0,2.3221,136915.0,<1H OCEAN
-118.21,34.11,32.0,2759.0,499.0,1661.0,533.0,4.3812,247864.04,<1H OCEAN
-117.8,33.68,8.0,2032.0,349.0,862.0,340.0,6.9133,310232.01,<1H OCEAN
-121.6,39.75,19.0,2888.0,591.0,984.0,499.0,1.9766,79306.0,INLAND
-117.3,34.1,44.0,589.0,130.0,504.0,137.0,1.775,66523.0,INLAND
-118.34,33.95,33.0,1923.0,459.0,1412.0,361.0,5.4359,251429.01,<1H OCEAN
-122.45,37.74,46.0,6429.0,1093.0,2535.0,1109.0,5.0887,381240.1,NEAR BAY
-121.76,36.91,23.0,1276.0,437.0,1359.0,376.0,1.9609,146756.0,<1H OCEAN
-118.33,34.04,52.0,2545.0,401.0,1004.0,372.0,3.6373,205799.01,<1H OCEAN
-122.54,37.7,36.0,3988.0,732.0,1793.0,708.0,4.2472,303118.0,NEAR OCEAN
-117.57,34.13,5.0,6135.0,879.0,2795.0,781.0,5.9369,218306.0,INLAND
-118.19,34.08,38.0,1241.0,298.0,1055.0,263.0,2.3409,149094.0,<1H OCEAN
-118.24,34.12,34.0,80.0,26.0,125.0,35.0,0.8907,256712.1,<1H OCEAN
-121.29,37.89,26.0,161.0,27.0,1542.0,30.0,5.7485,219337.0,INLAND
-122.43,37.66,43.0,1769.0,387.0,1102.0,377.0,4.5493,261131.0,NEAR OCEAN
-122.72,38.88,29.0,2781.0,,890.0,310.0,1.9906,94621.0,INLAND
-117.31,33.75,19.0,3173.0,678.0,2204.0,606.0,2.1484,130651.01,<1H OCEAN
-121.68,37.98,19.0,3388.0,599.0,1707.0,575.0,3.6411,149559.0,INLAND
-117.11,32.9,16.0,2043.0,388.0,705.0,352.0,4.4766,176121.0,<1H OCEAN
-117.64,34.08,37.0,2576.0,468.0,1284.0,428.0,3.3958,127766.0,INLAND
-122.1,37.61,35.0,2361.0,458.0,1727.0,467.0,4.5281,196800.0,NEAR BAY
-117.89,34.11,27.0,2434.0,535.0,1623.0,498.0,3.6875,168228.0,<1H OCEAN
-117.89,34.13,34.0,2159.0,386.0,1443.0,385.0,4.1995,170624.01,<1H OCEAN
-121.21,37.5,34.0,294.0,49.0,147.0,47.0,3.0,168710.0,INLAND
-120.85,37.78,15.0,3553.0,659.0,1684.0,611.0,3.3169,133703.0,INLAND
-117.93,34.08,36.0,1597.0,285.0,901.0,272.0,4.3947,189457.0,<1H OCEAN
-120.22,38.05,14.0,3803.0,689.0,1129.0,477.0,2.7188,121235.0,INLAND
-117.21,32.75,15.0,1716.0,702.0,914.0,672.0,1.0612,164492.01,NEAR OCEAN
-118.16,33.92,44.0,1368.0,277.0,899.0,271.0,3.5938,176675.0,<1H OCEAN
-119.2,34.18,22.0,6465.0,1397.0,2694.0,1370.0,2.9832,212817.01,NEAR OCEAN
-119.89,36.64,34.0,1422.0,237.0,716.0,222.0,2.975,81528.0,INLAND
-122.16,37.79,22.0,12842.0,2048.0,4985.0,1967.0,5.9849,300039.02,NEAR BAY
-118.4,34.03,36.0,1831.0,296.0,871.0,269.0,8.1484,498472.92,<1H OCEAN
-119.63,36.33,14.0,2928.0,600.0,1633.0,559.0,1.8385,63916.0,INLAND
-118.29,33.88,32.0,2307.0,493.0,1754.0,528.0,4.317,211405.0,<1H OCEAN
-122.48,37.57,34.0,4648.0,806.0,2282.0,814.0,4.5556,371024.04,NEAR OCEAN
-122.11,39.82,27.0,1065.0,214.0,508.0,198.0,2.625,82636.0,INLAND
-117.29,33.72,19.0,2248.0,427.0,1207.0,368.0,2.817,145030.0,<1H OCEAN
-118.24,33.99,33.0,885.0,294.0,1270.0,282.0,2.1615,111536.0,<1H OCEAN
-119.72,34.44,43.0,1781.0,342.0,663.0,358.0,4.7,362521.21,<1H OCEAN
-117.91,33.63,30.0,2071.0,412.0,1081.0,412.0,4.9125,323586.09,<1H OCEAN
-118.56,34.19,36.0,2600.0,441.0,1246.0,426.0,4.1111,224833.0,<1H OCEAN
